[15Jun2025 17:05:10.801] [main/INFO] [cpw.mods.modlauncher.Launcher/MODLAUNCHER]: ModLauncher running: args [--launchTarget, forgeserver, --fml.forgeVersion, 47.3.7, --fml.mcVersion, 1.20.1, --fml.forgeGroup, net.minecraftforge, --fml.mcpVersion, 20230612.114412, nogui]
[15Jun2025 17:05:10.806] [main/INFO] [cpw.mods.modlauncher.Launcher/MODLAUNCHER]: ModLauncher 10.0.9+10.0.9+main.dcd20f30 starting: java version 17.0.15 by Ubuntu; OS Linux arch amd64 version 6.8.0-1027-azure
[15Jun2025 17:05:10.834] [main/DEBUG] [cpw.mods.modlauncher.LaunchServiceHandler/MODLAUNCHER]: Found launch services [fmlclientdev,forgeclient,minecraft,forgegametestserverdev,fmlserveruserdev,fmlclient,fmldatauserdev,forgeserverdev,forgeserveruserdev,forgeclientdev,forgeclientuserdev,forgeserver,forgedatadev,fmlserver,fmlclientuserdev,fmlserverdev,forgedatauserdev,testharness,forgegametestserveruserdev]
[15Jun2025 17:05:10.846] [main/DEBUG] [cpw.mods.modlauncher.NameMappingServiceHandler/MODLAUNCHER]: Found naming services : [srgtomcp]
[15Jun2025 17:05:10.862] [main/DEBUG] [cpw.mods.modlauncher.LaunchPluginHandler/MODLAUNCHER]: Found launch plugins: [mixin,eventbus,slf4jfixer,object_holder_definalize,runtime_enum_extender,capability_token_subclass,accesstransformer,runtimedistcleaner]
[15Jun2025 17:05:10.873] [main/DEBUG] [cpw.mods.modlauncher.TransformationServicesHandler/MODLAUNCHER]: Discovering transformation services
[15Jun2025 17:05:10.878] [main/DEBUG] [net.minecraftforge.fml.loading.FMLPaths/CORE]: Path GAMEDIR is /workspaces/peneever/servidor_minecraft
[15Jun2025 17:05:10.879] [main/DEBUG] [net.minecraftforge.fml.loading.FMLPaths/CORE]: Path MODSDIR is /workspaces/peneever/servidor_minecraft/mods
[15Jun2025 17:05:10.879] [main/DEBUG] [net.minecraftforge.fml.loading.FMLPaths/CORE]: Path CONFIGDIR is /workspaces/peneever/servidor_minecraft/config
[15Jun2025 17:05:10.879] [main/DEBUG] [net.minecraftforge.fml.loading.FMLPaths/CORE]: Path FMLCONFIG is /workspaces/peneever/servidor_minecraft/config/fml.toml
[15Jun2025 17:05:11.807] [main/DEBUG] [cpw.mods.modlauncher.TransformationServicesHandler/MODLAUNCHER]: Found additional transformation services from discovery services: 
[15Jun2025 17:05:11.812] [main/INFO] [net.minecraftforge.fml.loading.ImmediateWindowHandler/]: ImmediateWindowProvider not loading because launch target is forgeserver
[15Jun2025 17:05:11.819] [main/DEBUG] [cpw.mods.modlauncher.TransformationServicesHandler/MODLAUNCHER]: Found transformer services : [mixin,fml]
[15Jun2025 17:05:11.819] [main/DEBUG] [cpw.mods.modlauncher.TransformationServicesHandler/MODLAUNCHER]: Transformation services loading
[15Jun2025 17:05:11.820] [main/DEBUG] [cpw.mods.modlauncher.TransformationServiceDecorator/MODLAUNCHER]: Loading service mixin
[15Jun2025 17:05:11.820] [main/DEBUG] [cpw.mods.modlauncher.TransformationServiceDecorator/MODLAUNCHER]: Loaded service mixin
[15Jun2025 17:05:11.820] [main/DEBUG] [cpw.mods.modlauncher.TransformationServiceDecorator/MODLAUNCHER]: Loading service fml
[15Jun2025 17:05:11.821] [main/DEBUG] [net.minecraftforge.fml.loading.LauncherVersion/CORE]: Found FMLLauncher version 1.0
[15Jun2025 17:05:11.821] [main/DEBUG] [net.minecraftforge.fml.loading.FMLLoader/CORE]: FML 1.0 loading
[15Jun2025 17:05:11.822] [main/DEBUG] [net.minecraftforge.fml.loading.FMLLoader/CORE]: FML found ModLauncher version : 10.0.9+10.0.9+main.dcd20f30
[15Jun2025 17:05:11.822] [main/DEBUG] [net.minecraftforge.fml.loading.FMLLoader/CORE]: FML found AccessTransformer version : 8.0.4+66+master.c09db6d7
[15Jun2025 17:05:11.822] [main/DEBUG] [net.minecraftforge.fml.loading.FMLLoader/CORE]: FML found EventBus version : 6.0.5+6.0.5+master.eb8e549b
[15Jun2025 17:05:11.822] [main/DEBUG] [net.minecraftforge.fml.loading.FMLLoader/CORE]: Found Runtime Dist Cleaner
[15Jun2025 17:05:11.824] [main/DEBUG] [net.minecraftforge.fml.loading.FMLLoader/CORE]: FML found CoreMod version : 5.1.6
[15Jun2025 17:05:11.824] [main/DEBUG] [net.minecraftforge.fml.loading.FMLLoader/CORE]: Found ForgeSPI package implementation version 7.0.1+7.0.1+master.d2b38bf6
[15Jun2025 17:05:11.824] [main/DEBUG] [net.minecraftforge.fml.loading.FMLLoader/CORE]: Found ForgeSPI package specification 5
[15Jun2025 17:05:11.824] [main/DEBUG] [cpw.mods.modlauncher.TransformationServiceDecorator/MODLAUNCHER]: Loaded service fml
[15Jun2025 17:05:11.825] [main/DEBUG] [cpw.mods.modlauncher.TransformationServicesHandler/MODLAUNCHER]: Configuring option handling for services
[15Jun2025 17:05:11.830] [main/DEBUG] [cpw.mods.modlauncher.TransformationServicesHandler/MODLAUNCHER]: Transformation services initializing
[15Jun2025 17:05:11.831] [main/DEBUG] [cpw.mods.modlauncher.TransformationServiceDecorator/MODLAUNCHER]: Initializing transformation service mixin
[15Jun2025 17:05:11.843] [main/DEBUG] [mixin/]: MixinService [ModLauncher] was successfully booted in cpw.mods.cl.ModuleClassLoader@7b69c6ba
[15Jun2025 17:05:11.866] [main/INFO] [mixin/]: SpongePowered MIXIN Subsystem Version=0.8.5 Source=union:/workspaces/peneever/servidor_minecraft/libraries/org/spongepowered/mixin/0.8.5/mixin-0.8.5.jar%2363!/ Service=ModLauncher Env=SERVER
[15Jun2025 17:05:11.869] [main/DEBUG] [mixin/]: Initialising Mixin Platform Manager
[15Jun2025 17:05:11.870] [main/DEBUG] [mixin/]: Adding mixin platform agents for container ModLauncher Root Container(ModLauncher:4f56a0a2)
[15Jun2025 17:05:11.870] [main/DEBUG] [mixin/]: Instancing new MixinPlatformAgentMinecraftForge for ModLauncher Root Container(ModLauncher:4f56a0a2)
[15Jun2025 17:05:11.871] [main/DEBUG] [mixin/]: MixinPlatformAgentMinecraftForge rejected container ModLauncher Root Container(ModLauncher:4f56a0a2)
[15Jun2025 17:05:11.871] [main/DEBUG] [mixin/]: Instancing new MixinPlatformAgentDefault for ModLauncher Root Container(ModLauncher:4f56a0a2)
[15Jun2025 17:05:11.872] [main/DEBUG] [mixin/]: MixinPlatformAgentDefault accepted container ModLauncher Root Container(ModLauncher:4f56a0a2)
[15Jun2025 17:05:11.875] [main/DEBUG] [cpw.mods.modlauncher.TransformationServiceDecorator/MODLAUNCHER]: Initialized transformation service mixin
[15Jun2025 17:05:11.875] [main/DEBUG] [cpw.mods.modlauncher.TransformationServiceDecorator/MODLAUNCHER]: Initializing transformation service fml
[15Jun2025 17:05:11.875] [main/DEBUG] [net.minecraftforge.fml.loading.FMLServiceProvider/CORE]: Setting up basic FML game directories
[15Jun2025 17:05:11.876] [main/DEBUG] [net.minecraftforge.fml.loading.FMLPaths/CORE]: Path GAMEDIR is /workspaces/peneever/servidor_minecraft
[15Jun2025 17:05:11.876] [main/DEBUG] [net.minecraftforge.fml.loading.FMLPaths/CORE]: Path MODSDIR is /workspaces/peneever/servidor_minecraft/mods
[15Jun2025 17:05:11.876] [main/DEBUG] [net.minecraftforge.fml.loading.FMLPaths/CORE]: Path CONFIGDIR is /workspaces/peneever/servidor_minecraft/config
[15Jun2025 17:05:11.876] [main/DEBUG] [net.minecraftforge.fml.loading.FMLPaths/CORE]: Path FMLCONFIG is /workspaces/peneever/servidor_minecraft/config/fml.toml
[15Jun2025 17:05:11.876] [main/DEBUG] [net.minecraftforge.fml.loading.FMLServiceProvider/CORE]: Loading configuration
[15Jun2025 17:05:11.879] [main/DEBUG] [net.minecraftforge.fml.loading.FMLServiceProvider/CORE]: Preparing ModFile
[15Jun2025 17:05:11.882] [main/DEBUG] [net.minecraftforge.fml.loading.FMLServiceProvider/CORE]: Preparing launch handler
[15Jun2025 17:05:11.882] [main/DEBUG] [net.minecraftforge.fml.loading.FMLLoader/CORE]: Using forgeserver as launch service
[15Jun2025 17:05:11.896] [main/DEBUG] [net.minecraftforge.fml.loading.FMLLoader/CORE]: Received command line version data  : VersionInfo[forgeVersion=47.3.7, mcVersion=1.20.1, mcpVersion=20230612.114412, forgeGroup=net.minecraftforge]
[15Jun2025 17:05:11.897] [main/DEBUG] [cpw.mods.modlauncher.TransformationServiceDecorator/MODLAUNCHER]: Initialized transformation service fml
[15Jun2025 17:05:11.898] [main/DEBUG] [cpw.mods.modlauncher.NameMappingServiceHandler/MODLAUNCHER]: Current naming domain is 'srg'
[15Jun2025 17:05:11.898] [main/DEBUG] [cpw.mods.modlauncher.NameMappingServiceHandler/MODLAUNCHER]: Identified name mapping providers {}
[15Jun2025 17:05:11.898] [main/DEBUG] [cpw.mods.modlauncher.TransformationServicesHandler/MODLAUNCHER]: Transformation services begin scanning
[15Jun2025 17:05:11.899] [main/DEBUG] [cpw.mods.modlauncher.TransformationServiceDecorator/MODLAUNCHER]: Beginning scan trigger - transformation service mixin
[15Jun2025 17:05:11.899] [main/DEBUG] [cpw.mods.modlauncher.TransformationServiceDecorator/MODLAUNCHER]: End scan trigger - transformation service mixin
[15Jun2025 17:05:11.899] [main/DEBUG] [cpw.mods.modlauncher.TransformationServiceDecorator/MODLAUNCHER]: Beginning scan trigger - transformation service fml
[15Jun2025 17:05:11.899] [main/DEBUG] [net.minecraftforge.fml.loading.FMLServiceProvider/CORE]: Initiating mod scan
[15Jun2025 17:05:11.907] [main/DEBUG] [net.minecraftforge.fml.loading.moddiscovery.ModListHandler/CORE]: Found mod coordinates from lists: []
[15Jun2025 17:05:11.910] [main/DEBUG] [net.minecraftforge.fml.loading.moddiscovery.ModDiscoverer/CORE]: Found Mod Locators : (mods folder:null),(maven libs:null),(exploded directory:null),(minecraft:null),(userdev classpath:null)
[15Jun2025 17:05:11.910] [main/DEBUG] [net.minecraftforge.fml.loading.moddiscovery.ModDiscoverer/CORE]: Found Dependency Locators : (JarInJar:null)
[15Jun2025 17:05:11.916] [main/DEBUG] [net.minecraftforge.fml.loading.moddiscovery.ModFileParser/LOADING]: Considering mod file candidate /workspaces/peneever/servidor_minecraft/mods/AmbientSounds_FORGE_v6.0.6_mc1.20.1.jar
[15Jun2025 17:05:11.960] [main/DEBUG] [net.minecraftforge.fml.loading.moddiscovery.ModFileInfo/LOADING]: Found valid mod file AmbientSounds_FORGE_v6.0.6_mc1.20.1.jar with {ambientsounds} mods - versions {6.0.6}
[15Jun2025 17:05:11.961] [main/DEBUG] [net.minecraftforge.fml.loading.moddiscovery.ModFileParser/LOADING]: Considering mod file candidate /workspaces/peneever/servidor_minecraft/mods/architectury-9.2.14-forge.jar
[15Jun2025 17:05:11.962] [main/DEBUG] [net.minecraftforge.fml.loading.moddiscovery.ModFileInfo/LOADING]: Found valid mod file architectury-9.2.14-forge.jar with {architectury} mods - versions {9.2.14}
[15Jun2025 17:05:11.963] [main/DEBUG] [net.minecraftforge.fml.loading.moddiscovery.ModFileParser/LOADING]: Considering mod file candidate /workspaces/peneever/servidor_minecraft/mods/BetterAdvancements-Forge-1.20.1-0.4.2.10.jar
[15Jun2025 17:05:11.965] [main/DEBUG] [net.minecraftforge.fml.loading.moddiscovery.ModFileInfo/LOADING]: Found valid mod file BetterAdvancements-Forge-1.20.1-0.4.2.10.jar with {betteradvancements} mods - versions {0.4.2.10}
[15Jun2025 17:05:11.966] [main/DEBUG] [net.minecraftforge.fml.loading.moddiscovery.ModFileParser/LOADING]: Considering mod file candidate /workspaces/peneever/servidor_minecraft/mods/bettervillage-forge-1.20.1-3.2.0.jar
[15Jun2025 17:05:11.967] [main/DEBUG] [net.minecraftforge.fml.loading.moddiscovery.ModFileInfo/LOADING]: Found valid mod file bettervillage-forge-1.20.1-3.2.0.jar with {bettervillage} mods - versions {3.1.0}
[15Jun2025 17:05:11.968] [main/DEBUG] [net.minecraftforge.fml.loading.moddiscovery.ModFileParser/LOADING]: Considering mod file candidate /workspaces/peneever/servidor_minecraft/mods/carryon-forge-1.20.1-2.1.2.7.jar
[15Jun2025 17:05:11.971] [main/DEBUG] [net.minecraftforge.fml.loading.moddiscovery.ModFileInfo/LOADING]: Found valid mod file carryon-forge-1.20.1-2.1.2.7.jar with {carryon} mods - versions {2.1.2.7}
[15Jun2025 17:05:11.971] [main/DEBUG] [net.minecraftforge.fml.loading.moddiscovery.ModFileParser/LOADING]: Considering mod file candidate /workspaces/peneever/servidor_minecraft/mods/Clumps-forge-1.20.1-12.0.0.4.jar
[15Jun2025 17:05:11.972] [main/DEBUG] [net.minecraftforge.fml.loading.moddiscovery.ModFileInfo/LOADING]: Found valid mod file Clumps-forge-1.20.1-12.0.0.4.jar with {clumps} mods - versions {12.0.0.4}
[15Jun2025 17:05:11.973] [main/DEBUG] [net.minecraftforge.fml.loading.moddiscovery.ModFileParser/LOADING]: Considering mod file candidate /workspaces/peneever/servidor_minecraft/mods/CreativeCore_FORGE_v2.11.28_mc1.20.1.jar
[15Jun2025 17:05:11.975] [main/DEBUG] [net.minecraftforge.fml.loading.moddiscovery.ModFileInfo/LOADING]: Found valid mod file CreativeCore_FORGE_v2.11.28_mc1.20.1.jar with {creativecore} mods - versions {2.11.28}
[15Jun2025 17:05:11.975] [main/DEBUG] [net.minecraftforge.fml.loading.moddiscovery.ModFileParser/LOADING]: Considering mod file candidate /workspaces/peneever/servidor_minecraft/mods/creeperoverhaul-3.0.2-forge.jar
[15Jun2025 17:05:11.977] [main/DEBUG] [net.minecraftforge.fml.loading.moddiscovery.ModFileInfo/LOADING]: Found valid mod file creeperoverhaul-3.0.2-forge.jar with {creeperoverhaul} mods - versions {3.0.2}
[15Jun2025 17:05:11.978] [main/DEBUG] [net.minecraftforge.fml.loading.moddiscovery.ModFileParser/LOADING]: Considering mod file candidate /workspaces/peneever/servidor_minecraft/mods/cupboard-1.20.1-2.7.jar
[15Jun2025 17:05:11.979] [main/DEBUG] [net.minecraftforge.fml.loading.moddiscovery.ModFileInfo/LOADING]: Found valid mod file cupboard-1.20.1-2.7.jar with {cupboard} mods - versions {1.20.1-2.7}
[15Jun2025 17:05:11.980] [main/DEBUG] [net.minecraftforge.fml.loading.moddiscovery.ModFileParser/LOADING]: Considering mod file candidate /workspaces/peneever/servidor_minecraft/mods/curios-forge-5.9.1+1.20.1.jar
[15Jun2025 17:05:11.981] [main/DEBUG] [net.minecraftforge.fml.loading.moddiscovery.ModFileInfo/LOADING]: Found valid mod file curios-forge-5.9.1+1.20.1.jar with {curios} mods - versions {5.9.1+1.20.1}
[15Jun2025 17:05:11.983] [main/DEBUG] [net.minecraftforge.fml.loading.moddiscovery.ModFileParser/LOADING]: Considering mod file candidate /workspaces/peneever/servidor_minecraft/mods/deeperdarker-forge-1.20.1-1.3.3.jar
[15Jun2025 17:05:11.984] [main/DEBUG] [net.minecraftforge.fml.loading.moddiscovery.ModFileInfo/LOADING]: Found valid mod file deeperdarker-forge-1.20.1-1.3.3.jar with {deeperdarker} mods - versions {1.3.3}
[15Jun2025 17:05:11.985] [main/DEBUG] [net.minecraftforge.fml.loading.moddiscovery.ModFileParser/LOADING]: Considering mod file candidate /workspaces/peneever/servidor_minecraft/mods/doespotatotick-1.20.1-4.0.2.jar
[15Jun2025 17:05:11.985] [main/DEBUG] [net.minecraftforge.fml.loading.moddiscovery.ModFileInfo/LOADING]: Found valid mod file doespotatotick-1.20.1-4.0.2.jar with {doespotatotick} mods - versions {1.20.1-4.0.2}
[15Jun2025 17:05:11.987] [main/DEBUG] [net.minecraftforge.fml.loading.moddiscovery.ModFileParser/LOADING]: Considering mod file candidate /workspaces/peneever/servidor_minecraft/mods/dungeons-and-taverns-v2.1.4 [Forge].jar
[15Jun2025 17:05:11.988] [main/DEBUG] [net.minecraftforge.fml.loading.moddiscovery.ModFileInfo/LOADING]: Found valid mod file dungeons-and-taverns-v2.1.4 [Forge].jar with {mr_dungeons_andtaverns} mods - versions {1-v2.1.4}
[15Jun2025 17:05:11.990] [main/DEBUG] [net.minecraftforge.fml.loading.moddiscovery.ModFileParser/LOADING]: Considering mod file candidate /workspaces/peneever/servidor_minecraft/mods/DungeonsArise-1.20.1-2.1.57-release.jar
[15Jun2025 17:05:11.990] [main/DEBUG] [net.minecraftforge.fml.loading.moddiscovery.ModFileInfo/LOADING]: Found valid mod file DungeonsArise-1.20.1-2.1.57-release.jar with {dungeons_arise} mods - versions {2.1.57-1.20.1}
[15Jun2025 17:05:11.991] [main/DEBUG] [net.minecraftforge.fml.loading.moddiscovery.ModFileParser/LOADING]: Considering mod file candidate /workspaces/peneever/servidor_minecraft/mods/DungeonsAriseSevenSeas-1.20.x-1.0.2-forge.jar
[15Jun2025 17:05:11.992] [main/DEBUG] [net.minecraftforge.fml.loading.moddiscovery.ModFileInfo/LOADING]: Found valid mod file DungeonsAriseSevenSeas-1.20.x-1.0.2-forge.jar with {dungeons_arise_seven_seas} mods - versions {1.0.2}
[15Jun2025 17:05:11.995] [main/DEBUG] [net.minecraftforge.fml.loading.moddiscovery.ModFileParser/LOADING]: Considering mod file candidate /workspaces/peneever/servidor_minecraft/mods/EasyMagic-v8.0.1-1.20.1-Forge.jar
[15Jun2025 17:05:11.996] [main/DEBUG] [net.minecraftforge.fml.loading.moddiscovery.ModFileInfo/LOADING]: Found valid mod file EasyMagic-v8.0.1-1.20.1-Forge.jar with {easymagic} mods - versions {8.0.1}
[15Jun2025 17:05:11.997] [main/DEBUG] [net.minecraftforge.fml.loading.moddiscovery.ModFileParser/LOADING]: Considering mod file candidate /workspaces/peneever/servidor_minecraft/mods/eatinganimation-1.20-5.0.0.jar
[15Jun2025 17:05:11.998] [main/DEBUG] [net.minecraftforge.fml.loading.moddiscovery.ModFileInfo/LOADING]: Found valid mod file eatinganimation-1.20-5.0.0.jar with {eatinganimation} mods - versions {5.0.0}
[15Jun2025 17:05:11.999] [main/DEBUG] [net.minecraftforge.fml.loading.moddiscovery.ModFileParser/LOADING]: Considering mod file candidate /workspaces/peneever/servidor_minecraft/mods/embeddium-0.3.31+mc1.20.1.jar
[15Jun2025 17:05:12.001] [main/DEBUG] [net.minecraftforge.fml.loading.moddiscovery.ModFileInfo/LOADING]: Found valid mod file embeddium-0.3.31+mc1.20.1.jar with {embeddium,rubidium} mods - versions {0.3.31+mc1.20.1,0.7.1}
[15Jun2025 17:05:12.002] [main/DEBUG] [net.minecraftforge.fml.loading.moddiscovery.ModFileParser/LOADING]: Considering mod file candidate /workspaces/peneever/servidor_minecraft/mods/endermanoverhaul-forge-1.20.1-1.0.4.jar
[15Jun2025 17:05:12.003] [main/DEBUG] [net.minecraftforge.fml.loading.moddiscovery.ModFileInfo/LOADING]: Found valid mod file endermanoverhaul-forge-1.20.1-1.0.4.jar with {endermanoverhaul} mods - versions {1.0.4}
[15Jun2025 17:05:12.003] [main/DEBUG] [net.minecraftforge.fml.loading.moddiscovery.ModFileParser/LOADING]: Considering mod file candidate /workspaces/peneever/servidor_minecraft/mods/entity_texture_features_forge_1.20.1-6.2.9.jar
[15Jun2025 17:05:12.004] [main/DEBUG] [net.minecraftforge.fml.loading.moddiscovery.ModFileInfo/LOADING]: Found valid mod file entity_texture_features_forge_1.20.1-6.2.9.jar with {entity_texture_features} mods - versions {6.2.9}
[15Jun2025 17:05:12.005] [main/DEBUG] [net.minecraftforge.fml.loading.moddiscovery.ModFileParser/LOADING]: Considering mod file candidate /workspaces/peneever/servidor_minecraft/mods/entityculling-forge-1.7.0-mc1.20.1.jar
[15Jun2025 17:05:12.005] [main/DEBUG] [net.minecraftforge.fml.loading.moddiscovery.ModFileInfo/LOADING]: Found valid mod file entityculling-forge-1.7.0-mc1.20.1.jar with {entityculling} mods - versions {1.7.0}
[15Jun2025 17:05:12.006] [main/DEBUG] [net.minecraftforge.fml.loading.moddiscovery.ModFileParser/LOADING]: Considering mod file candidate /workspaces/peneever/servidor_minecraft/mods/Fallingleaves-1.20-2.1.0-beta.1.jar
[15Jun2025 17:05:12.007] [main/DEBUG] [net.minecraftforge.fml.loading.moddiscovery.ModFileInfo/LOADING]: Found valid mod file Fallingleaves-1.20-2.1.0-beta.1.jar with {fallingleaves} mods - versions {2.1.0-beta.1}
[15Jun2025 17:05:12.009] [main/DEBUG] [net.minecraftforge.fml.loading.moddiscovery.ModFileParser/LOADING]: Considering mod file candidate /workspaces/peneever/servidor_minecraft/mods/FarmersDelight-1.20.1-1.2.4.jar
[15Jun2025 17:05:12.010] [main/DEBUG] [net.minecraftforge.fml.loading.moddiscovery.ModFileInfo/LOADING]: Found valid mod file FarmersDelight-1.20.1-1.2.4.jar with {farmersdelight} mods - versions {1.20.1-1.2.4}
[15Jun2025 17:05:12.014] [main/DEBUG] [net.minecraftforge.fml.loading.moddiscovery.ModFileParser/LOADING]: Considering mod file candidate /workspaces/peneever/servidor_minecraft/mods/ferritecore-6.0.1-forge.jar
[15Jun2025 17:05:12.015] [main/DEBUG] [net.minecraftforge.fml.loading.moddiscovery.ModFileInfo/LOADING]: Found valid mod file ferritecore-6.0.1-forge.jar with {ferritecore} mods - versions {6.0.1}
[15Jun2025 17:05:12.016] [main/DEBUG] [net.minecraftforge.fml.loading.moddiscovery.ModFileParser/LOADING]: Considering mod file candidate /workspaces/peneever/servidor_minecraft/mods/friendsandfoes-forge-mc1.20.1-2.0.17.jar
[15Jun2025 17:05:12.017] [main/DEBUG] [net.minecraftforge.fml.loading.moddiscovery.ModFileInfo/LOADING]: Found valid mod file friendsandfoes-forge-mc1.20.1-2.0.17.jar with {friendsandfoes} mods - versions {2.0.17}
[15Jun2025 17:05:12.019] [main/DEBUG] [net.minecraftforge.fml.loading.moddiscovery.ModFileParser/LOADING]: Considering mod file candidate /workspaces/peneever/servidor_minecraft/mods/From-The-Fog-1.20-v1.9.2-Forge-Fabric.jar
[15Jun2025 17:05:12.020] [main/DEBUG] [net.minecraftforge.fml.loading.moddiscovery.ModFileInfo/LOADING]: Found valid mod file From-The-Fog-1.20-v1.9.2-Forge-Fabric.jar with {watching} mods - versions {1.9.2}
[15Jun2025 17:05:12.021] [main/DEBUG] [net.minecraftforge.fml.loading.moddiscovery.ModFileParser/LOADING]: Considering mod file candidate /workspaces/peneever/servidor_minecraft/mods/geckolib-forge-1.20.1-4.4.9.jar
[15Jun2025 17:05:12.022] [main/DEBUG] [net.minecraftforge.fml.loading.moddiscovery.ModFileInfo/LOADING]: Found valid mod file geckolib-forge-1.20.1-4.4.9.jar with {geckolib} mods - versions {4.4.9}
[15Jun2025 17:05:12.028] [main/DEBUG] [net.minecraftforge.fml.loading.moddiscovery.ModFileParser/LOADING]: Considering mod file candidate /workspaces/peneever/servidor_minecraft/mods/HangGlider-v8.0.1-1.20.1-Forge.jar
[15Jun2025 17:05:12.029] [main/DEBUG] [net.minecraftforge.fml.loading.moddiscovery.ModFileInfo/LOADING]: Found valid mod file HangGlider-v8.0.1-1.20.1-Forge.jar with {hangglider} mods - versions {8.0.1}
[15Jun2025 17:05:12.030] [main/DEBUG] [net.minecraftforge.fml.loading.moddiscovery.ModFileParser/LOADING]: Considering mod file candidate /workspaces/peneever/servidor_minecraft/mods/ImmediatelyFast-Forge-1.2.20+1.20.4.jar
[15Jun2025 17:05:12.031] [main/DEBUG] [net.minecraftforge.fml.loading.moddiscovery.ModFileInfo/LOADING]: Found valid mod file ImmediatelyFast-Forge-1.2.20+1.20.4.jar with {immediatelyfast} mods - versions {1.2.20+1.20.4}
[15Jun2025 17:05:12.034] [main/DEBUG] [net.minecraftforge.fml.loading.moddiscovery.ModFileParser/LOADING]: Considering mod file candidate /workspaces/peneever/servidor_minecraft/mods/Incendium_1.20.1_v5.3.1.jar
[15Jun2025 17:05:12.035] [main/DEBUG] [net.minecraftforge.fml.loading.moddiscovery.ModFileInfo/LOADING]: Found valid mod file Incendium_1.20.1_v5.3.1.jar with {incendium} mods - versions {5.3.1}
[15Jun2025 17:05:12.036] [main/DEBUG] [net.minecraftforge.fml.loading.moddiscovery.ModFileParser/LOADING]: Considering mod file candidate /workspaces/peneever/servidor_minecraft/mods/inventorysorter-1.20.1-23.0.1.jar
[15Jun2025 17:05:12.036] [main/DEBUG] [net.minecraftforge.fml.loading.moddiscovery.ModFileInfo/LOADING]: Found valid mod file inventorysorter-1.20.1-23.0.1.jar with {inventorysorter} mods - versions {23.0.1}
[15Jun2025 17:05:12.037] [main/DEBUG] [net.minecraftforge.fml.loading.moddiscovery.ModFileParser/LOADING]: Considering mod file candidate /workspaces/peneever/servidor_minecraft/mods/jei-1.20.1-forge-15.19.0.88.jar
[15Jun2025 17:05:12.038] [main/DEBUG] [net.minecraftforge.fml.loading.moddiscovery.ModFileInfo/LOADING]: Found valid mod file jei-1.20.1-forge-15.19.0.88.jar with {jei} mods - versions {15.19.0.88}
[15Jun2025 17:05:12.040] [main/DEBUG] [net.minecraftforge.fml.loading.moddiscovery.ModFileParser/LOADING]: Considering mod file candidate /workspaces/peneever/servidor_minecraft/mods/L_Enders_Cataclysm-1.99.6-1.20.1.jar
[15Jun2025 17:05:12.041] [main/DEBUG] [net.minecraftforge.fml.loading.moddiscovery.ModFileInfo/LOADING]: Found valid mod file L_Enders_Cataclysm-1.99.6-1.20.1.jar with {cataclysm} mods - versions {1.99.5}
[15Jun2025 17:05:12.042] [main/DEBUG] [net.minecraftforge.fml.loading.moddiscovery.ModFileParser/LOADING]: Considering mod file candidate /workspaces/peneever/servidor_minecraft/mods/libraryferret-forge-1.20.1-4.0.0.jar
[15Jun2025 17:05:12.043] [main/DEBUG] [net.minecraftforge.fml.loading.moddiscovery.ModFileInfo/LOADING]: Found valid mod file libraryferret-forge-1.20.1-4.0.0.jar with {libraryferret} mods - versions {4.0.0}
[15Jun2025 17:05:12.043] [main/DEBUG] [net.minecraftforge.fml.loading.moddiscovery.ModFileParser/LOADING]: Considering mod file candidate /workspaces/peneever/servidor_minecraft/mods/lionfishapi-1.9.jar
[15Jun2025 17:05:12.044] [main/DEBUG] [net.minecraftforge.fml.loading.moddiscovery.ModFileInfo/LOADING]: Found valid mod file lionfishapi-1.9.jar with {lionfishapi} mods - versions {1.9}
[15Jun2025 17:05:12.045] [main/DEBUG] [net.minecraftforge.fml.loading.moddiscovery.ModFileParser/LOADING]: Considering mod file candidate /workspaces/peneever/servidor_minecraft/mods/moremobvariants-forge+1.20.1-1.3.0.1.jar
[15Jun2025 17:05:12.046] [main/DEBUG] [net.minecraftforge.fml.loading.moddiscovery.ModFileInfo/LOADING]: Found valid mod file moremobvariants-forge+1.20.1-1.3.0.1.jar with {moremobvariants} mods - versions {1.3.0.1}
[15Jun2025 17:05:12.046] [main/DEBUG] [net.minecraftforge.fml.loading.moddiscovery.ModFileParser/LOADING]: Considering mod file candidate /workspaces/peneever/servidor_minecraft/mods/MyServerIsCompatible-1.20-1.0.jar
[15Jun2025 17:05:12.047] [main/DEBUG] [net.minecraftforge.fml.loading.moddiscovery.ModFileInfo/LOADING]: Found valid mod file MyServerIsCompatible-1.20-1.0.jar with {myserveriscompatible} mods - versions {1.0}
[15Jun2025 17:05:12.048] [main/DEBUG] [net.minecraftforge.fml.loading.moddiscovery.ModFileParser/LOADING]: Considering mod file candidate /workspaces/peneever/servidor_minecraft/mods/naturalist-forge-4.0.3-1.20.1.jar
[15Jun2025 17:05:12.051] [main/DEBUG] [net.minecraftforge.fml.loading.moddiscovery.ModFileInfo/LOADING]: Found valid mod file naturalist-forge-4.0.3-1.20.1.jar with {naturalist} mods - versions {4.0.3}
[15Jun2025 17:05:12.053] [main/DEBUG] [net.minecraftforge.fml.loading.moddiscovery.ModFileParser/LOADING]: Considering mod file candidate /workspaces/peneever/servidor_minecraft/mods/PickUpNotifier-v8.0.0-1.20.1-Forge.jar
[15Jun2025 17:05:12.054] [main/DEBUG] [net.minecraftforge.fml.loading.moddiscovery.ModFileInfo/LOADING]: Found valid mod file PickUpNotifier-v8.0.0-1.20.1-Forge.jar with {pickupnotifier} mods - versions {8.0.0}
[15Jun2025 17:05:12.060] [main/DEBUG] [net.minecraftforge.fml.loading.moddiscovery.ModFileParser/LOADING]: Considering mod file candidate /workspaces/peneever/servidor_minecraft/mods/PuzzlesLib-v8.1.23-1.20.1-Forge.jar
[15Jun2025 17:05:12.061] [main/DEBUG] [net.minecraftforge.fml.loading.moddiscovery.ModFileInfo/LOADING]: Found valid mod file PuzzlesLib-v8.1.23-1.20.1-Forge.jar with {puzzleslib} mods - versions {8.1.23}
[15Jun2025 17:05:12.061] [main/DEBUG] [net.minecraftforge.fml.loading.moddiscovery.ModFileParser/LOADING]: Considering mod file candidate /workspaces/peneever/servidor_minecraft/mods/resourcefulconfig-forge-1.20.1-2.1.2.jar
[15Jun2025 17:05:12.062] [main/DEBUG] [net.minecraftforge.fml.loading.moddiscovery.ModFileInfo/LOADING]: Found valid mod file resourcefulconfig-forge-1.20.1-2.1.2.jar with {resourcefulconfig} mods - versions {2.1.2}
[15Jun2025 17:05:12.063] [main/DEBUG] [net.minecraftforge.fml.loading.moddiscovery.ModFileParser/LOADING]: Considering mod file candidate /workspaces/peneever/servidor_minecraft/mods/SkyVillages-1.0.4-1.19.2-1.20.1-forge-release.jar
[15Jun2025 17:05:12.063] [main/DEBUG] [net.minecraftforge.fml.loading.moddiscovery.ModFileInfo/LOADING]: Found valid mod file SkyVillages-1.0.4-1.19.2-1.20.1-forge-release.jar with {skyvillages} mods - versions {1.0.4}
[15Jun2025 17:05:12.064] [main/DEBUG] [net.minecraftforge.fml.loading.moddiscovery.ModFileParser/LOADING]: Considering mod file candidate /workspaces/peneever/servidor_minecraft/mods/sound-physics-remastered-forge-1.20.1-1.4.5.jar
[15Jun2025 17:05:12.065] [main/DEBUG] [net.minecraftforge.fml.loading.moddiscovery.ModFileInfo/LOADING]: Found valid mod file sound-physics-remastered-forge-1.20.1-1.4.5.jar with {sound_physics_remastered} mods - versions {1.20.1-1.4.5}
[15Jun2025 17:05:12.066] [main/DEBUG] [net.minecraftforge.fml.loading.moddiscovery.ModFileParser/LOADING]: Considering mod file candidate /workspaces/peneever/servidor_minecraft/mods/Stellarity-v2-0e.jar
[15Jun2025 17:05:12.068] [main/DEBUG] [net.minecraftforge.fml.loading.moddiscovery.ModFileInfo/LOADING]: Found valid mod file Stellarity-v2-0e.jar with {mr_stellarity} mods - versions {2.0d}
[15Jun2025 17:05:12.068] [main/DEBUG] [net.minecraftforge.fml.loading.moddiscovery.ModFileParser/LOADING]: Considering mod file candidate /workspaces/peneever/servidor_minecraft/mods/Structory_1.20.x_v1.3.5.jar
[15Jun2025 17:05:12.069] [main/DEBUG] [net.minecraftforge.fml.loading.moddiscovery.ModFileInfo/LOADING]: Found valid mod file Structory_1.20.x_v1.3.5.jar with {structory} mods - versions {1.3.5}
[15Jun2025 17:05:12.069] [main/DEBUG] [net.minecraftforge.fml.loading.moddiscovery.ModFileParser/LOADING]: Considering mod file candidate /workspaces/peneever/servidor_minecraft/mods/structureessentials-1.20.1-3.4.jar
[15Jun2025 17:05:12.070] [main/DEBUG] [net.minecraftforge.fml.loading.moddiscovery.ModFileInfo/LOADING]: Found valid mod file structureessentials-1.20.1-3.4.jar with {structureessentials} mods - versions {1.20.1-3.4}
[15Jun2025 17:05:12.072] [main/DEBUG] [net.minecraftforge.fml.loading.moddiscovery.ModFileParser/LOADING]: Considering mod file candidate /workspaces/peneever/servidor_minecraft/mods/Terralith_1.20.x_v2.5.4.jar
[15Jun2025 17:05:12.072] [main/DEBUG] [net.minecraftforge.fml.loading.moddiscovery.ModFileInfo/LOADING]: Found valid mod file Terralith_1.20.x_v2.5.4.jar with {terralith} mods - versions {2.5.4}
[15Jun2025 17:05:12.073] [main/DEBUG] [net.minecraftforge.fml.loading.moddiscovery.ModFileParser/LOADING]: Considering mod file candidate /workspaces/peneever/servidor_minecraft/mods/travelersbackpack-forge-1.20.1-9.1.15.jar
[15Jun2025 17:05:12.074] [main/DEBUG] [net.minecraftforge.fml.loading.moddiscovery.ModFileInfo/LOADING]: Found valid mod file travelersbackpack-forge-1.20.1-9.1.15.jar with {travelersbackpack} mods - versions {9.1.15}
[15Jun2025 17:05:12.075] [main/DEBUG] [net.minecraftforge.fml.loading.moddiscovery.ModFileParser/LOADING]: Considering mod file candidate /workspaces/peneever/servidor_minecraft/mods/ultris-v5.6.9c.jar
[15Jun2025 17:05:12.075] [main/DEBUG] [net.minecraftforge.fml.loading.moddiscovery.ModFileInfo/LOADING]: Found valid mod file ultris-v5.6.9c.jar with {ultris_mr} mods - versions {5.6.9c}
[15Jun2025 17:05:12.076] [main/DEBUG] [net.minecraftforge.fml.loading.moddiscovery.ModFileParser/LOADING]: Considering mod file candidate /workspaces/peneever/servidor_minecraft/mods/weaponmaster_ydm-forge-1.20.1-4.2.3.jar
[15Jun2025 17:05:12.077] [main/DEBUG] [net.minecraftforge.fml.loading.moddiscovery.ModFileInfo/LOADING]: Found valid mod file weaponmaster_ydm-forge-1.20.1-4.2.3.jar with {weaponmaster_ydm} mods - versions {4.2.3}
[15Jun2025 17:05:12.077] [main/DEBUG] [net.minecraftforge.fml.loading.moddiscovery.ModFileParser/LOADING]: Considering mod file candidate /workspaces/peneever/servidor_minecraft/mods/YungsApi-1.20-Forge-4.0.5.jar
[15Jun2025 17:05:12.078] [main/DEBUG] [net.minecraftforge.fml.loading.moddiscovery.ModFileInfo/LOADING]: Found valid mod file YungsApi-1.20-Forge-4.0.5.jar with {yungsapi} mods - versions {1.20-Forge-4.0.5}
[15Jun2025 17:05:12.078] [main/DEBUG] [net.minecraftforge.fml.loading.moddiscovery.ModFileParser/LOADING]: Considering mod file candidate /workspaces/peneever/servidor_minecraft/mods/YungsBetterMineshafts-1.20-Forge-4.0.4.jar
[15Jun2025 17:05:12.079] [main/DEBUG] [net.minecraftforge.fml.loading.moddiscovery.ModFileInfo/LOADING]: Found valid mod file YungsBetterMineshafts-1.20-Forge-4.0.4.jar with {bettermineshafts} mods - versions {1.20-Forge-4.0.4}
[15Jun2025 17:05:12.080] [main/DEBUG] [net.minecraftforge.fml.loading.moddiscovery.ModFileParser/LOADING]: Considering mod file candidate /workspaces/peneever/servidor_minecraft/mods/YungsBetterNetherFortresses-1.20-Forge-2.0.6.jar
[15Jun2025 17:05:12.080] [main/DEBUG] [net.minecraftforge.fml.loading.moddiscovery.ModFileInfo/LOADING]: Found valid mod file YungsBetterNetherFortresses-1.20-Forge-2.0.6.jar with {betterfortresses} mods - versions {1.20-Forge-2.0.6}
[15Jun2025 17:05:12.172] [main/DEBUG] [net.minecraftforge.fml.loading.moddiscovery.ModFileInfo/LOADING]: Found valid mod file server-1.20.1-20230612.114412-srg.jar with {minecraft} mods - versions {1.20.1}
[15Jun2025 17:05:12.176] [main/DEBUG] [net.minecraftforge.fml.loading.moddiscovery.ModFileParser/LOADING]: Considering mod file candidate /workspaces/peneever/servidor_minecraft/libraries/net/minecraftforge/fmlcore/1.20.1-47.3.7/fmlcore-1.20.1-47.3.7.jar
[15Jun2025 17:05:12.176] [main/WARN] [net.minecraftforge.fml.loading.moddiscovery.ModFileParser/LOADING]: Mod file /workspaces/peneever/servidor_minecraft/libraries/net/minecraftforge/fmlcore/1.20.1-47.3.7/fmlcore-1.20.1-47.3.7.jar is missing mods.toml file
[15Jun2025 17:05:12.178] [main/DEBUG] [net.minecraftforge.fml.loading.moddiscovery.ModFileParser/LOADING]: Considering mod file candidate /workspaces/peneever/servidor_minecraft/libraries/net/minecraftforge/javafmllanguage/1.20.1-47.3.7/javafmllanguage-1.20.1-47.3.7.jar
[15Jun2025 17:05:12.178] [main/WARN] [net.minecraftforge.fml.loading.moddiscovery.ModFileParser/LOADING]: Mod file /workspaces/peneever/servidor_minecraft/libraries/net/minecraftforge/javafmllanguage/1.20.1-47.3.7/javafmllanguage-1.20.1-47.3.7.jar is missing mods.toml file
[15Jun2025 17:05:12.179] [main/DEBUG] [net.minecraftforge.fml.loading.moddiscovery.ModFileParser/LOADING]: Considering mod file candidate /workspaces/peneever/servidor_minecraft/libraries/net/minecraftforge/lowcodelanguage/1.20.1-47.3.7/lowcodelanguage-1.20.1-47.3.7.jar
[15Jun2025 17:05:12.179] [main/WARN] [net.minecraftforge.fml.loading.moddiscovery.ModFileParser/LOADING]: Mod file /workspaces/peneever/servidor_minecraft/libraries/net/minecraftforge/lowcodelanguage/1.20.1-47.3.7/lowcodelanguage-1.20.1-47.3.7.jar is missing mods.toml file
[15Jun2025 17:05:12.181] [main/DEBUG] [net.minecraftforge.fml.loading.moddiscovery.ModFileParser/LOADING]: Considering mod file candidate /workspaces/peneever/servidor_minecraft/libraries/net/minecraftforge/mclanguage/1.20.1-47.3.7/mclanguage-1.20.1-47.3.7.jar
[15Jun2025 17:05:12.181] [main/WARN] [net.minecraftforge.fml.loading.moddiscovery.ModFileParser/LOADING]: Mod file /workspaces/peneever/servidor_minecraft/libraries/net/minecraftforge/mclanguage/1.20.1-47.3.7/mclanguage-1.20.1-47.3.7.jar is missing mods.toml file
[15Jun2025 17:05:12.236] [main/DEBUG] [net.minecraftforge.fml.loading.moddiscovery.ModFileParser/LOADING]: Considering mod file candidate /workspaces/peneever/servidor_minecraft/libraries/net/minecraftforge/forge/1.20.1-47.3.7/forge-1.20.1-47.3.7-universal.jar
[15Jun2025 17:05:12.237] [main/DEBUG] [net.minecraftforge.fml.loading.moddiscovery.ModFileInfo/LOADING]: Found valid mod file forge-1.20.1-47.3.7-universal.jar with {forge} mods - versions {47.3.7}
[15Jun2025 17:05:12.249] [main/DEBUG] [net.minecraftforge.fml.loading.moddiscovery.AbstractJarFileDependencyLocator/]: Failed to load resource META-INF/jarjar/metadata.json from Stellarity-v2-0e.jar, it does not contain dependency information.
[15Jun2025 17:05:12.249] [main/DEBUG] [net.minecraftforge.fml.loading.moddiscovery.AbstractJarFileDependencyLocator/]: Failed to load resource META-INF/jarjar/metadata.json from weaponmaster_ydm-forge-1.20.1-4.2.3.jar, it does not contain dependency information.
[15Jun2025 17:05:12.249] [main/DEBUG] [net.minecraftforge.fml.loading.moddiscovery.AbstractJarFileDependencyLocator/]: Failed to load resource META-INF/jarjar/metadata.json from SkyVillages-1.0.4-1.19.2-1.20.1-forge-release.jar, it does not contain dependency information.
[15Jun2025 17:05:12.249] [main/DEBUG] [net.minecraftforge.fml.loading.moddiscovery.AbstractJarFileDependencyLocator/]: Failed to load resource META-INF/jarjar/metadata.json from inventorysorter-1.20.1-23.0.1.jar, it does not contain dependency information.
[15Jun2025 17:05:12.249] [main/DEBUG] [net.minecraftforge.fml.loading.moddiscovery.AbstractJarFileDependencyLocator/]: Failed to load resource META-INF/jarjar/metadata.json from jei-1.20.1-forge-15.19.0.88.jar, it does not contain dependency information.
[15Jun2025 17:05:12.250] [main/DEBUG] [net.minecraftforge.fml.loading.moddiscovery.AbstractJarFileDependencyLocator/]: Failed to load resource META-INF/jarjar/metadata.json from naturalist-forge-4.0.3-1.20.1.jar, it does not contain dependency information.
[15Jun2025 17:05:12.250] [main/DEBUG] [net.minecraftforge.fml.loading.moddiscovery.AbstractJarFileDependencyLocator/]: Failed to load resource META-INF/jarjar/metadata.json from libraryferret-forge-1.20.1-4.0.0.jar, it does not contain dependency information.
[15Jun2025 17:05:12.250] [main/DEBUG] [net.minecraftforge.fml.loading.moddiscovery.AbstractJarFileDependencyLocator/]: Failed to load resource META-INF/jarjar/metadata.json from Incendium_1.20.1_v5.3.1.jar, it does not contain dependency information.
[15Jun2025 17:05:12.250] [main/DEBUG] [net.minecraftforge.fml.loading.moddiscovery.AbstractJarFileDependencyLocator/]: Failed to load resource META-INF/jarjar/metadata.json from sound-physics-remastered-forge-1.20.1-1.4.5.jar, it does not contain dependency information.
[15Jun2025 17:05:12.250] [main/DEBUG] [net.minecraftforge.fml.loading.moddiscovery.AbstractJarFileDependencyLocator/]: Failed to load resource META-INF/jarjar/metadata.json from structureessentials-1.20.1-3.4.jar, it does not contain dependency information.
[15Jun2025 17:05:12.250] [main/DEBUG] [net.minecraftforge.fml.loading.moddiscovery.AbstractJarFileDependencyLocator/]: Failed to load resource META-INF/jarjar/metadata.json from Fallingleaves-1.20-2.1.0-beta.1.jar, it does not contain dependency information.
[15Jun2025 17:05:12.250] [main/DEBUG] [net.minecraftforge.fml.loading.moddiscovery.AbstractJarFileDependencyLocator/]: Failed to load resource META-INF/jarjar/metadata.json from Structory_1.20.x_v1.3.5.jar, it does not contain dependency information.
[15Jun2025 17:05:12.251] [main/DEBUG] [net.minecraftforge.fml.loading.moddiscovery.AbstractJarFileDependencyLocator/]: Failed to load resource META-INF/jarjar/metadata.json from Clumps-forge-1.20.1-12.0.0.4.jar, it does not contain dependency information.
[15Jun2025 17:05:12.251] [main/DEBUG] [net.minecraftforge.fml.loading.moddiscovery.AbstractJarFileDependencyLocator/]: Failed to load resource META-INF/jarjar/metadata.json from travelersbackpack-forge-1.20.1-9.1.15.jar, it does not contain dependency information.
[15Jun2025 17:05:12.251] [main/DEBUG] [net.minecraftforge.fml.loading.moddiscovery.AbstractJarFileDependencyLocator/]: Failed to load resource META-INF/jarjar/metadata.json from YungsApi-1.20-Forge-4.0.5.jar, it does not contain dependency information.
[15Jun2025 17:05:12.251] [main/DEBUG] [net.minecraftforge.fml.loading.moddiscovery.AbstractJarFileDependencyLocator/]: Failed to load resource META-INF/jarjar/metadata.json from MyServerIsCompatible-1.20-1.0.jar, it does not contain dependency information.
[15Jun2025 17:05:12.251] [main/DEBUG] [net.minecraftforge.fml.loading.moddiscovery.AbstractJarFileDependencyLocator/]: Failed to load resource META-INF/jarjar/metadata.json from Terralith_1.20.x_v2.5.4.jar, it does not contain dependency information.
[15Jun2025 17:05:12.251] [main/DEBUG] [net.minecraftforge.fml.loading.moddiscovery.AbstractJarFileDependencyLocator/]: Failed to load resource META-INF/jarjar/metadata.json from YungsBetterNetherFortresses-1.20-Forge-2.0.6.jar, it does not contain dependency information.
[15Jun2025 17:05:12.251] [main/DEBUG] [net.minecraftforge.fml.loading.moddiscovery.AbstractJarFileDependencyLocator/]: Failed to load resource META-INF/jarjar/metadata.json from DungeonsAriseSevenSeas-1.20.x-1.0.2-forge.jar, it does not contain dependency information.
[15Jun2025 17:05:12.251] [main/DEBUG] [net.minecraftforge.fml.loading.moddiscovery.AbstractJarFileDependencyLocator/]: Failed to load resource META-INF/jarjar/metadata.json from forge-1.20.1-47.3.7-universal.jar, it does not contain dependency information.
[15Jun2025 17:05:12.252] [main/DEBUG] [net.minecraftforge.fml.loading.moddiscovery.AbstractJarFileDependencyLocator/]: Failed to load resource META-INF/jarjar/metadata.json from ultris-v5.6.9c.jar, it does not contain dependency information.
[15Jun2025 17:05:12.252] [main/DEBUG] [net.minecraftforge.fml.loading.moddiscovery.AbstractJarFileDependencyLocator/]: Failed to load resource META-INF/jarjar/metadata.json from DungeonsArise-1.20.1-2.1.57-release.jar, it does not contain dependency information.
[15Jun2025 17:05:12.252] [main/DEBUG] [net.minecraftforge.fml.loading.moddiscovery.AbstractJarFileDependencyLocator/]: Failed to load resource META-INF/jarjar/metadata.json from server-1.20.1-20230612.114412-srg.jar, it does not contain dependency information.
[15Jun2025 17:05:12.252] [main/DEBUG] [net.minecraftforge.fml.loading.moddiscovery.AbstractJarFileDependencyLocator/]: Failed to load resource META-INF/jarjar/metadata.json from FarmersDelight-1.20.1-1.2.4.jar, it does not contain dependency information.
[15Jun2025 17:05:12.253] [main/DEBUG] [net.minecraftforge.fml.loading.moddiscovery.AbstractJarFileDependencyLocator/]: Failed to load resource META-INF/jarjar/metadata.json from endermanoverhaul-forge-1.20.1-1.0.4.jar, it does not contain dependency information.
[15Jun2025 17:05:12.253] [main/DEBUG] [net.minecraftforge.fml.loading.moddiscovery.AbstractJarFileDependencyLocator/]: Failed to load resource META-INF/jarjar/metadata.json from AmbientSounds_FORGE_v6.0.6_mc1.20.1.jar, it does not contain dependency information.
[15Jun2025 17:05:12.253] [main/DEBUG] [net.minecraftforge.fml.loading.moddiscovery.AbstractJarFileDependencyLocator/]: Failed to load resource META-INF/jarjar/metadata.json from CreativeCore_FORGE_v2.11.28_mc1.20.1.jar, it does not contain dependency information.
[15Jun2025 17:05:12.253] [main/DEBUG] [net.minecraftforge.fml.loading.moddiscovery.AbstractJarFileDependencyLocator/]: Failed to load resource META-INF/jarjar/metadata.json from From-The-Fog-1.20-v1.9.2-Forge-Fabric.jar, it does not contain dependency information.
[15Jun2025 17:05:12.253] [main/DEBUG] [net.minecraftforge.fml.loading.moddiscovery.AbstractJarFileDependencyLocator/]: Failed to load resource META-INF/jarjar/metadata.json from resourcefulconfig-forge-1.20.1-2.1.2.jar, it does not contain dependency information.
[15Jun2025 17:05:12.253] [main/DEBUG] [net.minecraftforge.fml.loading.moddiscovery.AbstractJarFileDependencyLocator/]: Failed to load resource META-INF/jarjar/metadata.json from lionfishapi-1.9.jar, it does not contain dependency information.
[15Jun2025 17:05:12.254] [main/DEBUG] [net.minecraftforge.fml.loading.moddiscovery.AbstractJarFileDependencyLocator/]: Failed to load resource META-INF/jarjar/metadata.json from L_Enders_Cataclysm-1.99.6-1.20.1.jar, it does not contain dependency information.
[15Jun2025 17:05:12.254] [main/DEBUG] [net.minecraftforge.fml.loading.moddiscovery.AbstractJarFileDependencyLocator/]: Failed to load resource META-INF/jarjar/metadata.json from curios-forge-5.9.1+1.20.1.jar, it does not contain dependency information.
[15Jun2025 17:05:12.254] [main/DEBUG] [net.minecraftforge.fml.loading.moddiscovery.AbstractJarFileDependencyLocator/]: Failed to load resource META-INF/jarjar/metadata.json from dungeons-and-taverns-v2.1.4 [Forge].jar, it does not contain dependency information.
[15Jun2025 17:05:12.254] [main/DEBUG] [net.minecraftforge.fml.loading.moddiscovery.AbstractJarFileDependencyLocator/]: Failed to load resource META-INF/jarjar/metadata.json from entityculling-forge-1.7.0-mc1.20.1.jar, it does not contain dependency information.
[15Jun2025 17:05:12.254] [main/DEBUG] [net.minecraftforge.fml.loading.moddiscovery.AbstractJarFileDependencyLocator/]: Failed to load resource META-INF/jarjar/metadata.json from doespotatotick-1.20.1-4.0.2.jar, it does not contain dependency information.
[15Jun2025 17:05:12.254] [main/DEBUG] [net.minecraftforge.fml.loading.moddiscovery.AbstractJarFileDependencyLocator/]: Failed to load resource META-INF/jarjar/metadata.json from bettervillage-forge-1.20.1-3.2.0.jar, it does not contain dependency information.
[15Jun2025 17:05:12.255] [main/DEBUG] [net.minecraftforge.fml.loading.moddiscovery.AbstractJarFileDependencyLocator/]: Failed to load resource META-INF/jarjar/metadata.json from eatinganimation-1.20-5.0.0.jar, it does not contain dependency information.
[15Jun2025 17:05:12.255] [main/DEBUG] [net.minecraftforge.fml.loading.moddiscovery.AbstractJarFileDependencyLocator/]: Failed to load resource META-INF/jarjar/metadata.json from deeperdarker-forge-1.20.1-1.3.3.jar, it does not contain dependency information.
[15Jun2025 17:05:12.255] [main/DEBUG] [net.minecraftforge.fml.loading.moddiscovery.AbstractJarFileDependencyLocator/]: Failed to load resource META-INF/jarjar/metadata.json from architectury-9.2.14-forge.jar, it does not contain dependency information.
[15Jun2025 17:05:12.255] [main/DEBUG] [net.minecraftforge.fml.loading.moddiscovery.AbstractJarFileDependencyLocator/]: Failed to load resource META-INF/jarjar/metadata.json from moremobvariants-forge+1.20.1-1.3.0.1.jar, it does not contain dependency information.
[15Jun2025 17:05:12.255] [main/DEBUG] [net.minecraftforge.fml.loading.moddiscovery.AbstractJarFileDependencyLocator/]: Failed to load resource META-INF/jarjar/metadata.json from ferritecore-6.0.1-forge.jar, it does not contain dependency information.
[15Jun2025 17:05:12.255] [main/DEBUG] [net.minecraftforge.fml.loading.moddiscovery.AbstractJarFileDependencyLocator/]: Failed to load resource META-INF/jarjar/metadata.json from cupboard-1.20.1-2.7.jar, it does not contain dependency information.
[15Jun2025 17:05:12.256] [main/DEBUG] [net.minecraftforge.fml.loading.moddiscovery.AbstractJarFileDependencyLocator/]: Failed to load resource META-INF/jarjar/metadata.json from YungsBetterMineshafts-1.20-Forge-4.0.4.jar, it does not contain dependency information.
[15Jun2025 17:05:12.256] [main/DEBUG] [net.minecraftforge.fml.loading.moddiscovery.AbstractJarFileDependencyLocator/]: Failed to load resource META-INF/jarjar/metadata.json from BetterAdvancements-Forge-1.20.1-0.4.2.10.jar, it does not contain dependency information.
[15Jun2025 17:05:12.256] [main/DEBUG] [net.minecraftforge.fml.loading.moddiscovery.AbstractJarFileDependencyLocator/]: Failed to load resource META-INF/jarjar/metadata.json from mclanguage-1.20.1-47.3.7.jar, it does not contain dependency information.
[15Jun2025 17:05:12.257] [main/DEBUG] [net.minecraftforge.fml.loading.moddiscovery.AbstractJarFileDependencyLocator/]: Failed to load resource META-INF/jarjar/metadata.json from javafmllanguage-1.20.1-47.3.7.jar, it does not contain dependency information.
[15Jun2025 17:05:12.257] [main/DEBUG] [net.minecraftforge.fml.loading.moddiscovery.AbstractJarFileDependencyLocator/]: Failed to load resource META-INF/jarjar/metadata.json from fmlcore-1.20.1-47.3.7.jar, it does not contain dependency information.
[15Jun2025 17:05:12.257] [main/DEBUG] [net.minecraftforge.fml.loading.moddiscovery.AbstractJarFileDependencyLocator/]: Failed to load resource META-INF/jarjar/metadata.json from lowcodelanguage-1.20.1-47.3.7.jar, it does not contain dependency information.
[15Jun2025 17:05:12.301] [main/DEBUG] [net.minecraftforge.fml.loading.moddiscovery.ModFileParser/LOADING]: Considering mod file candidate 
[15Jun2025 17:05:12.301] [main/DEBUG] [net.minecraftforge.fml.loading.moddiscovery.ModFileInfo/LOADING]: Found valid mod file mixinextras-forge-0.3.6.jar with {mixinextras} mods - versions {0.3.6}
[15Jun2025 17:05:12.307] [main/DEBUG] [net.minecraftforge.fml.loading.moddiscovery.ModFileParser/LOADING]: Considering mod file candidate 
[15Jun2025 17:05:12.308] [main/DEBUG] [net.minecraftforge.fml.loading.moddiscovery.ModFileInfo/LOADING]: Found valid mod file resourcefullib-forge-1.20.1-2.1.20.jar with {resourcefullib} mods - versions {2.1.20}
[15Jun2025 17:05:12.310] [main/DEBUG] [net.minecraftforge.fml.loading.moddiscovery.ModFileParser/LOADING]: Considering mod file candidate 
[15Jun2025 17:05:12.311] [main/DEBUG] [net.minecraftforge.fml.loading.moddiscovery.ModFileInfo/LOADING]: Found valid mod file mixinextras-forge-0.3.5.jar with {mixinextras} mods - versions {0.3.5}
[15Jun2025 17:05:12.314] [main/DEBUG] [net.minecraftforge.fml.loading.moddiscovery.ModFileParser/LOADING]: Considering mod file candidate 
[15Jun2025 17:05:12.314] [main/DEBUG] [net.minecraftforge.fml.loading.moddiscovery.ModFileInfo/LOADING]: Found valid mod file mixinextras-forge-0.2.0-beta.6.jar with {mixinextras} mods - versions {0.2.0-beta.6}
[15Jun2025 17:05:12.319] [main/DEBUG] [net.minecraftforge.fml.loading.moddiscovery.ModFileParser/LOADING]: Considering mod file candidate 
[15Jun2025 17:05:12.320] [main/DEBUG] [net.minecraftforge.fml.loading.moddiscovery.ModFileInfo/LOADING]: Found valid mod file mixinextras-forge-0.3.6.jar with {mixinextras} mods - versions {0.3.6}
[15Jun2025 17:05:12.340] [main/DEBUG] [net.minecraftforge.fml.loading.moddiscovery.ModFileParser/LOADING]: Considering mod file candidate 
[15Jun2025 17:05:12.341] [main/DEBUG] [net.minecraftforge.fml.loading.moddiscovery.ModFileInfo/LOADING]: Found valid mod file cgl-1.20-forge-0.3.3.jar with {commongroovylibrary} mods - versions {0.3.3}
[15Jun2025 17:05:12.344] [main/DEBUG] [net.minecraftforge.fml.loading.moddiscovery.ModFileParser/LOADING]: Considering mod file candidate 
[15Jun2025 17:05:12.344] [main/DEBUG] [net.minecraftforge.fml.loading.moddiscovery.ModFileInfo/LOADING]: Found valid mod file mod-4.0.9.jar with {gml} mods - versions {4.0.9}
[15Jun2025 17:05:12.420] [main/DEBUG] [net.minecraftforge.fml.loading.moddiscovery.ModFileParser/LOADING]: Considering mod file candidate 
[15Jun2025 17:05:12.421] [main/DEBUG] [net.minecraftforge.fml.loading.moddiscovery.ModFileInfo/LOADING]: Found valid mod file puzzlesaccessapi-forge-8.0.7.jar with {puzzlesaccessapi} mods - versions {8.0.7}
[15Jun2025 17:05:12.442] [main/DEBUG] [net.minecraftforge.fml.loading.moddiscovery.AbstractJarFileDependencyLocator/]: Failed to load resource META-INF/jarjar/metadata.json from httpmime-4.5.10.jar, it does not contain dependency information.
[15Jun2025 17:05:12.448] [main/DEBUG] [net.minecraftforge.fml.loading.moddiscovery.AbstractJarFileDependencyLocator/]: Failed to load resource META-INF/jarjar/metadata.json from Reflect-1.3.4.jar, it does not contain dependency information.
[15Jun2025 17:05:12.448] [main/DEBUG] [net.minecraftforge.fml.loading.moddiscovery.AbstractJarFileDependencyLocator/]: Failed to load resource META-INF/jarjar/metadata.json from mclib-20.jar, it does not contain dependency information.
[15Jun2025 17:05:12.448] [main/DEBUG] [net.minecraftforge.fml.loading.moddiscovery.AbstractJarFileDependencyLocator/]: Failed to load resource META-INF/jarjar/metadata.json from srgutils-0.5.4.jar, it does not contain dependency information.
[15Jun2025 17:05:12.451] [main/DEBUG] [net.minecraftforge.fml.loading.moddiscovery.AbstractJarFileDependencyLocator/]: Failed to load resource META-INF/jarjar/metadata.json from mod-4.0.9.jar, it does not contain dependency information.
[15Jun2025 17:05:12.700] [main/DEBUG] [net.minecraftforge.fml.loading.moddiscovery.AbstractJarFileDependencyLocator/]: Failed to load resource META-INF/jarjar/metadata.json from script-mods-4.0.9-all.jar, it does not contain dependency information.
[15Jun2025 17:05:12.700] [main/DEBUG] [net.minecraftforge.fml.loading.moddiscovery.AbstractJarFileDependencyLocator/]: Failed to load resource META-INF/jarjar/metadata.json from MixinExtras-0.3.6.jar, it does not contain dependency information.
[15Jun2025 17:05:12.701] [main/DEBUG] [net.minecraftforge.fml.loading.moddiscovery.AbstractJarFileDependencyLocator/]: Failed to load resource META-INF/jarjar/metadata.json from yabn-1.0.3.jar, it does not contain dependency information.
[15Jun2025 17:05:12.701] [main/DEBUG] [net.minecraftforge.fml.loading.moddiscovery.AbstractJarFileDependencyLocator/]: Failed to load resource META-INF/jarjar/metadata.json from bytecodecs-1.0.2.jar, it does not contain dependency information.
[15Jun2025 17:05:12.701] [main/DEBUG] [net.minecraftforge.fml.loading.moddiscovery.AbstractJarFileDependencyLocator/]: Failed to load resource META-INF/jarjar/metadata.json from MixinExtras-0.3.5.jar, it does not contain dependency information.
[15Jun2025 17:05:12.701] [main/DEBUG] [net.minecraftforge.fml.loading.moddiscovery.AbstractJarFileDependencyLocator/]: Failed to load resource META-INF/jarjar/metadata.json from MixinExtras-0.2.0-beta.6.jar, it does not contain dependency information.
[15Jun2025 17:05:12.701] [main/DEBUG] [net.minecraftforge.fml.loading.moddiscovery.AbstractJarFileDependencyLocator/]: Failed to load resource META-INF/jarjar/metadata.json from MixinExtras-0.3.6.jar, it does not contain dependency information.
[15Jun2025 17:05:12.701] [main/DEBUG] [net.minecraftforge.fml.loading.moddiscovery.AbstractJarFileDependencyLocator/]: Failed to load resource META-INF/jarjar/metadata.json from jankson-1.2.2.jar, it does not contain dependency information.
[15Jun2025 17:05:12.701] [main/DEBUG] [net.minecraftforge.fml.loading.moddiscovery.AbstractJarFileDependencyLocator/]: Failed to load resource META-INF/jarjar/metadata.json from jackson-databind-2.15.2.jar, it does not contain dependency information.
[15Jun2025 17:05:12.702] [main/DEBUG] [net.minecraftforge.fml.loading.moddiscovery.AbstractJarFileDependencyLocator/]: Failed to load resource META-INF/jarjar/metadata.json from jackson-core-2.15.2.jar, it does not contain dependency information.
[15Jun2025 17:05:12.702] [main/DEBUG] [net.minecraftforge.fml.loading.moddiscovery.AbstractJarFileDependencyLocator/]: Failed to load resource META-INF/jarjar/metadata.json from jackson-annotations-2.15.2.jar, it does not contain dependency information.
[15Jun2025 17:05:12.702] [main/DEBUG] [net.minecraftforge.fml.loading.moddiscovery.AbstractJarFileDependencyLocator/]: Failed to load resource META-INF/jarjar/metadata.json from jackson-dataformat-toml-2.15.2.jar, it does not contain dependency information.
[15Jun2025 17:05:12.702] [main/DEBUG] [net.minecraftforge.fml.loading.moddiscovery.AbstractJarFileDependencyLocator/]: Failed to load resource META-INF/jarjar/metadata.json from groovy-4.0.13.jar, it does not contain dependency information.
[15Jun2025 17:05:12.702] [main/DEBUG] [net.minecraftforge.fml.loading.moddiscovery.AbstractJarFileDependencyLocator/]: Failed to load resource META-INF/jarjar/metadata.json from groovy-contracts-4.0.13.jar, it does not contain dependency information.
[15Jun2025 17:05:12.702] [main/DEBUG] [net.minecraftforge.fml.loading.moddiscovery.AbstractJarFileDependencyLocator/]: Failed to load resource META-INF/jarjar/metadata.json from groovy-datetime-4.0.13.jar, it does not contain dependency information.
[15Jun2025 17:05:12.702] [main/DEBUG] [net.minecraftforge.fml.loading.moddiscovery.AbstractJarFileDependencyLocator/]: Failed to load resource META-INF/jarjar/metadata.json from groovy-nio-4.0.13.jar, it does not contain dependency information.
[15Jun2025 17:05:12.702] [main/DEBUG] [net.minecraftforge.fml.loading.moddiscovery.AbstractJarFileDependencyLocator/]: Failed to load resource META-INF/jarjar/metadata.json from groovy-macro-4.0.13.jar, it does not contain dependency information.
[15Jun2025 17:05:12.702] [main/DEBUG] [net.minecraftforge.fml.loading.moddiscovery.AbstractJarFileDependencyLocator/]: Failed to load resource META-INF/jarjar/metadata.json from groovy-macro-library-4.0.13.jar, it does not contain dependency information.
[15Jun2025 17:05:12.703] [main/DEBUG] [net.minecraftforge.fml.loading.moddiscovery.AbstractJarFileDependencyLocator/]: Failed to load resource META-INF/jarjar/metadata.json from groovy-templates-4.0.13.jar, it does not contain dependency information.
[15Jun2025 17:05:12.703] [main/DEBUG] [net.minecraftforge.fml.loading.moddiscovery.AbstractJarFileDependencyLocator/]: Failed to load resource META-INF/jarjar/metadata.json from groovy-xml-4.0.13.jar, it does not contain dependency information.
[15Jun2025 17:05:12.703] [main/DEBUG] [net.minecraftforge.fml.loading.moddiscovery.AbstractJarFileDependencyLocator/]: Failed to load resource META-INF/jarjar/metadata.json from groovy-typecheckers-4.0.13.jar, it does not contain dependency information.
[15Jun2025 17:05:12.703] [main/DEBUG] [net.minecraftforge.fml.loading.moddiscovery.AbstractJarFileDependencyLocator/]: Failed to load resource META-INF/jarjar/metadata.json from groovy-dateutil-4.0.13.jar, it does not contain dependency information.
[15Jun2025 17:05:12.703] [main/DEBUG] [net.minecraftforge.fml.loading.moddiscovery.AbstractJarFileDependencyLocator/]: Failed to load resource META-INF/jarjar/metadata.json from groovy-ginq-4.0.13.jar, it does not contain dependency information.
[15Jun2025 17:05:12.703] [main/DEBUG] [net.minecraftforge.fml.loading.moddiscovery.AbstractJarFileDependencyLocator/]: Failed to load resource META-INF/jarjar/metadata.json from groovy-toml-4.0.13.jar, it does not contain dependency information.
[15Jun2025 17:05:12.703] [main/DEBUG] [net.minecraftforge.fml.loading.moddiscovery.AbstractJarFileDependencyLocator/]: Failed to load resource META-INF/jarjar/metadata.json from groovy-json-4.0.13.jar, it does not contain dependency information.
[15Jun2025 17:05:12.728] [main/DEBUG] [net.minecraftforge.fml.loading.moddiscovery.ModFileParser/LOADING]: Considering mod file candidate 
[15Jun2025 17:05:12.729] [main/DEBUG] [net.minecraftforge.fml.loading.moddiscovery.ModFileInfo/LOADING]: Found valid mod file mixinextras-forge-0.3.6.jar with {mixinextras} mods - versions {0.3.6}
[15Jun2025 17:05:12.738] [main/DEBUG] [net.minecraftforge.fml.loading.moddiscovery.ModFileParser/LOADING]: Considering mod file candidate 
[15Jun2025 17:05:12.738] [main/DEBUG] [net.minecraftforge.fml.loading.moddiscovery.ModFileInfo/LOADING]: Found valid mod file mixinextras-forge-0.2.0-beta.6.jar with {mixinextras} mods - versions {0.2.0-beta.6}
[15Jun2025 17:05:12.743] [main/DEBUG] [net.minecraftforge.fml.loading.moddiscovery.ModFileParser/LOADING]: Considering mod file candidate 
[15Jun2025 17:05:12.744] [main/DEBUG] [net.minecraftforge.fml.loading.moddiscovery.ModFileInfo/LOADING]: Found valid mod file puzzlesaccessapi-forge-8.0.7.jar with {puzzlesaccessapi} mods - versions {8.0.7}
[15Jun2025 17:05:12.744] [main/DEBUG] [net.minecraftforge.fml.loading.moddiscovery.ModFileParser/LOADING]: Considering mod file candidate 
[15Jun2025 17:05:12.745] [main/DEBUG] [net.minecraftforge.fml.loading.moddiscovery.ModFileInfo/LOADING]: Found valid mod file mod-4.0.9.jar with {gml} mods - versions {4.0.9}
[15Jun2025 17:05:12.889] [main/DEBUG] [net.minecraftforge.fml.loading.moddiscovery.ModFileParser/LOADING]: Considering mod file candidate 
[15Jun2025 17:05:12.890] [main/DEBUG] [net.minecraftforge.fml.loading.moddiscovery.ModFileInfo/LOADING]: Found valid mod file cgl-1.20-forge-0.3.3.jar with {commongroovylibrary} mods - versions {0.3.3}
[15Jun2025 17:05:12.899] [main/DEBUG] [net.minecraftforge.fml.loading.moddiscovery.ModFileParser/LOADING]: Considering mod file candidate 
[15Jun2025 17:05:12.900] [main/DEBUG] [net.minecraftforge.fml.loading.moddiscovery.ModFileInfo/LOADING]: Found valid mod file resourcefullib-forge-1.20.1-2.1.20.jar with {resourcefullib} mods - versions {2.1.20}
[15Jun2025 17:05:12.906] [main/WARN] [net.minecraftforge.jarjar.selection.JarSelector/]: Attempted to select two dependency jars from JarJar which have the same identification: Mod File:  and Mod File: . Using Mod File: 
[15Jun2025 17:05:12.907] [main/INFO] [net.minecraftforge.fml.loading.moddiscovery.JarInJarDependencyLocator/]: Found 32 dependencies adding them to mods collection
[15Jun2025 17:05:12.910] [main/DEBUG] [net.minecraftforge.fml.loading.moddiscovery.ModFileParser/LOADING]: Considering mod file candidate /workspaces/peneever/servidor_minecraft/mods/Stellarity-v2-0e.jar
[15Jun2025 17:05:12.910] [main/DEBUG] [net.minecraftforge.fml.loading.moddiscovery.ModFileInfo/LOADING]: Found valid mod file Stellarity-v2-0e.jar with {mr_stellarity} mods - versions {2.0d}
[15Jun2025 17:05:12.913] [main/DEBUG] [net.minecraftforge.fml.loading.moddiscovery.ModFile/LOADING]: Loading mod file /workspaces/peneever/servidor_minecraft/mods/Stellarity-v2-0e.jar with languages [LanguageSpec[languageName=lowcodefml, acceptedVersions=[40,)]]
[15Jun2025 17:05:12.914] [main/DEBUG] [net.minecraftforge.fml.loading.moddiscovery.ModFileParser/LOADING]: Considering mod file candidate /workspaces/peneever/servidor_minecraft/mods/weaponmaster_ydm-forge-1.20.1-4.2.3.jar
[15Jun2025 17:05:12.914] [main/DEBUG] [net.minecraftforge.fml.loading.moddiscovery.ModFileInfo/LOADING]: Found valid mod file weaponmaster_ydm-forge-1.20.1-4.2.3.jar with {weaponmaster_ydm} mods - versions {4.2.3}
[15Jun2025 17:05:12.914] [main/DEBUG] [net.minecraftforge.fml.loading.moddiscovery.ModFile/LOADING]: Loading mod file /workspaces/peneever/servidor_minecraft/mods/weaponmaster_ydm-forge-1.20.1-4.2.3.jar with languages [LanguageSpec[languageName=javafml, acceptedVersions=[30,)]]
[15Jun2025 17:05:12.914] [main/DEBUG] [net.minecraftforge.fml.loading.moddiscovery.ModFileParser/LOADING]: Considering mod file candidate /workspaces/peneever/servidor_minecraft/mods/inventorysorter-1.20.1-23.0.1.jar
[15Jun2025 17:05:12.915] [main/DEBUG] [net.minecraftforge.fml.loading.moddiscovery.ModFileInfo/LOADING]: Found valid mod file inventorysorter-1.20.1-23.0.1.jar with {inventorysorter} mods - versions {23.0.1}
[15Jun2025 17:05:12.915] [main/DEBUG] [net.minecraftforge.fml.loading.moddiscovery.ModFile/LOADING]: Loading mod file /workspaces/peneever/servidor_minecraft/mods/inventorysorter-1.20.1-23.0.1.jar with languages [LanguageSpec[languageName=javafml, acceptedVersions=[38,)]]
[15Jun2025 17:05:12.915] [main/DEBUG] [net.minecraftforge.fml.loading.moddiscovery.ModFileParser/LOADING]: Considering mod file candidate /workspaces/peneever/servidor_minecraft/mods/SkyVillages-1.0.4-1.19.2-1.20.1-forge-release.jar
[15Jun2025 17:05:12.916] [main/DEBUG] [net.minecraftforge.fml.loading.moddiscovery.ModFileInfo/LOADING]: Found valid mod file SkyVillages-1.0.4-1.19.2-1.20.1-forge-release.jar with {skyvillages} mods - versions {1.0.4}
[15Jun2025 17:05:12.916] [main/DEBUG] [net.minecraftforge.fml.loading.moddiscovery.ModFile/LOADING]: Loading mod file /workspaces/peneever/servidor_minecraft/mods/SkyVillages-1.0.4-1.19.2-1.20.1-forge-release.jar with languages [LanguageSpec[languageName=javafml, acceptedVersions=[43,)]]
[15Jun2025 17:05:12.916] [main/DEBUG] [net.minecraftforge.fml.loading.moddiscovery.ModFileParser/LOADING]: Considering mod file candidate /workspaces/peneever/servidor_minecraft/mods/geckolib-forge-1.20.1-4.4.9.jar
[15Jun2025 17:05:12.916] [main/DEBUG] [net.minecraftforge.fml.loading.moddiscovery.ModFileInfo/LOADING]: Found valid mod file geckolib-forge-1.20.1-4.4.9.jar with {geckolib} mods - versions {4.4.9}
[15Jun2025 17:05:12.916] [main/DEBUG] [net.minecraftforge.fml.loading.moddiscovery.ModFile/LOADING]: Loading mod file /workspaces/peneever/servidor_minecraft/mods/geckolib-forge-1.20.1-4.4.9.jar with languages [LanguageSpec[languageName=javafml, acceptedVersions=[47,)]]
[15Jun2025 17:05:12.916] [main/DEBUG] [net.minecraftforge.fml.loading.moddiscovery.ModFileParser/LOADING]: Considering mod file candidate /workspaces/peneever/servidor_minecraft/mods/EasyMagic-v8.0.1-1.20.1-Forge.jar
[15Jun2025 17:05:12.917] [main/DEBUG] [net.minecraftforge.fml.loading.moddiscovery.ModFileInfo/LOADING]: Found valid mod file EasyMagic-v8.0.1-1.20.1-Forge.jar with {easymagic} mods - versions {8.0.1}
[15Jun2025 17:05:12.917] [main/DEBUG] [net.minecraftforge.fml.loading.moddiscovery.ModFile/LOADING]: Loading mod file /workspaces/peneever/servidor_minecraft/mods/EasyMagic-v8.0.1-1.20.1-Forge.jar with languages [LanguageSpec[languageName=javafml, acceptedVersions=[47,)]]
[15Jun2025 17:05:12.917] [main/DEBUG] [net.minecraftforge.fml.loading.moddiscovery.ModFileParser/LOADING]: Considering mod file candidate /workspaces/peneever/servidor_minecraft/mods/jei-1.20.1-forge-15.19.0.88.jar
[15Jun2025 17:05:12.917] [main/DEBUG] [net.minecraftforge.fml.loading.moddiscovery.ModFileInfo/LOADING]: Found valid mod file jei-1.20.1-forge-15.19.0.88.jar with {jei} mods - versions {15.19.0.88}
[15Jun2025 17:05:12.917] [main/DEBUG] [net.minecraftforge.fml.loading.moddiscovery.ModFile/LOADING]: Loading mod file /workspaces/peneever/servidor_minecraft/mods/jei-1.20.1-forge-15.19.0.88.jar with languages [LanguageSpec[languageName=javafml, acceptedVersions=[47,)]]
[15Jun2025 17:05:12.917] [main/DEBUG] [net.minecraftforge.fml.loading.moddiscovery.ModFileParser/LOADING]: Considering mod file candidate /workspaces/peneever/servidor_minecraft/mods/naturalist-forge-4.0.3-1.20.1.jar
[15Jun2025 17:05:12.918] [main/DEBUG] [net.minecraftforge.fml.loading.moddiscovery.ModFileInfo/LOADING]: Found valid mod file naturalist-forge-4.0.3-1.20.1.jar with {naturalist} mods - versions {4.0.3}
[15Jun2025 17:05:12.918] [main/DEBUG] [net.minecraftforge.fml.loading.moddiscovery.ModFile/LOADING]: Loading mod file /workspaces/peneever/servidor_minecraft/mods/naturalist-forge-4.0.3-1.20.1.jar with languages [LanguageSpec[languageName=javafml, acceptedVersions=[41,)]]
[15Jun2025 17:05:12.918] [main/DEBUG] [net.minecraftforge.fml.loading.moddiscovery.ModFileParser/LOADING]: Considering mod file candidate /workspaces/peneever/servidor_minecraft/mods/libraryferret-forge-1.20.1-4.0.0.jar
[15Jun2025 17:05:12.918] [main/DEBUG] [net.minecraftforge.fml.loading.moddiscovery.ModFileInfo/LOADING]: Found valid mod file libraryferret-forge-1.20.1-4.0.0.jar with {libraryferret} mods - versions {4.0.0}
[15Jun2025 17:05:12.919] [main/DEBUG] [net.minecraftforge.fml.loading.moddiscovery.ModFile/LOADING]: Loading mod file /workspaces/peneever/servidor_minecraft/mods/libraryferret-forge-1.20.1-4.0.0.jar with languages [LanguageSpec[languageName=javafml, acceptedVersions=[47,)]]
[15Jun2025 17:05:12.919] [main/DEBUG] [net.minecraftforge.fml.loading.moddiscovery.ModFileParser/LOADING]: Considering mod file candidate /workspaces/peneever/servidor_minecraft/mods/Incendium_1.20.1_v5.3.1.jar
[15Jun2025 17:05:12.919] [main/DEBUG] [net.minecraftforge.fml.loading.moddiscovery.ModFileInfo/LOADING]: Found valid mod file Incendium_1.20.1_v5.3.1.jar with {incendium} mods - versions {5.3.1}
[15Jun2025 17:05:12.919] [main/DEBUG] [net.minecraftforge.fml.loading.moddiscovery.ModFile/LOADING]: Loading mod file /workspaces/peneever/servidor_minecraft/mods/Incendium_1.20.1_v5.3.1.jar with languages [LanguageSpec[languageName=javafml, acceptedVersions=[40,)]]
[15Jun2025 17:05:12.919] [main/DEBUG] [net.minecraftforge.fml.loading.moddiscovery.ModFileParser/LOADING]: Considering mod file candidate /workspaces/peneever/servidor_minecraft/mods/sound-physics-remastered-forge-1.20.1-1.4.5.jar
[15Jun2025 17:05:12.920] [main/DEBUG] [net.minecraftforge.fml.loading.moddiscovery.ModFileInfo/LOADING]: Found valid mod file sound-physics-remastered-forge-1.20.1-1.4.5.jar with {sound_physics_remastered} mods - versions {1.20.1-1.4.5}
[15Jun2025 17:05:12.920] [main/DEBUG] [net.minecraftforge.fml.loading.moddiscovery.ModFile/LOADING]: Loading mod file /workspaces/peneever/servidor_minecraft/mods/sound-physics-remastered-forge-1.20.1-1.4.5.jar with languages [LanguageSpec[languageName=javafml, acceptedVersions=*]]
[15Jun2025 17:05:12.920] [main/DEBUG] [net.minecraftforge.fml.loading.moddiscovery.ModFileParser/LOADING]: Considering mod file candidate /workspaces/peneever/servidor_minecraft/mods/structureessentials-1.20.1-3.4.jar
[15Jun2025 17:05:12.920] [main/DEBUG] [net.minecraftforge.fml.loading.moddiscovery.ModFileInfo/LOADING]: Found valid mod file structureessentials-1.20.1-3.4.jar with {structureessentials} mods - versions {1.20.1-3.4}
[15Jun2025 17:05:12.921] [main/DEBUG] [net.minecraftforge.fml.loading.moddiscovery.ModFile/LOADING]: Loading mod file /workspaces/peneever/servidor_minecraft/mods/structureessentials-1.20.1-3.4.jar with languages [LanguageSpec[languageName=javafml, acceptedVersions=[36,)]]
[15Jun2025 17:05:12.921] [main/DEBUG] [net.minecraftforge.fml.loading.moddiscovery.ModFileParser/LOADING]: Considering mod file candidate /workspaces/peneever/servidor_minecraft/mods/Fallingleaves-1.20-2.1.0-beta.1.jar
[15Jun2025 17:05:12.921] [main/DEBUG] [net.minecraftforge.fml.loading.moddiscovery.ModFileInfo/LOADING]: Found valid mod file Fallingleaves-1.20-2.1.0-beta.1.jar with {fallingleaves} mods - versions {2.1.0-beta.1}
[15Jun2025 17:05:12.921] [main/DEBUG] [net.minecraftforge.fml.loading.moddiscovery.ModFile/LOADING]: Loading mod file /workspaces/peneever/servidor_minecraft/mods/Fallingleaves-1.20-2.1.0-beta.1.jar with languages [LanguageSpec[languageName=javafml, acceptedVersions=[40,)]]
[15Jun2025 17:05:12.921] [main/DEBUG] [net.minecraftforge.fml.loading.moddiscovery.ModFileParser/LOADING]: Considering mod file candidate /workspaces/peneever/servidor_minecraft/mods/Clumps-forge-1.20.1-12.0.0.4.jar
[15Jun2025 17:05:12.922] [main/DEBUG] [net.minecraftforge.fml.loading.moddiscovery.ModFileInfo/LOADING]: Found valid mod file Clumps-forge-1.20.1-12.0.0.4.jar with {clumps} mods - versions {12.0.0.4}
[15Jun2025 17:05:12.922] [main/DEBUG] [net.minecraftforge.fml.loading.moddiscovery.ModFile/LOADING]: Loading mod file /workspaces/peneever/servidor_minecraft/mods/Clumps-forge-1.20.1-12.0.0.4.jar with languages [LanguageSpec[languageName=javafml, acceptedVersions=[41,)]]
[15Jun2025 17:05:12.922] [main/DEBUG] [net.minecraftforge.fml.loading.moddiscovery.ModFileParser/LOADING]: Considering mod file candidate /workspaces/peneever/servidor_minecraft/mods/Structory_1.20.x_v1.3.5.jar
[15Jun2025 17:05:12.922] [main/DEBUG] [net.minecraftforge.fml.loading.moddiscovery.ModFileInfo/LOADING]: Found valid mod file Structory_1.20.x_v1.3.5.jar with {structory} mods - versions {1.3.5}
[15Jun2025 17:05:12.922] [main/DEBUG] [net.minecraftforge.fml.loading.moddiscovery.ModFile/LOADING]: Loading mod file /workspaces/peneever/servidor_minecraft/mods/Structory_1.20.x_v1.3.5.jar with languages [LanguageSpec[languageName=lowcodefml, acceptedVersions=[1,)]]
[15Jun2025 17:05:12.922] [main/DEBUG] [net.minecraftforge.fml.loading.moddiscovery.ModFileParser/LOADING]: Considering mod file candidate /workspaces/peneever/servidor_minecraft/mods/travelersbackpack-forge-1.20.1-9.1.15.jar
[15Jun2025 17:05:12.923] [main/DEBUG] [net.minecraftforge.fml.loading.moddiscovery.ModFileInfo/LOADING]: Found valid mod file travelersbackpack-forge-1.20.1-9.1.15.jar with {travelersbackpack} mods - versions {9.1.15}
[15Jun2025 17:05:12.923] [main/DEBUG] [net.minecraftforge.fml.loading.moddiscovery.ModFile/LOADING]: Loading mod file /workspaces/peneever/servidor_minecraft/mods/travelersbackpack-forge-1.20.1-9.1.15.jar with languages [LanguageSpec[languageName=javafml, acceptedVersions=[46,)]]
[15Jun2025 17:05:12.923] [main/DEBUG] [net.minecraftforge.fml.loading.moddiscovery.ModFileParser/LOADING]: Considering mod file candidate /workspaces/peneever/servidor_minecraft/mods/YungsApi-1.20-Forge-4.0.5.jar
[15Jun2025 17:05:12.924] [main/DEBUG] [net.minecraftforge.fml.loading.moddiscovery.ModFileInfo/LOADING]: Found valid mod file YungsApi-1.20-Forge-4.0.5.jar with {yungsapi} mods - versions {1.20-Forge-4.0.5}
[15Jun2025 17:05:12.924] [main/DEBUG] [net.minecraftforge.fml.loading.moddiscovery.ModFile/LOADING]: Loading mod file /workspaces/peneever/servidor_minecraft/mods/YungsApi-1.20-Forge-4.0.5.jar with languages [LanguageSpec[languageName=javafml, acceptedVersions=[46,)]]
[15Jun2025 17:05:12.924] [main/DEBUG] [net.minecraftforge.fml.loading.moddiscovery.ModFileParser/LOADING]: Considering mod file candidate /workspaces/peneever/servidor_minecraft/mods/MyServerIsCompatible-1.20-1.0.jar
[15Jun2025 17:05:12.924] [main/DEBUG] [net.minecraftforge.fml.loading.moddiscovery.ModFileInfo/LOADING]: Found valid mod file MyServerIsCompatible-1.20-1.0.jar with {myserveriscompatible} mods - versions {1.0}
[15Jun2025 17:05:12.924] [main/DEBUG] [net.minecraftforge.fml.loading.moddiscovery.ModFile/LOADING]: Loading mod file /workspaces/peneever/servidor_minecraft/mods/MyServerIsCompatible-1.20-1.0.jar with languages [LanguageSpec[languageName=javafml, acceptedVersions=[46,)]]
[15Jun2025 17:05:12.924] [main/DEBUG] [net.minecraftforge.fml.loading.moddiscovery.ModFileParser/LOADING]: Considering mod file candidate /workspaces/peneever/servidor_minecraft/mods/PickUpNotifier-v8.0.0-1.20.1-Forge.jar
[15Jun2025 17:05:12.925] [main/DEBUG] [net.minecraftforge.fml.loading.moddiscovery.ModFileInfo/LOADING]: Found valid mod file PickUpNotifier-v8.0.0-1.20.1-Forge.jar with {pickupnotifier} mods - versions {8.0.0}
[15Jun2025 17:05:12.925] [main/DEBUG] [net.minecraftforge.fml.loading.moddiscovery.ModFile/LOADING]: Loading mod file /workspaces/peneever/servidor_minecraft/mods/PickUpNotifier-v8.0.0-1.20.1-Forge.jar with languages [LanguageSpec[languageName=javafml, acceptedVersions=[47,)]]
[15Jun2025 17:05:12.925] [main/DEBUG] [net.minecraftforge.fml.loading.moddiscovery.ModFileParser/LOADING]: Considering mod file candidate /workspaces/peneever/servidor_minecraft/mods/Terralith_1.20.x_v2.5.4.jar
[15Jun2025 17:05:12.925] [main/DEBUG] [net.minecraftforge.fml.loading.moddiscovery.ModFileInfo/LOADING]: Found valid mod file Terralith_1.20.x_v2.5.4.jar with {terralith} mods - versions {2.5.4}
[15Jun2025 17:05:12.925] [main/DEBUG] [net.minecraftforge.fml.loading.moddiscovery.ModFile/LOADING]: Loading mod file /workspaces/peneever/servidor_minecraft/mods/Terralith_1.20.x_v2.5.4.jar with languages [LanguageSpec[languageName=lowcodefml, acceptedVersions=[1,)]]
[15Jun2025 17:05:12.926] [main/DEBUG] [net.minecraftforge.fml.loading.moddiscovery.ModFileParser/LOADING]: Considering mod file candidate /workspaces/peneever/servidor_minecraft/mods/carryon-forge-1.20.1-2.1.2.7.jar
[15Jun2025 17:05:12.926] [main/DEBUG] [net.minecraftforge.fml.loading.moddiscovery.ModFileInfo/LOADING]: Found valid mod file carryon-forge-1.20.1-2.1.2.7.jar with {carryon} mods - versions {2.1.2.7}
[15Jun2025 17:05:12.926] [main/DEBUG] [net.minecraftforge.fml.loading.moddiscovery.ModFile/LOADING]: Loading mod file /workspaces/peneever/servidor_minecraft/mods/carryon-forge-1.20.1-2.1.2.7.jar with languages [LanguageSpec[languageName=javafml, acceptedVersions=[46,)]]
[15Jun2025 17:05:12.926] [main/DEBUG] [net.minecraftforge.fml.loading.moddiscovery.ModFileParser/LOADING]: Considering mod file candidate 
[15Jun2025 17:05:12.927] [main/DEBUG] [net.minecraftforge.fml.loading.moddiscovery.ModFileInfo/LOADING]: Found valid mod file puzzlesaccessapi-forge-8.0.7.jar with {puzzlesaccessapi} mods - versions {8.0.7}
[15Jun2025 17:05:12.927] [main/DEBUG] [net.minecraftforge.fml.loading.moddiscovery.ModFile/LOADING]: Loading mod file  with languages [LanguageSpec[languageName=javafml, acceptedVersions=[47,)]]
[15Jun2025 17:05:12.927] [main/DEBUG] [net.minecraftforge.fml.loading.moddiscovery.ModFileParser/LOADING]: Considering mod file candidate /workspaces/peneever/servidor_minecraft/mods/DungeonsAriseSevenSeas-1.20.x-1.0.2-forge.jar
[15Jun2025 17:05:12.927] [main/DEBUG] [net.minecraftforge.fml.loading.moddiscovery.ModFileInfo/LOADING]: Found valid mod file DungeonsAriseSevenSeas-1.20.x-1.0.2-forge.jar with {dungeons_arise_seven_seas} mods - versions {1.0.2}
[15Jun2025 17:05:12.927] [main/DEBUG] [net.minecraftforge.fml.loading.moddiscovery.ModFile/LOADING]: Loading mod file /workspaces/peneever/servidor_minecraft/mods/DungeonsAriseSevenSeas-1.20.x-1.0.2-forge.jar with languages [LanguageSpec[languageName=javafml, acceptedVersions=[43,)]]
[15Jun2025 17:05:12.927] [main/DEBUG] [net.minecraftforge.fml.loading.moddiscovery.ModFileParser/LOADING]: Considering mod file candidate /workspaces/peneever/servidor_minecraft/mods/YungsBetterNetherFortresses-1.20-Forge-2.0.6.jar
[15Jun2025 17:05:12.928] [main/DEBUG] [net.minecraftforge.fml.loading.moddiscovery.ModFileInfo/LOADING]: Found valid mod file YungsBetterNetherFortresses-1.20-Forge-2.0.6.jar with {betterfortresses} mods - versions {1.20-Forge-2.0.6}
[15Jun2025 17:05:12.928] [main/DEBUG] [net.minecraftforge.fml.loading.moddiscovery.ModFile/LOADING]: Loading mod file /workspaces/peneever/servidor_minecraft/mods/YungsBetterNetherFortresses-1.20-Forge-2.0.6.jar with languages [LanguageSpec[languageName=javafml, acceptedVersions=[46,)]]
[15Jun2025 17:05:12.928] [main/DEBUG] [net.minecraftforge.fml.loading.moddiscovery.ModFileParser/LOADING]: Considering mod file candidate /workspaces/peneever/servidor_minecraft/libraries/net/minecraftforge/forge/1.20.1-47.3.7/forge-1.20.1-47.3.7-universal.jar
[15Jun2025 17:05:12.928] [main/DEBUG] [net.minecraftforge.fml.loading.moddiscovery.ModFileInfo/LOADING]: Found valid mod file forge-1.20.1-47.3.7-universal.jar with {forge} mods - versions {47.3.7}
[15Jun2025 17:05:12.929] [main/DEBUG] [net.minecraftforge.fml.loading.moddiscovery.ModFile/LOADING]: Loading mod file /workspaces/peneever/servidor_minecraft/libraries/net/minecraftforge/forge/1.20.1-47.3.7/forge-1.20.1-47.3.7-universal.jar with languages [LanguageSpec[languageName=javafml, acceptedVersions=[24,]]]
[15Jun2025 17:05:12.930] [main/DEBUG] [net.minecraftforge.fml.loading.moddiscovery.ModFileParser/LOADING]: Found coremod field_to_method with Javascript path coremods/field_to_method.js
[15Jun2025 17:05:12.930] [main/DEBUG] [net.minecraftforge.fml.loading.moddiscovery.ModFileParser/LOADING]: Found coremod field_to_instanceof with Javascript path coremods/field_to_instanceof.js
[15Jun2025 17:05:12.931] [main/DEBUG] [net.minecraftforge.fml.loading.moddiscovery.ModFileParser/LOADING]: Found coremod add_bouncer_method with Javascript path coremods/add_bouncer_method.js
[15Jun2025 17:05:12.931] [main/DEBUG] [net.minecraftforge.fml.loading.moddiscovery.ModFileParser/LOADING]: Found coremod method_redirector with Javascript path coremods/method_redirector.js
[15Jun2025 17:05:12.931] [main/DEBUG] [net.minecraftforge.fml.loading.moddiscovery.ModFile/LOADING]: Found coremod coremods/field_to_method.js
[15Jun2025 17:05:12.931] [main/DEBUG] [net.minecraftforge.fml.loading.moddiscovery.ModFile/LOADING]: Found coremod coremods/field_to_instanceof.js
[15Jun2025 17:05:12.931] [main/DEBUG] [net.minecraftforge.fml.loading.moddiscovery.ModFile/LOADING]: Found coremod coremods/add_bouncer_method.js
[15Jun2025 17:05:12.931] [main/DEBUG] [net.minecraftforge.fml.loading.moddiscovery.ModFile/LOADING]: Found coremod coremods/method_redirector.js
[15Jun2025 17:05:12.931] [main/DEBUG] [net.minecraftforge.fml.loading.moddiscovery.ModFileParser/LOADING]: Considering mod file candidate /workspaces/peneever/servidor_minecraft/mods/embeddium-0.3.31+mc1.20.1.jar
[15Jun2025 17:05:12.932] [main/DEBUG] [net.minecraftforge.fml.loading.moddiscovery.ModFileInfo/LOADING]: Found valid mod file embeddium-0.3.31+mc1.20.1.jar with {embeddium,rubidium} mods - versions {0.3.31+mc1.20.1,0.7.1}
[15Jun2025 17:05:12.932] [main/DEBUG] [net.minecraftforge.fml.loading.moddiscovery.ModFile/LOADING]: Loading mod file /workspaces/peneever/servidor_minecraft/mods/embeddium-0.3.31+mc1.20.1.jar with languages [LanguageSpec[languageName=javafml, acceptedVersions=[47,)]]
[15Jun2025 17:05:12.932] [main/DEBUG] [net.minecraftforge.fml.loading.moddiscovery.ModFileParser/LOADING]: Considering mod file candidate /workspaces/peneever/servidor_minecraft/mods/friendsandfoes-forge-mc1.20.1-2.0.17.jar
[15Jun2025 17:05:12.932] [main/DEBUG] [net.minecraftforge.fml.loading.moddiscovery.ModFileInfo/LOADING]: Found valid mod file friendsandfoes-forge-mc1.20.1-2.0.17.jar with {friendsandfoes} mods - versions {2.0.17}
[15Jun2025 17:05:12.932] [main/DEBUG] [net.minecraftforge.fml.loading.moddiscovery.ModFile/LOADING]: Loading mod file /workspaces/peneever/servidor_minecraft/mods/friendsandfoes-forge-mc1.20.1-2.0.17.jar with languages [LanguageSpec[languageName=javafml, acceptedVersions=*]]
[15Jun2025 17:05:12.932] [main/DEBUG] [net.minecraftforge.fml.loading.moddiscovery.ModFileParser/LOADING]: Considering mod file candidate /workspaces/peneever/servidor_minecraft/mods/ultris-v5.6.9c.jar
[15Jun2025 17:05:12.933] [main/DEBUG] [net.minecraftforge.fml.loading.moddiscovery.ModFileInfo/LOADING]: Found valid mod file ultris-v5.6.9c.jar with {ultris_mr} mods - versions {5.6.9c}
[15Jun2025 17:05:12.933] [main/DEBUG] [net.minecraftforge.fml.loading.moddiscovery.ModFile/LOADING]: Loading mod file /workspaces/peneever/servidor_minecraft/mods/ultris-v5.6.9c.jar with languages [LanguageSpec[languageName=lowcodefml, acceptedVersions=[40,)]]
[15Jun2025 17:05:12.933] [main/DEBUG] [net.minecraftforge.fml.loading.moddiscovery.ModFileParser/LOADING]: Considering mod file candidate /workspaces/peneever/servidor_minecraft/mods/DungeonsArise-1.20.1-2.1.57-release.jar
[15Jun2025 17:05:12.933] [main/DEBUG] [net.minecraftforge.fml.loading.moddiscovery.ModFileInfo/LOADING]: Found valid mod file DungeonsArise-1.20.1-2.1.57-release.jar with {dungeons_arise} mods - versions {2.1.57-1.20.1}
[15Jun2025 17:05:12.934] [main/DEBUG] [net.minecraftforge.fml.loading.moddiscovery.ModFile/LOADING]: Loading mod file /workspaces/peneever/servidor_minecraft/mods/DungeonsArise-1.20.1-2.1.57-release.jar with languages [LanguageSpec[languageName=javafml, acceptedVersions=[41,)]]
[15Jun2025 17:05:12.934] [main/DEBUG] [net.minecraftforge.fml.loading.moddiscovery.ModFileParser/LOADING]: Considering mod file candidate /workspaces/peneever/servidor_minecraft/mods/FarmersDelight-1.20.1-1.2.4.jar
[15Jun2025 17:05:12.934] [main/DEBUG] [net.minecraftforge.fml.loading.moddiscovery.ModFileInfo/LOADING]: Found valid mod file FarmersDelight-1.20.1-1.2.4.jar with {farmersdelight} mods - versions {1.20.1-1.2.4}
[15Jun2025 17:05:12.934] [main/DEBUG] [net.minecraftforge.fml.loading.moddiscovery.ModFile/LOADING]: Loading mod file /workspaces/peneever/servidor_minecraft/mods/FarmersDelight-1.20.1-1.2.4.jar with languages [LanguageSpec[languageName=javafml, acceptedVersions=[46,)]]
[15Jun2025 17:05:12.934] [main/DEBUG] [net.minecraftforge.fml.loading.moddiscovery.ModFileInfo/LOADING]: Found valid mod file server-1.20.1-20230612.114412-srg.jar with {minecraft} mods - versions {1.20.1}
[15Jun2025 17:05:12.934] [main/DEBUG] [net.minecraftforge.fml.loading.moddiscovery.ModFile/LOADING]: Loading mod file /workspaces/peneever/servidor_minecraft/libraries/net/minecraft/server/1.20.1-20230612.114412/server-1.20.1-20230612.114412-srg.jar with languages [LanguageSpec[languageName=minecraft, acceptedVersions=1]]
[15Jun2025 17:05:12.935] [main/DEBUG] [net.minecraftforge.fml.loading.moddiscovery.ModFileParser/LOADING]: Considering mod file candidate /workspaces/peneever/servidor_minecraft/mods/entity_texture_features_forge_1.20.1-6.2.9.jar
[15Jun2025 17:05:12.935] [main/DEBUG] [net.minecraftforge.fml.loading.moddiscovery.ModFileInfo/LOADING]: Found valid mod file entity_texture_features_forge_1.20.1-6.2.9.jar with {entity_texture_features} mods - versions {6.2.9}
[15Jun2025 17:05:12.935] [main/DEBUG] [net.minecraftforge.fml.loading.moddiscovery.ModFile/LOADING]: Loading mod file /workspaces/peneever/servidor_minecraft/mods/entity_texture_features_forge_1.20.1-6.2.9.jar with languages [LanguageSpec[languageName=javafml, acceptedVersions=[1,)]]
[15Jun2025 17:05:12.935] [main/DEBUG] [net.minecraftforge.fml.loading.moddiscovery.ModFileParser/LOADING]: Considering mod file candidate /workspaces/peneever/servidor_minecraft/mods/AmbientSounds_FORGE_v6.0.6_mc1.20.1.jar
[15Jun2025 17:05:12.936] [main/DEBUG] [net.minecraftforge.fml.loading.moddiscovery.ModFileInfo/LOADING]: Found valid mod file AmbientSounds_FORGE_v6.0.6_mc1.20.1.jar with {ambientsounds} mods - versions {6.0.6}
[15Jun2025 17:05:12.936] [main/DEBUG] [net.minecraftforge.fml.loading.moddiscovery.ModFile/LOADING]: Loading mod file /workspaces/peneever/servidor_minecraft/mods/AmbientSounds_FORGE_v6.0.6_mc1.20.1.jar with languages [LanguageSpec[languageName=javafml, acceptedVersions=[46,)]]
[15Jun2025 17:05:12.936] [main/DEBUG] [net.minecraftforge.fml.loading.moddiscovery.ModFileParser/LOADING]: Considering mod file candidate /workspaces/peneever/servidor_minecraft/mods/endermanoverhaul-forge-1.20.1-1.0.4.jar
[15Jun2025 17:05:12.936] [main/DEBUG] [net.minecraftforge.fml.loading.moddiscovery.ModFileInfo/LOADING]: Found valid mod file endermanoverhaul-forge-1.20.1-1.0.4.jar with {endermanoverhaul} mods - versions {1.0.4}
[15Jun2025 17:05:12.936] [main/DEBUG] [net.minecraftforge.fml.loading.moddiscovery.ModFile/LOADING]: Loading mod file /workspaces/peneever/servidor_minecraft/mods/endermanoverhaul-forge-1.20.1-1.0.4.jar with languages [LanguageSpec[languageName=javafml, acceptedVersions=[47,)]]
[15Jun2025 17:05:12.937] [main/DEBUG] [net.minecraftforge.fml.loading.moddiscovery.ModFileParser/LOADING]: Considering mod file candidate 
[15Jun2025 17:05:12.937] [main/DEBUG] [net.minecraftforge.fml.loading.moddiscovery.ModFileInfo/LOADING]: Found valid mod file mod-4.0.9.jar with {gml} mods - versions {4.0.9}
[15Jun2025 17:05:12.937] [main/DEBUG] [net.minecraftforge.fml.loading.moddiscovery.ModFile/LOADING]: Loading mod file  with languages [LanguageSpec[languageName=gml, acceptedVersions=[4.0.9,)]]
[15Jun2025 17:05:12.937] [main/DEBUG] [net.minecraftforge.fml.loading.moddiscovery.ModFileParser/LOADING]: Considering mod file candidate /workspaces/peneever/servidor_minecraft/mods/CreativeCore_FORGE_v2.11.28_mc1.20.1.jar
[15Jun2025 17:05:12.938] [main/DEBUG] [net.minecraftforge.fml.loading.moddiscovery.ModFileInfo/LOADING]: Found valid mod file CreativeCore_FORGE_v2.11.28_mc1.20.1.jar with {creativecore} mods - versions {2.11.28}
[15Jun2025 17:05:12.938] [main/DEBUG] [net.minecraftforge.fml.loading.moddiscovery.ModFile/LOADING]: Loading mod file /workspaces/peneever/servidor_minecraft/mods/CreativeCore_FORGE_v2.11.28_mc1.20.1.jar with languages [LanguageSpec[languageName=javafml, acceptedVersions=[46,)]]
[15Jun2025 17:05:12.938] [main/DEBUG] [net.minecraftforge.fml.loading.moddiscovery.ModFileParser/LOADING]: Considering mod file candidate /workspaces/peneever/servidor_minecraft/mods/From-The-Fog-1.20-v1.9.2-Forge-Fabric.jar
[15Jun2025 17:05:12.938] [main/DEBUG] [net.minecraftforge.fml.loading.moddiscovery.ModFileInfo/LOADING]: Found valid mod file From-The-Fog-1.20-v1.9.2-Forge-Fabric.jar with {watching} mods - versions {1.9.2}
[15Jun2025 17:05:12.938] [main/DEBUG] [net.minecraftforge.fml.loading.moddiscovery.ModFile/LOADING]: Loading mod file /workspaces/peneever/servidor_minecraft/mods/From-The-Fog-1.20-v1.9.2-Forge-Fabric.jar with languages [LanguageSpec[languageName=javafml, acceptedVersions=[40,)]]
[15Jun2025 17:05:12.938] [main/DEBUG] [net.minecraftforge.fml.loading.moddiscovery.ModFileParser/LOADING]: Considering mod file candidate /workspaces/peneever/servidor_minecraft/mods/HangGlider-v8.0.1-1.20.1-Forge.jar
[15Jun2025 17:05:12.939] [main/DEBUG] [net.minecraftforge.fml.loading.moddiscovery.ModFileInfo/LOADING]: Found valid mod file HangGlider-v8.0.1-1.20.1-Forge.jar with {hangglider} mods - versions {8.0.1}
[15Jun2025 17:05:12.939] [main/DEBUG] [net.minecraftforge.fml.loading.moddiscovery.ModFile/LOADING]: Loading mod file /workspaces/peneever/servidor_minecraft/mods/HangGlider-v8.0.1-1.20.1-Forge.jar with languages [LanguageSpec[languageName=javafml, acceptedVersions=[47,)]]
[15Jun2025 17:05:12.939] [main/DEBUG] [net.minecraftforge.fml.loading.moddiscovery.ModFileParser/LOADING]: Considering mod file candidate /workspaces/peneever/servidor_minecraft/mods/resourcefulconfig-forge-1.20.1-2.1.2.jar
[15Jun2025 17:05:12.939] [main/DEBUG] [net.minecraftforge.fml.loading.moddiscovery.ModFileInfo/LOADING]: Found valid mod file resourcefulconfig-forge-1.20.1-2.1.2.jar with {resourcefulconfig} mods - versions {2.1.2}
[15Jun2025 17:05:12.939] [main/DEBUG] [net.minecraftforge.fml.loading.moddiscovery.ModFile/LOADING]: Loading mod file /workspaces/peneever/servidor_minecraft/mods/resourcefulconfig-forge-1.20.1-2.1.2.jar with languages [LanguageSpec[languageName=javafml, acceptedVersions=[46,)]]
[15Jun2025 17:05:12.940] [main/DEBUG] [net.minecraftforge.fml.loading.moddiscovery.ModFileParser/LOADING]: Considering mod file candidate /workspaces/peneever/servidor_minecraft/mods/lionfishapi-1.9.jar
[15Jun2025 17:05:12.940] [main/DEBUG] [net.minecraftforge.fml.loading.moddiscovery.ModFileInfo/LOADING]: Found valid mod file lionfishapi-1.9.jar with {lionfishapi} mods - versions {1.9}
[15Jun2025 17:05:12.940] [main/DEBUG] [net.minecraftforge.fml.loading.moddiscovery.ModFile/LOADING]: Loading mod file /workspaces/peneever/servidor_minecraft/mods/lionfishapi-1.9.jar with languages [LanguageSpec[languageName=javafml, acceptedVersions=[47,)]]
[15Jun2025 17:05:12.940] [main/DEBUG] [net.minecraftforge.fml.loading.moddiscovery.ModFileParser/LOADING]: Considering mod file candidate /workspaces/peneever/servidor_minecraft/mods/curios-forge-5.9.1+1.20.1.jar
[15Jun2025 17:05:12.940] [main/DEBUG] [net.minecraftforge.fml.loading.moddiscovery.ModFileInfo/LOADING]: Found valid mod file curios-forge-5.9.1+1.20.1.jar with {curios} mods - versions {5.9.1+1.20.1}
[15Jun2025 17:05:12.941] [main/DEBUG] [net.minecraftforge.fml.loading.moddiscovery.ModFile/LOADING]: Loading mod file /workspaces/peneever/servidor_minecraft/mods/curios-forge-5.9.1+1.20.1.jar with languages [LanguageSpec[languageName=javafml, acceptedVersions=[41,)]]
[15Jun2025 17:05:12.941] [main/DEBUG] [net.minecraftforge.fml.loading.moddiscovery.ModFileParser/LOADING]: Considering mod file candidate /workspaces/peneever/servidor_minecraft/mods/L_Enders_Cataclysm-1.99.6-1.20.1.jar
[15Jun2025 17:05:12.941] [main/DEBUG] [net.minecraftforge.fml.loading.moddiscovery.ModFileInfo/LOADING]: Found valid mod file L_Enders_Cataclysm-1.99.6-1.20.1.jar with {cataclysm} mods - versions {1.99.5}
[15Jun2025 17:05:12.941] [main/DEBUG] [net.minecraftforge.fml.loading.moddiscovery.ModFile/LOADING]: Loading mod file /workspaces/peneever/servidor_minecraft/mods/L_Enders_Cataclysm-1.99.6-1.20.1.jar with languages [LanguageSpec[languageName=javafml, acceptedVersions=[36,)]]
[15Jun2025 17:05:12.941] [main/DEBUG] [net.minecraftforge.fml.loading.moddiscovery.ModFileParser/LOADING]: Considering mod file candidate 
[15Jun2025 17:05:12.942] [main/DEBUG] [net.minecraftforge.fml.loading.moddiscovery.ModFileInfo/LOADING]: Found valid mod file cgl-1.20-forge-0.3.3.jar with {commongroovylibrary} mods - versions {0.3.3}
[15Jun2025 17:05:12.942] [main/DEBUG] [net.minecraftforge.fml.loading.moddiscovery.ModFile/LOADING]: Loading mod file  with languages [LanguageSpec[languageName=gml, acceptedVersions=[1,)]]
[15Jun2025 17:05:12.942] [main/DEBUG] [net.minecraftforge.fml.loading.moddiscovery.ModFileParser/LOADING]: Considering mod file candidate /workspaces/peneever/servidor_minecraft/mods/dungeons-and-taverns-v2.1.4 [Forge].jar
[15Jun2025 17:05:12.942] [main/DEBUG] [net.minecraftforge.fml.loading.moddiscovery.ModFileInfo/LOADING]: Found valid mod file dungeons-and-taverns-v2.1.4 [Forge].jar with {mr_dungeons_andtaverns} mods - versions {1-v2.1.4}
[15Jun2025 17:05:12.943] [main/DEBUG] [net.minecraftforge.fml.loading.moddiscovery.ModFile/LOADING]: Loading mod file /workspaces/peneever/servidor_minecraft/mods/dungeons-and-taverns-v2.1.4 [Forge].jar with languages [LanguageSpec[languageName=lowcodefml, acceptedVersions=[40,)]]
[15Jun2025 17:05:12.943] [main/DEBUG] [net.minecraftforge.fml.loading.moddiscovery.ModFileParser/LOADING]: Considering mod file candidate /workspaces/peneever/servidor_minecraft/mods/bettervillage-forge-1.20.1-3.2.0.jar
[15Jun2025 17:05:12.943] [main/DEBUG] [net.minecraftforge.fml.loading.moddiscovery.ModFileInfo/LOADING]: Found valid mod file bettervillage-forge-1.20.1-3.2.0.jar with {bettervillage} mods - versions {3.1.0}
[15Jun2025 17:05:12.943] [main/DEBUG] [net.minecraftforge.fml.loading.moddiscovery.ModFile/LOADING]: Loading mod file /workspaces/peneever/servidor_minecraft/mods/bettervillage-forge-1.20.1-3.2.0.jar with languages [LanguageSpec[languageName=javafml, acceptedVersions=[47,)]]
[15Jun2025 17:05:12.943] [main/DEBUG] [net.minecraftforge.fml.loading.moddiscovery.ModFileParser/LOADING]: Considering mod file candidate /workspaces/peneever/servidor_minecraft/mods/doespotatotick-1.20.1-4.0.2.jar
[15Jun2025 17:05:12.944] [main/DEBUG] [net.minecraftforge.fml.loading.moddiscovery.ModFileInfo/LOADING]: Found valid mod file doespotatotick-1.20.1-4.0.2.jar with {doespotatotick} mods - versions {1.20.1-4.0.2}
[15Jun2025 17:05:12.944] [main/DEBUG] [net.minecraftforge.fml.loading.moddiscovery.ModFile/LOADING]: Loading mod file /workspaces/peneever/servidor_minecraft/mods/doespotatotick-1.20.1-4.0.2.jar with languages [LanguageSpec[languageName=javafml, acceptedVersions=[36,)]]
[15Jun2025 17:05:12.944] [main/DEBUG] [net.minecraftforge.fml.loading.moddiscovery.ModFileParser/LOADING]: Considering mod file candidate /workspaces/peneever/servidor_minecraft/mods/entityculling-forge-1.7.0-mc1.20.1.jar
[15Jun2025 17:05:12.944] [main/DEBUG] [net.minecraftforge.fml.loading.moddiscovery.ModFileInfo/LOADING]: Found valid mod file entityculling-forge-1.7.0-mc1.20.1.jar with {entityculling} mods - versions {1.7.0}
[15Jun2025 17:05:12.944] [main/DEBUG] [net.minecraftforge.fml.loading.moddiscovery.ModFile/LOADING]: Loading mod file /workspaces/peneever/servidor_minecraft/mods/entityculling-forge-1.7.0-mc1.20.1.jar with languages [LanguageSpec[languageName=javafml, acceptedVersions=[28,)]]
[15Jun2025 17:05:12.944] [main/DEBUG] [net.minecraftforge.fml.loading.moddiscovery.ModFileParser/LOADING]: Considering mod file candidate 
[15Jun2025 17:05:12.945] [main/DEBUG] [net.minecraftforge.fml.loading.moddiscovery.ModFileInfo/LOADING]: Found valid mod file resourcefullib-forge-1.20.1-2.1.20.jar with {resourcefullib} mods - versions {2.1.20}
[15Jun2025 17:05:12.945] [main/DEBUG] [net.minecraftforge.fml.loading.moddiscovery.ModFile/LOADING]: Loading mod file  with languages [LanguageSpec[languageName=javafml, acceptedVersions=[46,)]]
[15Jun2025 17:05:12.945] [main/DEBUG] [net.minecraftforge.fml.loading.moddiscovery.ModFileParser/LOADING]: Considering mod file candidate /workspaces/peneever/servidor_minecraft/mods/eatinganimation-1.20-5.0.0.jar
[15Jun2025 17:05:12.945] [main/DEBUG] [net.minecraftforge.fml.loading.moddiscovery.ModFileInfo/LOADING]: Found valid mod file eatinganimation-1.20-5.0.0.jar with {eatinganimation} mods - versions {5.0.0}
[15Jun2025 17:05:12.945] [main/DEBUG] [net.minecraftforge.fml.loading.moddiscovery.ModFile/LOADING]: Loading mod file /workspaces/peneever/servidor_minecraft/mods/eatinganimation-1.20-5.0.0.jar with languages [LanguageSpec[languageName=gml, acceptedVersions=[1,)]]
[15Jun2025 17:05:12.946] [main/DEBUG] [net.minecraftforge.fml.loading.moddiscovery.ModFileParser/LOADING]: Considering mod file candidate /workspaces/peneever/servidor_minecraft/mods/ImmediatelyFast-Forge-1.2.20+1.20.4.jar
[15Jun2025 17:05:12.946] [main/DEBUG] [net.minecraftforge.fml.loading.moddiscovery.ModFileInfo/LOADING]: Found valid mod file ImmediatelyFast-Forge-1.2.20+1.20.4.jar with {immediatelyfast} mods - versions {1.2.20+1.20.4}
[15Jun2025 17:05:12.946] [main/DEBUG] [net.minecraftforge.fml.loading.moddiscovery.ModFile/LOADING]: Loading mod file /workspaces/peneever/servidor_minecraft/mods/ImmediatelyFast-Forge-1.2.20+1.20.4.jar with languages [LanguageSpec[languageName=javafml, acceptedVersions=[46,)]]
[15Jun2025 17:05:12.946] [main/DEBUG] [net.minecraftforge.fml.loading.moddiscovery.ModFileParser/LOADING]: Considering mod file candidate /workspaces/peneever/servidor_minecraft/mods/architectury-9.2.14-forge.jar
[15Jun2025 17:05:12.946] [main/DEBUG] [net.minecraftforge.fml.loading.moddiscovery.ModFileInfo/LOADING]: Found valid mod file architectury-9.2.14-forge.jar with {architectury} mods - versions {9.2.14}
[15Jun2025 17:05:12.947] [main/DEBUG] [net.minecraftforge.fml.loading.moddiscovery.ModFile/LOADING]: Loading mod file /workspaces/peneever/servidor_minecraft/mods/architectury-9.2.14-forge.jar with languages [LanguageSpec[languageName=javafml, acceptedVersions=[46,)]]
[15Jun2025 17:05:12.947] [main/DEBUG] [net.minecraftforge.fml.loading.moddiscovery.ModFileParser/LOADING]: Considering mod file candidate /workspaces/peneever/servidor_minecraft/mods/creeperoverhaul-3.0.2-forge.jar
[15Jun2025 17:05:12.947] [main/DEBUG] [net.minecraftforge.fml.loading.moddiscovery.ModFileInfo/LOADING]: Found valid mod file creeperoverhaul-3.0.2-forge.jar with {creeperoverhaul} mods - versions {3.0.2}
[15Jun2025 17:05:12.947] [main/DEBUG] [net.minecraftforge.fml.loading.moddiscovery.ModFile/LOADING]: Loading mod file /workspaces/peneever/servidor_minecraft/mods/creeperoverhaul-3.0.2-forge.jar with languages [LanguageSpec[languageName=javafml, acceptedVersions=[46,)]]
[15Jun2025 17:05:12.947] [main/DEBUG] [net.minecraftforge.fml.loading.moddiscovery.ModFileParser/LOADING]: Considering mod file candidate /workspaces/peneever/servidor_minecraft/mods/deeperdarker-forge-1.20.1-1.3.3.jar
[15Jun2025 17:05:12.948] [main/DEBUG] [net.minecraftforge.fml.loading.moddiscovery.ModFileInfo/LOADING]: Found valid mod file deeperdarker-forge-1.20.1-1.3.3.jar with {deeperdarker} mods - versions {1.3.3}
[15Jun2025 17:05:12.948] [main/DEBUG] [net.minecraftforge.fml.loading.moddiscovery.ModFile/LOADING]: Loading mod file /workspaces/peneever/servidor_minecraft/mods/deeperdarker-forge-1.20.1-1.3.3.jar with languages [LanguageSpec[languageName=javafml, acceptedVersions=[47,)]]
[15Jun2025 17:05:12.948] [main/DEBUG] [net.minecraftforge.fml.loading.moddiscovery.ModFileParser/LOADING]: Considering mod file candidate /workspaces/peneever/servidor_minecraft/mods/ferritecore-6.0.1-forge.jar
[15Jun2025 17:05:12.948] [main/DEBUG] [net.minecraftforge.fml.loading.moddiscovery.ModFileInfo/LOADING]: Found valid mod file ferritecore-6.0.1-forge.jar with {ferritecore} mods - versions {6.0.1}
[15Jun2025 17:05:12.948] [main/DEBUG] [net.minecraftforge.fml.loading.moddiscovery.ModFile/LOADING]: Loading mod file /workspaces/peneever/servidor_minecraft/mods/ferritecore-6.0.1-forge.jar with languages [LanguageSpec[languageName=javafml, acceptedVersions=[28,)]]
[15Jun2025 17:05:12.948] [main/DEBUG] [net.minecraftforge.fml.loading.moddiscovery.ModFileParser/LOADING]: Considering mod file candidate /workspaces/peneever/servidor_minecraft/mods/moremobvariants-forge+1.20.1-1.3.0.1.jar
[15Jun2025 17:05:12.949] [main/DEBUG] [net.minecraftforge.fml.loading.moddiscovery.ModFileInfo/LOADING]: Found valid mod file moremobvariants-forge+1.20.1-1.3.0.1.jar with {moremobvariants} mods - versions {1.3.0.1}
[15Jun2025 17:05:12.949] [main/DEBUG] [net.minecraftforge.fml.loading.moddiscovery.ModFile/LOADING]: Loading mod file /workspaces/peneever/servidor_minecraft/mods/moremobvariants-forge+1.20.1-1.3.0.1.jar with languages [LanguageSpec[languageName=javafml, acceptedVersions=[46,)]]
[15Jun2025 17:05:12.949] [main/DEBUG] [net.minecraftforge.fml.loading.moddiscovery.ModFileParser/LOADING]: Considering mod file candidate /workspaces/peneever/servidor_minecraft/mods/cupboard-1.20.1-2.7.jar
[15Jun2025 17:05:12.950] [main/DEBUG] [net.minecraftforge.fml.loading.moddiscovery.ModFileInfo/LOADING]: Found valid mod file cupboard-1.20.1-2.7.jar with {cupboard} mods - versions {1.20.1-2.7}
[15Jun2025 17:05:12.950] [main/DEBUG] [net.minecraftforge.fml.loading.moddiscovery.ModFile/LOADING]: Loading mod file /workspaces/peneever/servidor_minecraft/mods/cupboard-1.20.1-2.7.jar with languages [LanguageSpec[languageName=javafml, acceptedVersions=[36,)]]
[15Jun2025 17:05:12.950] [main/DEBUG] [net.minecraftforge.fml.loading.moddiscovery.ModFileParser/LOADING]: Considering mod file candidate /workspaces/peneever/servidor_minecraft/mods/PuzzlesLib-v8.1.23-1.20.1-Forge.jar
[15Jun2025 17:05:12.950] [main/DEBUG] [net.minecraftforge.fml.loading.moddiscovery.ModFileInfo/LOADING]: Found valid mod file PuzzlesLib-v8.1.23-1.20.1-Forge.jar with {puzzleslib} mods - versions {8.1.23}
[15Jun2025 17:05:12.950] [main/DEBUG] [net.minecraftforge.fml.loading.moddiscovery.ModFile/LOADING]: Loading mod file /workspaces/peneever/servidor_minecraft/mods/PuzzlesLib-v8.1.23-1.20.1-Forge.jar with languages [LanguageSpec[languageName=javafml, acceptedVersions=[47,)]]
[15Jun2025 17:05:12.950] [main/DEBUG] [net.minecraftforge.fml.loading.moddiscovery.ModFileParser/LOADING]: Considering mod file candidate /workspaces/peneever/servidor_minecraft/mods/YungsBetterMineshafts-1.20-Forge-4.0.4.jar
[15Jun2025 17:05:12.951] [main/DEBUG] [net.minecraftforge.fml.loading.moddiscovery.ModFileInfo/LOADING]: Found valid mod file YungsBetterMineshafts-1.20-Forge-4.0.4.jar with {bettermineshafts} mods - versions {1.20-Forge-4.0.4}
[15Jun2025 17:05:12.951] [main/DEBUG] [net.minecraftforge.fml.loading.moddiscovery.ModFile/LOADING]: Loading mod file /workspaces/peneever/servidor_minecraft/mods/YungsBetterMineshafts-1.20-Forge-4.0.4.jar with languages [LanguageSpec[languageName=javafml, acceptedVersions=[46,)]]
[15Jun2025 17:05:12.951] [main/DEBUG] [net.minecraftforge.fml.loading.moddiscovery.ModFileParser/LOADING]: Considering mod file candidate /workspaces/peneever/servidor_minecraft/mods/BetterAdvancements-Forge-1.20.1-0.4.2.10.jar
[15Jun2025 17:05:12.951] [main/DEBUG] [net.minecraftforge.fml.loading.moddiscovery.ModFileInfo/LOADING]: Found valid mod file BetterAdvancements-Forge-1.20.1-0.4.2.10.jar with {betteradvancements} mods - versions {0.4.2.10}
[15Jun2025 17:05:12.952] [main/DEBUG] [net.minecraftforge.fml.loading.moddiscovery.ModFile/LOADING]: Loading mod file /workspaces/peneever/servidor_minecraft/mods/BetterAdvancements-Forge-1.20.1-0.4.2.10.jar with languages [LanguageSpec[languageName=javafml, acceptedVersions=[47,)]]
[15Jun2025 17:05:12.952] [main/DEBUG] [net.minecraftforge.fml.loading.moddiscovery.ModFile/LOADING]: Loading mod file  with languages []
[15Jun2025 17:05:12.952] [main/DEBUG] [net.minecraftforge.fml.loading.moddiscovery.ModFileParser/LOADING]: Considering mod file candidate 
[15Jun2025 17:05:12.952] [main/DEBUG] [net.minecraftforge.fml.loading.moddiscovery.ModFileInfo/LOADING]: Found valid mod file mixinextras-forge-0.3.6.jar with {mixinextras} mods - versions {0.3.6}
[15Jun2025 17:05:12.952] [main/DEBUG] [net.minecraftforge.fml.loading.moddiscovery.ModFile/LOADING]: Loading mod file  with languages [LanguageSpec[languageName=javafml, acceptedVersions=*]]
[15Jun2025 17:05:12.952] [main/DEBUG] [net.minecraftforge.fml.loading.moddiscovery.ModFile/LOADING]: Loading mod file  with languages []
[15Jun2025 17:05:12.952] [main/DEBUG] [net.minecraftforge.fml.loading.moddiscovery.ModFile/LOADING]: Loading mod file  with languages []
[15Jun2025 17:05:12.953] [main/DEBUG] [net.minecraftforge.fml.loading.moddiscovery.ModFile/LOADING]: Loading mod file  with languages []
[15Jun2025 17:05:12.953] [main/DEBUG] [net.minecraftforge.fml.loading.moddiscovery.ModFile/LOADING]: Loading mod file  with languages []
[15Jun2025 17:05:12.953] [main/DEBUG] [net.minecraftforge.fml.loading.moddiscovery.ModFile/LOADING]: Loading mod file  with languages []
[15Jun2025 17:05:12.953] [main/DEBUG] [net.minecraftforge.fml.loading.moddiscovery.ModFile/LOADING]: Loading mod file  with languages []
[15Jun2025 17:05:12.953] [main/DEBUG] [net.minecraftforge.fml.loading.moddiscovery.ModFile/LOADING]: Loading mod file  with languages []
[15Jun2025 17:05:12.953] [main/DEBUG] [net.minecraftforge.fml.loading.moddiscovery.ModFileParser/LOADING]: Considering mod file candidate 
[15Jun2025 17:05:12.953] [main/DEBUG] [net.minecraftforge.fml.loading.moddiscovery.ModFileInfo/LOADING]: Found valid mod file mixinextras-forge-0.3.6.jar with {mixinextras} mods - versions {0.3.6}
[15Jun2025 17:05:12.954] [main/DEBUG] [net.minecraftforge.fml.loading.moddiscovery.ModFile/LOADING]: Loading mod file  with languages [LanguageSpec[languageName=javafml, acceptedVersions=*]]
[15Jun2025 17:05:12.954] [main/DEBUG] [net.minecraftforge.fml.loading.moddiscovery.ModFile/LOADING]: Loading mod file  with languages []
[15Jun2025 17:05:12.954] [main/DEBUG] [net.minecraftforge.fml.loading.moddiscovery.ModFile/LOADING]: Loading mod file  with languages []
[15Jun2025 17:05:12.954] [main/DEBUG] [net.minecraftforge.fml.loading.moddiscovery.ModFile/LOADING]: Loading mod file  with languages []
[15Jun2025 17:05:12.954] [main/DEBUG] [net.minecraftforge.fml.loading.moddiscovery.ModFile/LOADING]: Loading mod file  with languages []
[15Jun2025 17:05:12.954] [main/DEBUG] [net.minecraftforge.fml.loading.moddiscovery.ModFile/LOADING]: Loading mod file  with languages []
[15Jun2025 17:05:12.954] [main/DEBUG] [net.minecraftforge.fml.loading.moddiscovery.ModFile/LOADING]: Loading mod file  with languages []
[15Jun2025 17:05:12.955] [main/DEBUG] [cpw.mods.modlauncher.TransformationServiceDecorator/MODLAUNCHER]: End scan trigger - transformation service fml
[15Jun2025 17:05:13.265] [main/INFO] [org.groovymc.gml.mappings.MappingsProvider/]: Starting runtime mappings setup...
[15Jun2025 17:05:13.286] [main/INFO] [org.groovymc.gml.internal.locator.ModLocatorInjector/]: Injecting ScriptModLocator candidates...
[15Jun2025 17:05:13.298] [main/INFO] [org.groovymc.gml.scriptmods.ScriptModLocator/]: Injected Jimfs file system
[15Jun2025 17:05:13.306] [main/INFO] [org.groovymc.gml.scriptmods.ScriptModLocator/]: Skipped loading script mods from directory /workspaces/peneever/servidor_minecraft/mods/scripts as it did not exist.
[15Jun2025 17:05:13.313] [main/INFO] [org.groovymc.gml.internal.locator.ModLocatorInjector/]: Injected ScriptModLocator mod candidates. Found 0 valid mod candidates and 0 broken mod files.
[15Jun2025 17:05:13.313] [main/DEBUG] [net.minecraftforge.fml.loading.LanguageLoadingProvider/CORE]: Found 4 language providers
[15Jun2025 17:05:13.314] [main/DEBUG] [net.minecraftforge.fml.loading.LanguageLoadingProvider/CORE]: Found language provider javafml, version 47
[15Jun2025 17:05:13.315] [main/DEBUG] [net.minecraftforge.fml.loading.LanguageLoadingProvider/CORE]: Found language provider lowcodefml, version 47
[15Jun2025 17:05:13.315] [main/DEBUG] [net.minecraftforge.fml.loading.LanguageLoadingProvider/CORE]: Found language provider minecraft, version 1.0
[15Jun2025 17:05:13.315] [main/DEBUG] [net.minecraftforge.fml.loading.LanguageLoadingProvider/CORE]: Found language provider gml, version 4.0.9
[15Jun2025 17:05:13.322] [main/DEBUG] [net.minecraftforge.fml.loading.UniqueModListBuilder/]: Found 2 mods for first modid mclib, selecting most recent based on version data
[15Jun2025 17:05:13.322] [main/DEBUG] [net.minecraftforge.fml.loading.UniqueModListBuilder/]: Selected file mclib-20.jar for modid mclib with version 0.0NONE
[15Jun2025 17:05:13.322] [main/DEBUG] [net.minecraftforge.fml.loading.UniqueModListBuilder/]: Found 2 mods for first modid mixinextras, selecting most recent based on version data
[15Jun2025 17:05:13.322] [main/DEBUG] [net.minecraftforge.fml.loading.UniqueModListBuilder/]: Selected file mixinextras-forge-0.3.6.jar for modid mixinextras with version 0.3.6
[15Jun2025 17:05:13.323] [main/DEBUG] [net.minecraftforge.fml.loading.UniqueModListBuilder/]: Found 2 mods for first modid bytecodecs, selecting most recent based on version data
[15Jun2025 17:05:13.323] [main/DEBUG] [net.minecraftforge.fml.loading.UniqueModListBuilder/]: Selected file bytecodecs-1.0.2.jar for modid bytecodecs with version 0.0NONE
[15Jun2025 17:05:13.323] [main/DEBUG] [net.minecraftforge.fml.loading.UniqueModListBuilder/]: Found 2 mods for first modid jankson, selecting most recent based on version data
[15Jun2025 17:05:13.323] [main/DEBUG] [net.minecraftforge.fml.loading.UniqueModListBuilder/]: Selected file jankson-1.2.2.jar for modid jankson with version 0.0NONE
[15Jun2025 17:05:13.323] [main/DEBUG] [net.minecraftforge.fml.loading.UniqueModListBuilder/]: Found 2 mods for first modid yabn, selecting most recent based on version data
[15Jun2025 17:05:13.323] [main/DEBUG] [net.minecraftforge.fml.loading.UniqueModListBuilder/]: Selected file yabn-1.0.3.jar for modid yabn with version 0.0NONE
[15Jun2025 17:05:13.323] [main/DEBUG] [net.minecraftforge.fml.loading.UniqueModListBuilder/]: Found 2 mods for first modid org.apache.httpcomponents.httpmime, selecting most recent based on version data
[15Jun2025 17:05:13.323] [main/DEBUG] [net.minecraftforge.fml.loading.UniqueModListBuilder/]: Selected file httpmime-4.5.10.jar for modid org.apache.httpcomponents.httpmime with version 4.5.10
[15Jun2025 17:05:13.323] [main/DEBUG] [net.minecraftforge.fml.loading.UniqueModListBuilder/]: Found 2 mods for first modid MixinExtras, selecting most recent based on version data
[15Jun2025 17:05:13.325] [main/DEBUG] [net.minecraftforge.fml.loading.UniqueModListBuilder/]: Selected file MixinExtras-0.3.6.jar for modid MixinExtras with version 0.0NONE
[15Jun2025 17:05:13.325] [main/DEBUG] [net.minecraftforge.fml.loading.UniqueModListBuilder/]: Found 2 mods for first modid Reflect, selecting most recent based on version data
[15Jun2025 17:05:13.325] [main/DEBUG] [net.minecraftforge.fml.loading.UniqueModListBuilder/]: Selected file Reflect-1.3.4.jar for modid Reflect with version 0.0NONE
[15Jun2025 17:05:13.327] [main/DEBUG] [net.minecraftforge.fml.loading.ModSorter/]: Configured system mods: [minecraft, forge]
[15Jun2025 17:05:13.327] [main/DEBUG] [net.minecraftforge.fml.loading.ModSorter/]: Found system mod: minecraft
[15Jun2025 17:05:13.327] [main/DEBUG] [net.minecraftforge.fml.loading.ModSorter/]: Found system mod: forge
[15Jun2025 17:05:13.330] [main/DEBUG] [net.minecraftforge.fml.loading.ModSorter/LOADING]: Found 107 mod requirements (100 mandatory, 7 optional)
[15Jun2025 17:05:13.331] [main/DEBUG] [net.minecraftforge.fml.loading.ModSorter/LOADING]: Found 0 mod requirements missing (0 mandatory, 0 optional)
[15Jun2025 17:05:13.957] [main/DEBUG] [cpw.mods.modlauncher.TransformationServicesHandler/MODLAUNCHER]: Transformation services loading transformers
[15Jun2025 17:05:13.957] [main/DEBUG] [cpw.mods.modlauncher.TransformationServiceDecorator/MODLAUNCHER]: Initializing transformers for transformation service mixin
[15Jun2025 17:05:13.960] [main/DEBUG] [cpw.mods.modlauncher.TransformationServiceDecorator/MODLAUNCHER]: Initialized transformers for transformation service mixin
[15Jun2025 17:05:13.960] [main/DEBUG] [cpw.mods.modlauncher.TransformationServiceDecorator/MODLAUNCHER]: Initializing transformers for transformation service fml
[15Jun2025 17:05:13.960] [main/DEBUG] [net.minecraftforge.fml.loading.FMLServiceProvider/CORE]: Loading coremod transformers
[15Jun2025 17:05:13.960] [main/DEBUG] [net.minecraftforge.coremod.CoreModEngine/COREMOD]: Loading CoreMod from coremods/field_to_method.js
[15Jun2025 17:05:14.237] [main/DEBUG] [net.minecraftforge.coremod.CoreModEngine/COREMOD]: CoreMod loaded successfully
[15Jun2025 17:05:14.237] [main/DEBUG] [net.minecraftforge.coremod.CoreModEngine/COREMOD]: Loading CoreMod from coremods/field_to_instanceof.js
[15Jun2025 17:05:14.366] [main/DEBUG] [net.minecraftforge.coremod.CoreModEngine/COREMOD]: CoreMod loaded successfully
[15Jun2025 17:05:14.367] [main/DEBUG] [net.minecraftforge.coremod.CoreModEngine/COREMOD]: Loading CoreMod from coremods/add_bouncer_method.js
[15Jun2025 17:05:14.423] [main/DEBUG] [net.minecraftforge.coremod.CoreModEngine/COREMOD]: CoreMod loaded successfully
[15Jun2025 17:05:14.423] [main/DEBUG] [net.minecraftforge.coremod.CoreModEngine/COREMOD]: Loading CoreMod from coremods/method_redirector.js
[15Jun2025 17:05:14.532] [main/DEBUG] [net.minecraftforge.coremod.CoreModEngine/COREMOD]: CoreMod loaded successfully
[15Jun2025 17:05:14.543] [main/DEBUG] [cpw.mods.modlauncher.TransformStore/MODLAUNCHER]: Adding transformer net.minecraftforge.coremod.transformer.CoreModClassTransformer@10f405ff to Target : CLASS {Lnet/minecraft/world/level/biome/Biome;} {} {V}
[15Jun2025 17:05:14.544] [main/DEBUG] [cpw.mods.modlauncher.TransformStore/MODLAUNCHER]: Adding transformer net.minecraftforge.coremod.transformer.CoreModClassTransformer@6cc64028 to Target : CLASS {Lnet/minecraft/world/level/levelgen/structure/Structure;} {} {V}
[15Jun2025 17:05:14.545] [main/DEBUG] [cpw.mods.modlauncher.TransformStore/MODLAUNCHER]: Adding transformer net.minecraftforge.coremod.transformer.CoreModClassTransformer@291a4791 to Target : CLASS {Lnet/minecraft/world/effect/MobEffectInstance;} {} {V}
[15Jun2025 17:05:14.545] [main/DEBUG] [cpw.mods.modlauncher.TransformStore/MODLAUNCHER]: Adding transformer net.minecraftforge.coremod.transformer.CoreModClassTransformer@5b1e88f to Target : CLASS {Lnet/minecraft/world/level/block/LiquidBlock;} {} {V}
[15Jun2025 17:05:14.545] [main/DEBUG] [cpw.mods.modlauncher.TransformStore/MODLAUNCHER]: Adding transformer net.minecraftforge.coremod.transformer.CoreModClassTransformer@340cb97f to Target : CLASS {Lnet/minecraft/world/item/BucketItem;} {} {V}
[15Jun2025 17:05:14.545] [main/DEBUG] [cpw.mods.modlauncher.TransformStore/MODLAUNCHER]: Adding transformer net.minecraftforge.coremod.transformer.CoreModClassTransformer@6a1568d6 to Target : CLASS {Lnet/minecraft/world/level/block/StairBlock;} {} {V}
[15Jun2025 17:05:14.545] [main/DEBUG] [cpw.mods.modlauncher.TransformStore/MODLAUNCHER]: Adding transformer net.minecraftforge.coremod.transformer.CoreModClassTransformer@11c88cca to Target : CLASS {Lnet/minecraft/world/level/block/FlowerPotBlock;} {} {V}
[15Jun2025 17:05:14.545] [main/DEBUG] [cpw.mods.modlauncher.TransformStore/MODLAUNCHER]: Adding transformer net.minecraftforge.coremod.transformer.CoreModClassTransformer@1b37fbec to Target : CLASS {Lnet/minecraft/world/item/ItemStack;} {} {V}
[15Jun2025 17:05:14.545] [main/DEBUG] [cpw.mods.modlauncher.TransformStore/MODLAUNCHER]: Adding transformer net.minecraftforge.coremod.transformer.CoreModClassTransformer@4a216eb4 to Target : CLASS {Lnet/minecraft/network/play/client/CClientSettingsPacket;} {} {V}
[15Jun2025 17:05:14.545] [main/DEBUG] [cpw.mods.modlauncher.TransformStore/MODLAUNCHER]: Adding transformer net.minecraftforge.coremod.transformer.CoreModClassTransformer@bb3ecfe to Target : CLASS {Lnet/minecraft/world/entity/raid/Raid;} {} {V}
[15Jun2025 17:05:14.546] [main/DEBUG] [cpw.mods.modlauncher.TransformStore/MODLAUNCHER]: Adding transformer net.minecraftforge.coremod.transformer.CoreModClassTransformer@bb3ecfe to Target : CLASS {Lnet/minecraft/world/entity/ai/village/VillageSiege;} {} {V}
[15Jun2025 17:05:14.548] [main/DEBUG] [cpw.mods.modlauncher.TransformStore/MODLAUNCHER]: Adding transformer net.minecraftforge.coremod.transformer.CoreModClassTransformer@bb3ecfe to Target : CLASS {Lnet/minecraft/world/level/levelgen/structure/structures/OceanMonumentPieces$OceanMonumentPiece;} {} {V}
[15Jun2025 17:05:14.548] [main/DEBUG] [cpw.mods.modlauncher.TransformStore/MODLAUNCHER]: Adding transformer net.minecraftforge.coremod.transformer.CoreModClassTransformer@bb3ecfe to Target : CLASS {Lnet/minecraft/world/level/levelgen/structure/structures/SwampHutPiece;} {} {V}
[15Jun2025 17:05:14.548] [main/DEBUG] [cpw.mods.modlauncher.TransformStore/MODLAUNCHER]: Adding transformer net.minecraftforge.coremod.transformer.CoreModClassTransformer@bb3ecfe to Target : CLASS {Lnet/minecraft/world/level/levelgen/structure/templatesystem/StructureTemplate;} {} {V}
[15Jun2025 17:05:14.548] [main/DEBUG] [cpw.mods.modlauncher.TransformStore/MODLAUNCHER]: Adding transformer net.minecraftforge.coremod.transformer.CoreModClassTransformer@bb3ecfe to Target : CLASS {Lnet/minecraft/world/entity/EntityType;} {} {V}
[15Jun2025 17:05:14.548] [main/DEBUG] [cpw.mods.modlauncher.TransformStore/MODLAUNCHER]: Adding transformer net.minecraftforge.coremod.transformer.CoreModClassTransformer@bb3ecfe to Target : CLASS {Lnet/minecraft/world/entity/monster/Zombie;} {} {V}
[15Jun2025 17:05:14.548] [main/DEBUG] [cpw.mods.modlauncher.TransformStore/MODLAUNCHER]: Adding transformer net.minecraftforge.coremod.transformer.CoreModClassTransformer@bb3ecfe to Target : CLASS {Lnet/minecraft/world/entity/npc/Villager;} {} {V}
[15Jun2025 17:05:14.549] [main/DEBUG] [cpw.mods.modlauncher.TransformStore/MODLAUNCHER]: Adding transformer net.minecraftforge.coremod.transformer.CoreModClassTransformer@bb3ecfe to Target : CLASS {Lnet/minecraft/world/level/levelgen/PatrolSpawner;} {} {V}
[15Jun2025 17:05:14.549] [main/DEBUG] [cpw.mods.modlauncher.TransformStore/MODLAUNCHER]: Adding transformer net.minecraftforge.coremod.transformer.CoreModClassTransformer@bb3ecfe to Target : CLASS {Lnet/minecraft/world/entity/monster/Spider;} {} {V}
[15Jun2025 17:05:14.549] [main/DEBUG] [cpw.mods.modlauncher.TransformStore/MODLAUNCHER]: Adding transformer net.minecraftforge.coremod.transformer.CoreModClassTransformer@bb3ecfe to Target : CLASS {Lnet/minecraft/world/level/NaturalSpawner;} {} {V}
[15Jun2025 17:05:14.549] [main/DEBUG] [cpw.mods.modlauncher.TransformStore/MODLAUNCHER]: Adding transformer net.minecraftforge.coremod.transformer.CoreModClassTransformer@bb3ecfe to Target : CLASS {Lnet/minecraft/world/level/levelgen/structure/structures/OceanRuinPieces$OceanRuinPiece;} {} {V}
[15Jun2025 17:05:14.549] [main/DEBUG] [cpw.mods.modlauncher.TransformStore/MODLAUNCHER]: Adding transformer net.minecraftforge.coremod.transformer.CoreModClassTransformer@bb3ecfe to Target : CLASS {Lnet/minecraft/world/entity/animal/frog/Tadpole;} {} {V}
[15Jun2025 17:05:14.549] [main/DEBUG] [cpw.mods.modlauncher.TransformStore/MODLAUNCHER]: Adding transformer net.minecraftforge.coremod.transformer.CoreModClassTransformer@bb3ecfe to Target : CLASS {Lnet/minecraft/world/entity/npc/CatSpawner;} {} {V}
[15Jun2025 17:05:14.549] [main/DEBUG] [cpw.mods.modlauncher.TransformStore/MODLAUNCHER]: Adding transformer net.minecraftforge.coremod.transformer.CoreModClassTransformer@bb3ecfe to Target : CLASS {Lnet/minecraft/world/level/levelgen/PhantomSpawner;} {} {V}
[15Jun2025 17:05:14.549] [main/DEBUG] [cpw.mods.modlauncher.TransformStore/MODLAUNCHER]: Adding transformer net.minecraftforge.coremod.transformer.CoreModClassTransformer@bb3ecfe to Target : CLASS {Lnet/minecraft/server/commands/RaidCommand;} {} {V}
[15Jun2025 17:05:14.551] [main/DEBUG] [cpw.mods.modlauncher.TransformStore/MODLAUNCHER]: Adding transformer net.minecraftforge.coremod.transformer.CoreModClassTransformer@bb3ecfe to Target : CLASS {Lnet/minecraft/world/entity/monster/ZombieVillager;} {} {V}
[15Jun2025 17:05:14.551] [main/DEBUG] [cpw.mods.modlauncher.TransformStore/MODLAUNCHER]: Adding transformer net.minecraftforge.coremod.transformer.CoreModClassTransformer@bb3ecfe to Target : CLASS {Lnet/minecraft/world/entity/monster/Evoker$EvokerSummonSpellGoal;} {} {V}
[15Jun2025 17:05:14.551] [main/DEBUG] [cpw.mods.modlauncher.TransformStore/MODLAUNCHER]: Adding transformer net.minecraftforge.coremod.transformer.CoreModClassTransformer@bb3ecfe to Target : CLASS {Lnet/minecraft/world/entity/monster/Strider;} {} {V}
[15Jun2025 17:05:14.551] [main/DEBUG] [cpw.mods.modlauncher.TransformStore/MODLAUNCHER]: Adding transformer net.minecraftforge.coremod.transformer.CoreModClassTransformer@bb3ecfe to Target : CLASS {Lnet/minecraft/server/commands/SummonCommand;} {} {V}
[15Jun2025 17:05:14.551] [main/DEBUG] [cpw.mods.modlauncher.TransformStore/MODLAUNCHER]: Adding transformer net.minecraftforge.coremod.transformer.CoreModClassTransformer@bb3ecfe to Target : CLASS {Lnet/minecraft/world/entity/animal/horse/SkeletonTrapGoal;} {} {V}
[15Jun2025 17:05:14.551] [main/DEBUG] [cpw.mods.modlauncher.TransformStore/MODLAUNCHER]: Adding transformer net.minecraftforge.coremod.transformer.CoreModClassTransformer@bb3ecfe to Target : CLASS {Lnet/minecraft/world/level/levelgen/structure/structures/WoodlandMansionPieces$WoodlandMansionPiece;} {} {V}
[15Jun2025 17:05:14.551] [main/DEBUG] [cpw.mods.modlauncher.TransformationServiceDecorator/MODLAUNCHER]: Initialized transformers for transformation service fml
[15Jun2025 17:05:16.040] [main/DEBUG] [mixin/]: Processing prepare() for PlatformAgent[MixinPlatformAgentDefault:ModLauncher Root Container(ModLauncher:4f56a0a2)]
[15Jun2025 17:05:16.040] [main/DEBUG] [mixin/]: Processing launch tasks for PlatformAgent[MixinPlatformAgentDefault:ModLauncher Root Container(ModLauncher:4f56a0a2)]
[15Jun2025 17:05:16.041] [main/DEBUG] [mixin/]: Adding mixin platform agents for container SecureJarResource(mr_stellarity)
[15Jun2025 17:05:16.041] [main/DEBUG] [mixin/]: Instancing new MixinPlatformAgentMinecraftForge for SecureJarResource(mr_stellarity)
[15Jun2025 17:05:16.041] [main/DEBUG] [mixin/]: MixinPlatformAgentMinecraftForge rejected container SecureJarResource(mr_stellarity)
[15Jun2025 17:05:16.041] [main/DEBUG] [mixin/]: Instancing new MixinPlatformAgentDefault for SecureJarResource(mr_stellarity)
[15Jun2025 17:05:16.041] [main/DEBUG] [mixin/]: MixinPlatformAgentDefault accepted container SecureJarResource(mr_stellarity)
[15Jun2025 17:05:16.041] [main/DEBUG] [mixin/]: Processing prepare() for PlatformAgent[MixinPlatformAgentDefault:SecureJarResource(mr_stellarity)]
[15Jun2025 17:05:16.041] [main/DEBUG] [mixin/]: Adding mixin platform agents for container SecureJarResource(weaponmaster_ydm)
[15Jun2025 17:05:16.042] [main/DEBUG] [mixin/]: Instancing new MixinPlatformAgentMinecraftForge for SecureJarResource(weaponmaster_ydm)
[15Jun2025 17:05:16.042] [main/DEBUG] [mixin/]: MixinPlatformAgentMinecraftForge rejected container SecureJarResource(weaponmaster_ydm)
[15Jun2025 17:05:16.042] [main/DEBUG] [mixin/]: Instancing new MixinPlatformAgentDefault for SecureJarResource(weaponmaster_ydm)
[15Jun2025 17:05:16.042] [main/DEBUG] [mixin/]: MixinPlatformAgentDefault accepted container SecureJarResource(weaponmaster_ydm)
[15Jun2025 17:05:16.042] [main/DEBUG] [mixin/]: Processing prepare() for PlatformAgent[MixinPlatformAgentDefault:SecureJarResource(weaponmaster_ydm)]
[15Jun2025 17:05:16.042] [main/DEBUG] [mixin/]: Registering mixin config: weaponmaster_ydm.mixins.json
[15Jun2025 17:05:16.061] [main/DEBUG] [mixin/]: Compatibility level JAVA_8 specified by weaponmaster_ydm.mixins.json is lower than the default level supported by the current mixin service (JAVA_16).
[15Jun2025 17:05:16.063] [main/DEBUG] [mixin/]: Adding mixin platform agents for container SecureJarResource(skyvillages)
[15Jun2025 17:05:16.064] [main/DEBUG] [mixin/]: Instancing new MixinPlatformAgentMinecraftForge for SecureJarResource(skyvillages)
[15Jun2025 17:05:16.064] [main/DEBUG] [mixin/]: MixinPlatformAgentMinecraftForge rejected container SecureJarResource(skyvillages)
[15Jun2025 17:05:16.064] [main/DEBUG] [mixin/]: Instancing new MixinPlatformAgentDefault for SecureJarResource(skyvillages)
[15Jun2025 17:05:16.064] [main/DEBUG] [mixin/]: MixinPlatformAgentDefault accepted container SecureJarResource(skyvillages)
[15Jun2025 17:05:16.064] [main/DEBUG] [mixin/]: Processing prepare() for PlatformAgent[MixinPlatformAgentDefault:SecureJarResource(skyvillages)]
[15Jun2025 17:05:16.064] [main/DEBUG] [mixin/]: Adding mixin platform agents for container SecureJarResource(inventorysorter)
[15Jun2025 17:05:16.064] [main/DEBUG] [mixin/]: Instancing new MixinPlatformAgentMinecraftForge for SecureJarResource(inventorysorter)
[15Jun2025 17:05:16.064] [main/DEBUG] [mixin/]: MixinPlatformAgentMinecraftForge rejected container SecureJarResource(inventorysorter)
[15Jun2025 17:05:16.064] [main/DEBUG] [mixin/]: Instancing new MixinPlatformAgentDefault for SecureJarResource(inventorysorter)
[15Jun2025 17:05:16.064] [main/DEBUG] [mixin/]: MixinPlatformAgentDefault accepted container SecureJarResource(inventorysorter)
[15Jun2025 17:05:16.064] [main/DEBUG] [mixin/]: Processing prepare() for PlatformAgent[MixinPlatformAgentDefault:SecureJarResource(inventorysorter)]
[15Jun2025 17:05:16.064] [main/DEBUG] [mixin/]: Adding mixin platform agents for container SecureJarResource(geckolib)
[15Jun2025 17:05:16.064] [main/DEBUG] [mixin/]: Instancing new MixinPlatformAgentMinecraftForge for SecureJarResource(geckolib)
[15Jun2025 17:05:16.065] [main/DEBUG] [mixin/]: MixinPlatformAgentMinecraftForge rejected container SecureJarResource(geckolib)
[15Jun2025 17:05:16.065] [main/DEBUG] [mixin/]: Instancing new MixinPlatformAgentDefault for SecureJarResource(geckolib)
[15Jun2025 17:05:16.065] [main/DEBUG] [mixin/]: MixinPlatformAgentDefault accepted container SecureJarResource(geckolib)
[15Jun2025 17:05:16.065] [main/DEBUG] [mixin/]: Processing prepare() for PlatformAgent[MixinPlatformAgentDefault:SecureJarResource(geckolib)]
[15Jun2025 17:05:16.065] [main/DEBUG] [mixin/]: Registering mixin config: geckolib.mixins.json
[15Jun2025 17:05:16.068] [main/DEBUG] [mixin/]: Compatibility level JAVA_17 specified by geckolib.mixins.json is higher than the maximum level supported by this version of mixin (JAVA_13).
[15Jun2025 17:05:16.071] [main/INFO] [mixin/]: Compatibility level set to JAVA_17
[15Jun2025 17:05:16.073] [main/DEBUG] [mixin/]: Adding mixin platform agents for container SecureJarResource(easymagic)
[15Jun2025 17:05:16.073] [main/DEBUG] [mixin/]: Instancing new MixinPlatformAgentMinecraftForge for SecureJarResource(easymagic)
[15Jun2025 17:05:16.073] [main/DEBUG] [mixin/]: MixinPlatformAgentMinecraftForge rejected container SecureJarResource(easymagic)
[15Jun2025 17:05:16.073] [main/DEBUG] [mixin/]: Instancing new MixinPlatformAgentDefault for SecureJarResource(easymagic)
[15Jun2025 17:05:16.073] [main/DEBUG] [mixin/]: MixinPlatformAgentDefault accepted container SecureJarResource(easymagic)
[15Jun2025 17:05:16.073] [main/DEBUG] [mixin/]: Processing prepare() for PlatformAgent[MixinPlatformAgentDefault:SecureJarResource(easymagic)]
[15Jun2025 17:05:16.074] [main/DEBUG] [mixin/]: Registering mixin config: easymagic.common.mixins.json
[15Jun2025 17:05:16.075] [main/DEBUG] [mixin/]: Adding mixin platform agents for container SecureJarResource(jei)
[15Jun2025 17:05:16.076] [main/DEBUG] [mixin/]: Instancing new MixinPlatformAgentMinecraftForge for SecureJarResource(jei)
[15Jun2025 17:05:16.076] [main/DEBUG] [mixin/]: MixinPlatformAgentMinecraftForge rejected container SecureJarResource(jei)
[15Jun2025 17:05:16.076] [main/DEBUG] [mixin/]: Instancing new MixinPlatformAgentDefault for SecureJarResource(jei)
[15Jun2025 17:05:16.076] [main/DEBUG] [mixin/]: MixinPlatformAgentDefault accepted container SecureJarResource(jei)
[15Jun2025 17:05:16.076] [main/DEBUG] [mixin/]: Processing prepare() for PlatformAgent[MixinPlatformAgentDefault:SecureJarResource(jei)]
[15Jun2025 17:05:16.076] [main/DEBUG] [mixin/]: Adding mixin platform agents for container SecureJarResource(naturalist)
[15Jun2025 17:05:16.076] [main/DEBUG] [mixin/]: Instancing new MixinPlatformAgentMinecraftForge for SecureJarResource(naturalist)
[15Jun2025 17:05:16.076] [main/DEBUG] [mixin/]: MixinPlatformAgentMinecraftForge rejected container SecureJarResource(naturalist)
[15Jun2025 17:05:16.076] [main/DEBUG] [mixin/]: Instancing new MixinPlatformAgentDefault for SecureJarResource(naturalist)
[15Jun2025 17:05:16.076] [main/DEBUG] [mixin/]: MixinPlatformAgentDefault accepted container SecureJarResource(naturalist)
[15Jun2025 17:05:16.076] [main/DEBUG] [mixin/]: Processing prepare() for PlatformAgent[MixinPlatformAgentDefault:SecureJarResource(naturalist)]
[15Jun2025 17:05:16.076] [main/DEBUG] [mixin/]: Registering mixin config: naturalist-common.mixins.json
[15Jun2025 17:05:16.081] [main/DEBUG] [mixin/]: Registering mixin config: naturalist.mixins.json
[15Jun2025 17:05:16.086] [main/DEBUG] [mixin/]: Adding mixin platform agents for container SecureJarResource(libraryferret)
[15Jun2025 17:05:16.088] [main/DEBUG] [mixin/]: Instancing new MixinPlatformAgentMinecraftForge for SecureJarResource(libraryferret)
[15Jun2025 17:05:16.089] [main/DEBUG] [mixin/]: MixinPlatformAgentMinecraftForge rejected container SecureJarResource(libraryferret)
[15Jun2025 17:05:16.089] [main/DEBUG] [mixin/]: Instancing new MixinPlatformAgentDefault for SecureJarResource(libraryferret)
[15Jun2025 17:05:16.089] [main/DEBUG] [mixin/]: MixinPlatformAgentDefault accepted container SecureJarResource(libraryferret)
[15Jun2025 17:05:16.089] [main/DEBUG] [mixin/]: Processing prepare() for PlatformAgent[MixinPlatformAgentDefault:SecureJarResource(libraryferret)]
[15Jun2025 17:05:16.089] [main/DEBUG] [mixin/]: Adding mixin platform agents for container SecureJarResource(incendium)
[15Jun2025 17:05:16.089] [main/DEBUG] [mixin/]: Instancing new MixinPlatformAgentMinecraftForge for SecureJarResource(incendium)
[15Jun2025 17:05:16.089] [main/DEBUG] [mixin/]: MixinPlatformAgentMinecraftForge rejected container SecureJarResource(incendium)
[15Jun2025 17:05:16.089] [main/DEBUG] [mixin/]: Instancing new MixinPlatformAgentDefault for SecureJarResource(incendium)
[15Jun2025 17:05:16.089] [main/DEBUG] [mixin/]: MixinPlatformAgentDefault accepted container SecureJarResource(incendium)
[15Jun2025 17:05:16.089] [main/DEBUG] [mixin/]: Processing prepare() for PlatformAgent[MixinPlatformAgentDefault:SecureJarResource(incendium)]
[15Jun2025 17:05:16.089] [main/DEBUG] [mixin/]: Adding mixin platform agents for container SecureJarResource(sound_physics_remastered)
[15Jun2025 17:05:16.089] [main/DEBUG] [mixin/]: Instancing new MixinPlatformAgentMinecraftForge for SecureJarResource(sound_physics_remastered)
[15Jun2025 17:05:16.089] [main/DEBUG] [mixin/]: MixinPlatformAgentMinecraftForge rejected container SecureJarResource(sound_physics_remastered)
[15Jun2025 17:05:16.089] [main/DEBUG] [mixin/]: Instancing new MixinPlatformAgentDefault for SecureJarResource(sound_physics_remastered)
[15Jun2025 17:05:16.089] [main/DEBUG] [mixin/]: MixinPlatformAgentDefault accepted container SecureJarResource(sound_physics_remastered)
[15Jun2025 17:05:16.089] [main/DEBUG] [mixin/]: Processing prepare() for PlatformAgent[MixinPlatformAgentDefault:SecureJarResource(sound_physics_remastered)]
[15Jun2025 17:05:16.089] [main/DEBUG] [mixin/]: Adding mixin platform agents for container SecureJarResource(structureessentials)
[15Jun2025 17:05:16.089] [main/DEBUG] [mixin/]: Instancing new MixinPlatformAgentMinecraftForge for SecureJarResource(structureessentials)
[15Jun2025 17:05:16.089] [main/DEBUG] [mixin/]: MixinPlatformAgentMinecraftForge rejected container SecureJarResource(structureessentials)
[15Jun2025 17:05:16.089] [main/DEBUG] [mixin/]: Instancing new MixinPlatformAgentDefault for SecureJarResource(structureessentials)
[15Jun2025 17:05:16.089] [main/DEBUG] [mixin/]: MixinPlatformAgentDefault accepted container SecureJarResource(structureessentials)
[15Jun2025 17:05:16.090] [main/DEBUG] [mixin/]: Processing prepare() for PlatformAgent[MixinPlatformAgentDefault:SecureJarResource(structureessentials)]
[15Jun2025 17:05:16.090] [main/DEBUG] [mixin/]: Registering mixin config: structureessentials.mixins.json
[15Jun2025 17:05:16.092] [main/DEBUG] [mixin/]: Adding mixin platform agents for container SecureJarResource(fallingleaves)
[15Jun2025 17:05:16.095] [main/DEBUG] [mixin/]: Instancing new MixinPlatformAgentMinecraftForge for SecureJarResource(fallingleaves)
[15Jun2025 17:05:16.096] [main/DEBUG] [mixin/]: MixinPlatformAgentMinecraftForge rejected container SecureJarResource(fallingleaves)
[15Jun2025 17:05:16.096] [main/DEBUG] [mixin/]: Instancing new MixinPlatformAgentDefault for SecureJarResource(fallingleaves)
[15Jun2025 17:05:16.096] [main/DEBUG] [mixin/]: MixinPlatformAgentDefault accepted container SecureJarResource(fallingleaves)
[15Jun2025 17:05:16.096] [main/DEBUG] [mixin/]: Processing prepare() for PlatformAgent[MixinPlatformAgentDefault:SecureJarResource(fallingleaves)]
[15Jun2025 17:05:16.096] [main/DEBUG] [mixin/]: Registering mixin config: fallingleaves.mixins.json
[15Jun2025 17:05:16.097] [main/DEBUG] [mixin/]: Adding mixin platform agents for container SecureJarResource(structory)
[15Jun2025 17:05:16.098] [main/DEBUG] [mixin/]: Instancing new MixinPlatformAgentMinecraftForge for SecureJarResource(structory)
[15Jun2025 17:05:16.098] [main/DEBUG] [mixin/]: MixinPlatformAgentMinecraftForge rejected container SecureJarResource(structory)
[15Jun2025 17:05:16.098] [main/DEBUG] [mixin/]: Instancing new MixinPlatformAgentDefault for SecureJarResource(structory)
[15Jun2025 17:05:16.098] [main/DEBUG] [mixin/]: MixinPlatformAgentDefault accepted container SecureJarResource(structory)
[15Jun2025 17:05:16.098] [main/DEBUG] [mixin/]: Processing prepare() for PlatformAgent[MixinPlatformAgentDefault:SecureJarResource(structory)]
[15Jun2025 17:05:16.098] [main/DEBUG] [mixin/]: Adding mixin platform agents for container SecureJarResource(clumps)
[15Jun2025 17:05:16.098] [main/DEBUG] [mixin/]: Instancing new MixinPlatformAgentMinecraftForge for SecureJarResource(clumps)
[15Jun2025 17:05:16.098] [main/DEBUG] [mixin/]: MixinPlatformAgentMinecraftForge rejected container SecureJarResource(clumps)
[15Jun2025 17:05:16.098] [main/DEBUG] [mixin/]: Instancing new MixinPlatformAgentDefault for SecureJarResource(clumps)
[15Jun2025 17:05:16.099] [main/DEBUG] [mixin/]: MixinPlatformAgentDefault accepted container SecureJarResource(clumps)
[15Jun2025 17:05:16.099] [main/DEBUG] [mixin/]: Processing prepare() for PlatformAgent[MixinPlatformAgentDefault:SecureJarResource(clumps)]
[15Jun2025 17:05:16.099] [main/DEBUG] [mixin/]: Registering mixin config: clumps.mixins.json
[15Jun2025 17:05:16.100] [main/DEBUG] [mixin/]: Adding mixin platform agents for container SecureJarResource(travelersbackpack)
[15Jun2025 17:05:16.101] [main/DEBUG] [mixin/]: Instancing new MixinPlatformAgentMinecraftForge for SecureJarResource(travelersbackpack)
[15Jun2025 17:05:16.102] [main/DEBUG] [mixin/]: MixinPlatformAgentMinecraftForge rejected container SecureJarResource(travelersbackpack)
[15Jun2025 17:05:16.102] [main/DEBUG] [mixin/]: Instancing new MixinPlatformAgentDefault for SecureJarResource(travelersbackpack)
[15Jun2025 17:05:16.102] [main/DEBUG] [mixin/]: MixinPlatformAgentDefault accepted container SecureJarResource(travelersbackpack)
[15Jun2025 17:05:16.102] [main/DEBUG] [mixin/]: Processing prepare() for PlatformAgent[MixinPlatformAgentDefault:SecureJarResource(travelersbackpack)]
[15Jun2025 17:05:16.102] [main/DEBUG] [mixin/]: Adding mixin platform agents for container SecureJarResource(yungsapi)
[15Jun2025 17:05:16.102] [main/DEBUG] [mixin/]: Instancing new MixinPlatformAgentMinecraftForge for SecureJarResource(yungsapi)
[15Jun2025 17:05:16.102] [main/DEBUG] [mixin/]: MixinPlatformAgentMinecraftForge rejected container SecureJarResource(yungsapi)
[15Jun2025 17:05:16.102] [main/DEBUG] [mixin/]: Instancing new MixinPlatformAgentDefault for SecureJarResource(yungsapi)
[15Jun2025 17:05:16.103] [main/DEBUG] [mixin/]: MixinPlatformAgentDefault accepted container SecureJarResource(yungsapi)
[15Jun2025 17:05:16.103] [main/DEBUG] [mixin/]: Processing prepare() for PlatformAgent[MixinPlatformAgentDefault:SecureJarResource(yungsapi)]
[15Jun2025 17:05:16.103] [main/DEBUG] [mixin/]: Registering mixin config: yungsapi.mixins.json
[15Jun2025 17:05:16.106] [main/DEBUG] [mixin/]: Registering mixin config: yungsapi_forge.mixins.json
[15Jun2025 17:05:16.109] [main/DEBUG] [mixin/]: Adding mixin platform agents for container SecureJarResource(mixinextras)
[15Jun2025 17:05:16.110] [main/DEBUG] [mixin/]: Instancing new MixinPlatformAgentMinecraftForge for SecureJarResource(mixinextras)
[15Jun2025 17:05:16.110] [main/DEBUG] [mixin/]: MixinPlatformAgentMinecraftForge rejected container SecureJarResource(mixinextras)
[15Jun2025 17:05:16.110] [main/DEBUG] [mixin/]: Instancing new MixinPlatformAgentDefault for SecureJarResource(mixinextras)
[15Jun2025 17:05:16.111] [main/DEBUG] [mixin/]: MixinPlatformAgentDefault accepted container SecureJarResource(mixinextras)
[15Jun2025 17:05:16.111] [main/DEBUG] [mixin/]: Processing prepare() for PlatformAgent[MixinPlatformAgentDefault:SecureJarResource(mixinextras)]
[15Jun2025 17:05:16.112] [main/DEBUG] [mixin/]: Registering mixin config: mixinextras.init.mixins.json
[15Jun2025 17:05:16.113] [main/DEBUG] [mixin/]: Adding mixin platform agents for container SecureJarResource(myserveriscompatible)
[15Jun2025 17:05:16.113] [main/DEBUG] [mixin/]: Instancing new MixinPlatformAgentMinecraftForge for SecureJarResource(myserveriscompatible)
[15Jun2025 17:05:16.113] [main/DEBUG] [mixin/]: MixinPlatformAgentMinecraftForge rejected container SecureJarResource(myserveriscompatible)
[15Jun2025 17:05:16.114] [main/DEBUG] [mixin/]: Instancing new MixinPlatformAgentDefault for SecureJarResource(myserveriscompatible)
[15Jun2025 17:05:16.114] [main/DEBUG] [mixin/]: MixinPlatformAgentDefault accepted container SecureJarResource(myserveriscompatible)
[15Jun2025 17:05:16.114] [main/DEBUG] [mixin/]: Processing prepare() for PlatformAgent[MixinPlatformAgentDefault:SecureJarResource(myserveriscompatible)]
[15Jun2025 17:05:16.114] [main/DEBUG] [mixin/]: Registering mixin config: myserveriscompatible.mixins.json
[15Jun2025 17:05:16.116] [main/DEBUG] [mixin/]: Adding mixin platform agents for container SecureJarResource(pickupnotifier)
[15Jun2025 17:05:16.116] [main/DEBUG] [mixin/]: Instancing new MixinPlatformAgentMinecraftForge for SecureJarResource(pickupnotifier)
[15Jun2025 17:05:16.116] [main/DEBUG] [mixin/]: MixinPlatformAgentMinecraftForge rejected container SecureJarResource(pickupnotifier)
[15Jun2025 17:05:16.116] [main/DEBUG] [mixin/]: Instancing new MixinPlatformAgentDefault for SecureJarResource(pickupnotifier)
[15Jun2025 17:05:16.116] [main/DEBUG] [mixin/]: MixinPlatformAgentDefault accepted container SecureJarResource(pickupnotifier)
[15Jun2025 17:05:16.116] [main/DEBUG] [mixin/]: Processing prepare() for PlatformAgent[MixinPlatformAgentDefault:SecureJarResource(pickupnotifier)]
[15Jun2025 17:05:16.116] [main/DEBUG] [mixin/]: Registering mixin config: pickupnotifier.common.mixins.json
[15Jun2025 17:05:16.122] [main/DEBUG] [mixin/]: Adding mixin platform agents for container SecureJarResource(terralith)
[15Jun2025 17:05:16.122] [main/DEBUG] [mixin/]: Instancing new MixinPlatformAgentMinecraftForge for SecureJarResource(terralith)
[15Jun2025 17:05:16.122] [main/DEBUG] [mixin/]: MixinPlatformAgentMinecraftForge rejected container SecureJarResource(terralith)
[15Jun2025 17:05:16.124] [main/DEBUG] [mixin/]: Instancing new MixinPlatformAgentDefault for SecureJarResource(terralith)
[15Jun2025 17:05:16.124] [main/DEBUG] [mixin/]: MixinPlatformAgentDefault accepted container SecureJarResource(terralith)
[15Jun2025 17:05:16.124] [main/DEBUG] [mixin/]: Processing prepare() for PlatformAgent[MixinPlatformAgentDefault:SecureJarResource(terralith)]
[15Jun2025 17:05:16.124] [main/DEBUG] [mixin/]: Adding mixin platform agents for container SecureJarResource(carryon)
[15Jun2025 17:05:16.124] [main/DEBUG] [mixin/]: Instancing new MixinPlatformAgentMinecraftForge for SecureJarResource(carryon)
[15Jun2025 17:05:16.124] [main/DEBUG] [mixin/]: MixinPlatformAgentMinecraftForge rejected container SecureJarResource(carryon)
[15Jun2025 17:05:16.124] [main/DEBUG] [mixin/]: Instancing new MixinPlatformAgentDefault for SecureJarResource(carryon)
[15Jun2025 17:05:16.124] [main/DEBUG] [mixin/]: MixinPlatformAgentDefault accepted container SecureJarResource(carryon)
[15Jun2025 17:05:16.125] [main/DEBUG] [mixin/]: Processing prepare() for PlatformAgent[MixinPlatformAgentDefault:SecureJarResource(carryon)]
[15Jun2025 17:05:16.125] [main/DEBUG] [mixin/]: Registering mixin config: carryon.mixins.json
[15Jun2025 17:05:16.126] [main/DEBUG] [mixin/]: Registering mixin config: carryon.forge.mixins.json
[15Jun2025 17:05:16.128] [main/DEBUG] [mixin/]: Adding mixin platform agents for container SecureJarResource(puzzlesaccessapi)
[15Jun2025 17:05:16.128] [main/DEBUG] [mixin/]: Instancing new MixinPlatformAgentMinecraftForge for SecureJarResource(puzzlesaccessapi)
[15Jun2025 17:05:16.128] [main/DEBUG] [mixin/]: MixinPlatformAgentMinecraftForge rejected container SecureJarResource(puzzlesaccessapi)
[15Jun2025 17:05:16.128] [main/DEBUG] [mixin/]: Instancing new MixinPlatformAgentDefault for SecureJarResource(puzzlesaccessapi)
[15Jun2025 17:05:16.128] [main/DEBUG] [mixin/]: MixinPlatformAgentDefault accepted container SecureJarResource(puzzlesaccessapi)
[15Jun2025 17:05:16.128] [main/DEBUG] [mixin/]: Processing prepare() for PlatformAgent[MixinPlatformAgentDefault:SecureJarResource(puzzlesaccessapi)]
[15Jun2025 17:05:16.128] [main/DEBUG] [mixin/]: Adding mixin platform agents for container SecureJarResource(betterfortresses)
[15Jun2025 17:05:16.128] [main/DEBUG] [mixin/]: Instancing new MixinPlatformAgentMinecraftForge for SecureJarResource(betterfortresses)
[15Jun2025 17:05:16.128] [main/DEBUG] [mixin/]: MixinPlatformAgentMinecraftForge rejected container SecureJarResource(betterfortresses)
[15Jun2025 17:05:16.128] [main/DEBUG] [mixin/]: Instancing new MixinPlatformAgentDefault for SecureJarResource(betterfortresses)
[15Jun2025 17:05:16.128] [main/DEBUG] [mixin/]: MixinPlatformAgentDefault accepted container SecureJarResource(betterfortresses)
[15Jun2025 17:05:16.132] [main/DEBUG] [mixin/]: Processing prepare() for PlatformAgent[MixinPlatformAgentDefault:SecureJarResource(betterfortresses)]
[15Jun2025 17:05:16.132] [main/DEBUG] [mixin/]: Registering mixin config: betterfortresses.mixins.json
[15Jun2025 17:05:16.134] [main/DEBUG] [mixin/]: Registering mixin config: betterfortresses_forge.mixins.json
[15Jun2025 17:05:16.136] [main/DEBUG] [mixin/]: Adding mixin platform agents for container SecureJarResource(dungeons_arise_seven_seas)
[15Jun2025 17:05:16.136] [main/DEBUG] [mixin/]: Instancing new MixinPlatformAgentMinecraftForge for SecureJarResource(dungeons_arise_seven_seas)
[15Jun2025 17:05:16.136] [main/DEBUG] [mixin/]: MixinPlatformAgentMinecraftForge rejected container SecureJarResource(dungeons_arise_seven_seas)
[15Jun2025 17:05:16.136] [main/DEBUG] [mixin/]: Instancing new MixinPlatformAgentDefault for SecureJarResource(dungeons_arise_seven_seas)
[15Jun2025 17:05:16.136] [main/DEBUG] [mixin/]: MixinPlatformAgentDefault accepted container SecureJarResource(dungeons_arise_seven_seas)
[15Jun2025 17:05:16.137] [main/DEBUG] [mixin/]: Processing prepare() for PlatformAgent[MixinPlatformAgentDefault:SecureJarResource(dungeons_arise_seven_seas)]
[15Jun2025 17:05:16.138] [main/DEBUG] [mixin/]: Adding mixin platform agents for container SecureJarResource(forge)
[15Jun2025 17:05:16.138] [main/DEBUG] [mixin/]: Instancing new MixinPlatformAgentMinecraftForge for SecureJarResource(forge)
[15Jun2025 17:05:16.138] [main/DEBUG] [mixin/]: MixinPlatformAgentMinecraftForge rejected container SecureJarResource(forge)
[15Jun2025 17:05:16.138] [main/DEBUG] [mixin/]: Instancing new MixinPlatformAgentDefault for SecureJarResource(forge)
[15Jun2025 17:05:16.138] [main/DEBUG] [mixin/]: MixinPlatformAgentDefault accepted container SecureJarResource(forge)
[15Jun2025 17:05:16.138] [main/DEBUG] [mixin/]: Processing prepare() for PlatformAgent[MixinPlatformAgentDefault:SecureJarResource(forge)]
[15Jun2025 17:05:16.139] [main/DEBUG] [mixin/]: Adding mixin platform agents for container SecureJarResource(embeddium)
[15Jun2025 17:05:16.139] [main/DEBUG] [mixin/]: Instancing new MixinPlatformAgentMinecraftForge for SecureJarResource(embeddium)
[15Jun2025 17:05:16.139] [main/DEBUG] [mixin/]: MixinPlatformAgentMinecraftForge rejected container SecureJarResource(embeddium)
[15Jun2025 17:05:16.139] [main/DEBUG] [mixin/]: Instancing new MixinPlatformAgentDefault for SecureJarResource(embeddium)
[15Jun2025 17:05:16.139] [main/DEBUG] [mixin/]: MixinPlatformAgentDefault accepted container SecureJarResource(embeddium)
[15Jun2025 17:05:16.139] [main/DEBUG] [mixin/]: Processing prepare() for PlatformAgent[MixinPlatformAgentDefault:SecureJarResource(embeddium)]
[15Jun2025 17:05:16.139] [main/DEBUG] [mixin/]: Registering mixin config: embeddium.mixins.json
[15Jun2025 17:05:16.143] [main/DEBUG] [mixin/]: Adding mixin platform agents for container SecureJarResource(ultris_mr)
[15Jun2025 17:05:16.144] [main/DEBUG] [mixin/]: Instancing new MixinPlatformAgentMinecraftForge for SecureJarResource(ultris_mr)
[15Jun2025 17:05:16.144] [main/DEBUG] [mixin/]: MixinPlatformAgentMinecraftForge rejected container SecureJarResource(ultris_mr)
[15Jun2025 17:05:16.144] [main/DEBUG] [mixin/]: Instancing new MixinPlatformAgentDefault for SecureJarResource(ultris_mr)
[15Jun2025 17:05:16.144] [main/DEBUG] [mixin/]: MixinPlatformAgentDefault accepted container SecureJarResource(ultris_mr)
[15Jun2025 17:05:16.144] [main/DEBUG] [mixin/]: Processing prepare() for PlatformAgent[MixinPlatformAgentDefault:SecureJarResource(ultris_mr)]
[15Jun2025 17:05:16.144] [main/DEBUG] [mixin/]: Adding mixin platform agents for container SecureJarResource(friendsandfoes)
[15Jun2025 17:05:16.144] [main/DEBUG] [mixin/]: Instancing new MixinPlatformAgentMinecraftForge for SecureJarResource(friendsandfoes)
[15Jun2025 17:05:16.144] [main/DEBUG] [mixin/]: MixinPlatformAgentMinecraftForge rejected container SecureJarResource(friendsandfoes)
[15Jun2025 17:05:16.144] [main/DEBUG] [mixin/]: Instancing new MixinPlatformAgentDefault for SecureJarResource(friendsandfoes)
[15Jun2025 17:05:16.144] [main/DEBUG] [mixin/]: MixinPlatformAgentDefault accepted container SecureJarResource(friendsandfoes)
[15Jun2025 17:05:16.144] [main/DEBUG] [mixin/]: Processing prepare() for PlatformAgent[MixinPlatformAgentDefault:SecureJarResource(friendsandfoes)]
[15Jun2025 17:05:16.144] [main/DEBUG] [mixin/]: Registering mixin config: friendsandfoes-common.mixins.json
[15Jun2025 17:05:16.147] [main/DEBUG] [mixin/]: Registering mixin config: friendsandfoes-forge.mixins.json
[15Jun2025 17:05:16.151] [main/DEBUG] [mixin/]: Adding mixin platform agents for container SecureJarResource(dungeons_arise)
[15Jun2025 17:05:16.151] [main/DEBUG] [mixin/]: Instancing new MixinPlatformAgentMinecraftForge for SecureJarResource(dungeons_arise)
[15Jun2025 17:05:16.151] [main/DEBUG] [mixin/]: MixinPlatformAgentMinecraftForge rejected container SecureJarResource(dungeons_arise)
[15Jun2025 17:05:16.151] [main/DEBUG] [mixin/]: Instancing new MixinPlatformAgentDefault for SecureJarResource(dungeons_arise)
[15Jun2025 17:05:16.152] [main/DEBUG] [mixin/]: MixinPlatformAgentDefault accepted container SecureJarResource(dungeons_arise)
[15Jun2025 17:05:16.152] [main/DEBUG] [mixin/]: Processing prepare() for PlatformAgent[MixinPlatformAgentDefault:SecureJarResource(dungeons_arise)]
[15Jun2025 17:05:16.152] [main/DEBUG] [mixin/]: Adding mixin platform agents for container SecureJarResource(minecraft)
[15Jun2025 17:05:16.152] [main/DEBUG] [mixin/]: Instancing new MixinPlatformAgentMinecraftForge for SecureJarResource(minecraft)
[15Jun2025 17:05:16.152] [main/DEBUG] [mixin/]: MixinPlatformAgentMinecraftForge rejected container SecureJarResource(minecraft)
[15Jun2025 17:05:16.152] [main/DEBUG] [mixin/]: Instancing new MixinPlatformAgentDefault for SecureJarResource(minecraft)
[15Jun2025 17:05:16.152] [main/DEBUG] [mixin/]: MixinPlatformAgentDefault accepted container SecureJarResource(minecraft)
[15Jun2025 17:05:16.152] [main/DEBUG] [mixin/]: Processing prepare() for PlatformAgent[MixinPlatformAgentDefault:SecureJarResource(minecraft)]
[15Jun2025 17:05:16.152] [main/DEBUG] [mixin/]: Adding mixin platform agents for container SecureJarResource(farmersdelight)
[15Jun2025 17:05:16.152] [main/DEBUG] [mixin/]: Instancing new MixinPlatformAgentMinecraftForge for SecureJarResource(farmersdelight)
[15Jun2025 17:05:16.152] [main/DEBUG] [mixin/]: MixinPlatformAgentMinecraftForge rejected container SecureJarResource(farmersdelight)
[15Jun2025 17:05:16.152] [main/DEBUG] [mixin/]: Instancing new MixinPlatformAgentDefault for SecureJarResource(farmersdelight)
[15Jun2025 17:05:16.152] [main/DEBUG] [mixin/]: MixinPlatformAgentDefault accepted container SecureJarResource(farmersdelight)
[15Jun2025 17:05:16.152] [main/DEBUG] [mixin/]: Processing prepare() for PlatformAgent[MixinPlatformAgentDefault:SecureJarResource(farmersdelight)]
[15Jun2025 17:05:16.152] [main/DEBUG] [mixin/]: Registering mixin config: farmersdelight.mixins.json
[15Jun2025 17:05:16.156] [main/DEBUG] [mixin/]: Adding mixin platform agents for container SecureJarResource(entity_texture_features)
[15Jun2025 17:05:16.156] [main/DEBUG] [mixin/]: Instancing new MixinPlatformAgentMinecraftForge for SecureJarResource(entity_texture_features)
[15Jun2025 17:05:16.156] [main/DEBUG] [mixin/]: MixinPlatformAgentMinecraftForge rejected container SecureJarResource(entity_texture_features)
[15Jun2025 17:05:16.156] [main/DEBUG] [mixin/]: Instancing new MixinPlatformAgentDefault for SecureJarResource(entity_texture_features)
[15Jun2025 17:05:16.158] [main/DEBUG] [mixin/]: MixinPlatformAgentDefault accepted container SecureJarResource(entity_texture_features)
[15Jun2025 17:05:16.158] [main/DEBUG] [mixin/]: Processing prepare() for PlatformAgent[MixinPlatformAgentDefault:SecureJarResource(entity_texture_features)]
[15Jun2025 17:05:16.159] [main/DEBUG] [mixin/]: Registering mixin config: entity_texture_features-forge.mixins.json
[15Jun2025 17:05:16.160] [main/DEBUG] [mixin/]: Registering mixin config: entity_texture_features-common.mixins.json
[15Jun2025 17:05:16.162] [main/DEBUG] [mixin/]: Adding mixin platform agents for container SecureJarResource(endermanoverhaul)
[15Jun2025 17:05:16.163] [main/DEBUG] [mixin/]: Instancing new MixinPlatformAgentMinecraftForge for SecureJarResource(endermanoverhaul)
[15Jun2025 17:05:16.163] [main/DEBUG] [mixin/]: MixinPlatformAgentMinecraftForge rejected container SecureJarResource(endermanoverhaul)
[15Jun2025 17:05:16.164] [main/DEBUG] [mixin/]: Instancing new MixinPlatformAgentDefault for SecureJarResource(endermanoverhaul)
[15Jun2025 17:05:16.164] [main/DEBUG] [mixin/]: MixinPlatformAgentDefault accepted container SecureJarResource(endermanoverhaul)
[15Jun2025 17:05:16.164] [main/DEBUG] [mixin/]: Processing prepare() for PlatformAgent[MixinPlatformAgentDefault:SecureJarResource(endermanoverhaul)]
[15Jun2025 17:05:16.164] [main/DEBUG] [mixin/]: Registering mixin config: endermanoverhaul-common.mixins.json
[15Jun2025 17:05:16.167] [main/DEBUG] [mixin/]: Registering mixin config: endermanoverhaul.mixins.json
[15Jun2025 17:05:16.169] [main/DEBUG] [mixin/]: Adding mixin platform agents for container SecureJarResource(ambientsounds)
[15Jun2025 17:05:16.169] [main/DEBUG] [mixin/]: Instancing new MixinPlatformAgentMinecraftForge for SecureJarResource(ambientsounds)
[15Jun2025 17:05:16.169] [main/DEBUG] [mixin/]: MixinPlatformAgentMinecraftForge rejected container SecureJarResource(ambientsounds)
[15Jun2025 17:05:16.169] [main/DEBUG] [mixin/]: Instancing new MixinPlatformAgentDefault for SecureJarResource(ambientsounds)
[15Jun2025 17:05:16.169] [main/DEBUG] [mixin/]: MixinPlatformAgentDefault accepted container SecureJarResource(ambientsounds)
[15Jun2025 17:05:16.169] [main/DEBUG] [mixin/]: Processing prepare() for PlatformAgent[MixinPlatformAgentDefault:SecureJarResource(ambientsounds)]
[15Jun2025 17:05:16.169] [main/DEBUG] [mixin/]: Registering mixin config: ambientsounds.mixins.json
[15Jun2025 17:05:16.170] [main/DEBUG] [mixin/]: Adding mixin platform agents for container SecureJarResource(gml)
[15Jun2025 17:05:16.171] [main/DEBUG] [mixin/]: Instancing new MixinPlatformAgentMinecraftForge for SecureJarResource(gml)
[15Jun2025 17:05:16.171] [main/DEBUG] [mixin/]: MixinPlatformAgentMinecraftForge rejected container SecureJarResource(gml)
[15Jun2025 17:05:16.171] [main/DEBUG] [mixin/]: Instancing new MixinPlatformAgentDefault for SecureJarResource(gml)
[15Jun2025 17:05:16.171] [main/DEBUG] [mixin/]: MixinPlatformAgentDefault accepted container SecureJarResource(gml)
[15Jun2025 17:05:16.171] [main/DEBUG] [mixin/]: Processing prepare() for PlatformAgent[MixinPlatformAgentDefault:SecureJarResource(gml)]
[15Jun2025 17:05:16.171] [main/DEBUG] [mixin/]: Adding mixin platform agents for container SecureJarResource(creativecore)
[15Jun2025 17:05:16.172] [main/DEBUG] [mixin/]: Instancing new MixinPlatformAgentMinecraftForge for SecureJarResource(creativecore)
[15Jun2025 17:05:16.172] [main/DEBUG] [mixin/]: MixinPlatformAgentMinecraftForge rejected container SecureJarResource(creativecore)
[15Jun2025 17:05:16.172] [main/DEBUG] [mixin/]: Instancing new MixinPlatformAgentDefault for SecureJarResource(creativecore)
[15Jun2025 17:05:16.172] [main/DEBUG] [mixin/]: MixinPlatformAgentDefault accepted container SecureJarResource(creativecore)
[15Jun2025 17:05:16.172] [main/DEBUG] [mixin/]: Processing prepare() for PlatformAgent[MixinPlatformAgentDefault:SecureJarResource(creativecore)]
[15Jun2025 17:05:16.172] [main/DEBUG] [mixin/]: Registering mixin config: creativecore.mixins.json
[15Jun2025 17:05:16.174] [main/DEBUG] [mixin/]: Registering mixin config: creativecore.forge.mixins.json
[15Jun2025 17:05:16.177] [main/DEBUG] [mixin/]: Adding mixin platform agents for container SecureJarResource(watching)
[15Jun2025 17:05:16.177] [main/DEBUG] [mixin/]: Instancing new MixinPlatformAgentMinecraftForge for SecureJarResource(watching)
[15Jun2025 17:05:16.177] [main/DEBUG] [mixin/]: MixinPlatformAgentMinecraftForge rejected container SecureJarResource(watching)
[15Jun2025 17:05:16.178] [main/DEBUG] [mixin/]: Instancing new MixinPlatformAgentDefault for SecureJarResource(watching)
[15Jun2025 17:05:16.178] [main/DEBUG] [mixin/]: MixinPlatformAgentDefault accepted container SecureJarResource(watching)
[15Jun2025 17:05:16.178] [main/DEBUG] [mixin/]: Processing prepare() for PlatformAgent[MixinPlatformAgentDefault:SecureJarResource(watching)]
[15Jun2025 17:05:16.178] [main/DEBUG] [mixin/]: Adding mixin platform agents for container SecureJarResource(resourcefulconfig)
[15Jun2025 17:05:16.178] [main/DEBUG] [mixin/]: Instancing new MixinPlatformAgentMinecraftForge for SecureJarResource(resourcefulconfig)
[15Jun2025 17:05:16.178] [main/DEBUG] [mixin/]: MixinPlatformAgentMinecraftForge rejected container SecureJarResource(resourcefulconfig)
[15Jun2025 17:05:16.179] [main/DEBUG] [mixin/]: Instancing new MixinPlatformAgentDefault for SecureJarResource(resourcefulconfig)
[15Jun2025 17:05:16.179] [main/DEBUG] [mixin/]: MixinPlatformAgentDefault accepted container SecureJarResource(resourcefulconfig)
[15Jun2025 17:05:16.179] [main/DEBUG] [mixin/]: Processing prepare() for PlatformAgent[MixinPlatformAgentDefault:SecureJarResource(resourcefulconfig)]
[15Jun2025 17:05:16.179] [main/DEBUG] [mixin/]: Adding mixin platform agents for container SecureJarResource(hangglider)
[15Jun2025 17:05:16.179] [main/DEBUG] [mixin/]: Instancing new MixinPlatformAgentMinecraftForge for SecureJarResource(hangglider)
[15Jun2025 17:05:16.179] [main/DEBUG] [mixin/]: MixinPlatformAgentMinecraftForge rejected container SecureJarResource(hangglider)
[15Jun2025 17:05:16.179] [main/DEBUG] [mixin/]: Instancing new MixinPlatformAgentDefault for SecureJarResource(hangglider)
[15Jun2025 17:05:16.179] [main/DEBUG] [mixin/]: MixinPlatformAgentDefault accepted container SecureJarResource(hangglider)
[15Jun2025 17:05:16.179] [main/DEBUG] [mixin/]: Processing prepare() for PlatformAgent[MixinPlatformAgentDefault:SecureJarResource(hangglider)]
[15Jun2025 17:05:16.179] [main/DEBUG] [mixin/]: Registering mixin config: hangglider.common.mixins.json
[15Jun2025 17:05:16.182] [main/DEBUG] [mixin/]: Adding mixin platform agents for container SecureJarResource(lionfishapi)
[15Jun2025 17:05:16.182] [main/DEBUG] [mixin/]: Instancing new MixinPlatformAgentMinecraftForge for SecureJarResource(lionfishapi)
[15Jun2025 17:05:16.182] [main/DEBUG] [mixin/]: MixinPlatformAgentMinecraftForge rejected container SecureJarResource(lionfishapi)
[15Jun2025 17:05:16.182] [main/DEBUG] [mixin/]: Instancing new MixinPlatformAgentDefault for SecureJarResource(lionfishapi)
[15Jun2025 17:05:16.183] [main/DEBUG] [mixin/]: MixinPlatformAgentDefault accepted container SecureJarResource(lionfishapi)
[15Jun2025 17:05:16.183] [main/DEBUG] [mixin/]: Processing prepare() for PlatformAgent[MixinPlatformAgentDefault:SecureJarResource(lionfishapi)]
[15Jun2025 17:05:16.183] [main/DEBUG] [mixin/]: Registering mixin config: lionfishapi.mixins.json
[15Jun2025 17:05:16.185] [main/DEBUG] [mixin/]: Adding mixin platform agents for container SecureJarResource(cataclysm)
[15Jun2025 17:05:16.185] [main/DEBUG] [mixin/]: Instancing new MixinPlatformAgentMinecraftForge for SecureJarResource(cataclysm)
[15Jun2025 17:05:16.186] [main/DEBUG] [mixin/]: MixinPlatformAgentMinecraftForge rejected container SecureJarResource(cataclysm)
[15Jun2025 17:05:16.186] [main/DEBUG] [mixin/]: Instancing new MixinPlatformAgentDefault for SecureJarResource(cataclysm)
[15Jun2025 17:05:16.186] [main/DEBUG] [mixin/]: MixinPlatformAgentDefault accepted container SecureJarResource(cataclysm)
[15Jun2025 17:05:16.187] [main/DEBUG] [mixin/]: Processing prepare() for PlatformAgent[MixinPlatformAgentDefault:SecureJarResource(cataclysm)]
[15Jun2025 17:05:16.187] [main/DEBUG] [mixin/]: Registering mixin config: lionfishapi.mixins.json
[15Jun2025 17:05:16.187] [main/DEBUG] [mixin/]: Registering mixin config: cataclysm.mixins.json
[15Jun2025 17:05:16.188] [main/DEBUG] [mixin/]: Adding mixin platform agents for container SecureJarResource(curios)
[15Jun2025 17:05:16.190] [main/DEBUG] [mixin/]: Instancing new MixinPlatformAgentMinecraftForge for SecureJarResource(curios)
[15Jun2025 17:05:16.190] [main/DEBUG] [mixin/]: MixinPlatformAgentMinecraftForge rejected container SecureJarResource(curios)
[15Jun2025 17:05:16.191] [main/DEBUG] [mixin/]: Instancing new MixinPlatformAgentDefault for SecureJarResource(curios)
[15Jun2025 17:05:16.191] [main/DEBUG] [mixin/]: MixinPlatformAgentDefault accepted container SecureJarResource(curios)
[15Jun2025 17:05:16.191] [main/DEBUG] [mixin/]: Processing prepare() for PlatformAgent[MixinPlatformAgentDefault:SecureJarResource(curios)]
[15Jun2025 17:05:16.191] [main/DEBUG] [mixin/]: Registering mixin config: curios.mixins.json
[15Jun2025 17:05:16.195] [main/DEBUG] [mixin/]: Adding mixin platform agents for container SecureJarResource(commongroovylibrary)
[15Jun2025 17:05:16.195] [main/DEBUG] [mixin/]: Instancing new MixinPlatformAgentMinecraftForge for SecureJarResource(commongroovylibrary)
[15Jun2025 17:05:16.195] [main/DEBUG] [mixin/]: MixinPlatformAgentMinecraftForge rejected container SecureJarResource(commongroovylibrary)
[15Jun2025 17:05:16.195] [main/DEBUG] [mixin/]: Instancing new MixinPlatformAgentDefault for SecureJarResource(commongroovylibrary)
[15Jun2025 17:05:16.195] [main/DEBUG] [mixin/]: MixinPlatformAgentDefault accepted container SecureJarResource(commongroovylibrary)
[15Jun2025 17:05:16.195] [main/DEBUG] [mixin/]: Processing prepare() for PlatformAgent[MixinPlatformAgentDefault:SecureJarResource(commongroovylibrary)]
[15Jun2025 17:05:16.195] [main/DEBUG] [mixin/]: Adding mixin platform agents for container SecureJarResource(mr_dungeons_andtaverns)
[15Jun2025 17:05:16.195] [main/DEBUG] [mixin/]: Instancing new MixinPlatformAgentMinecraftForge for SecureJarResource(mr_dungeons_andtaverns)
[15Jun2025 17:05:16.195] [main/DEBUG] [mixin/]: MixinPlatformAgentMinecraftForge rejected container SecureJarResource(mr_dungeons_andtaverns)
[15Jun2025 17:05:16.195] [main/DEBUG] [mixin/]: Instancing new MixinPlatformAgentDefault for SecureJarResource(mr_dungeons_andtaverns)
[15Jun2025 17:05:16.196] [main/DEBUG] [mixin/]: MixinPlatformAgentDefault accepted container SecureJarResource(mr_dungeons_andtaverns)
[15Jun2025 17:05:16.196] [main/DEBUG] [mixin/]: Processing prepare() for PlatformAgent[MixinPlatformAgentDefault:SecureJarResource(mr_dungeons_andtaverns)]
[15Jun2025 17:05:16.196] [main/DEBUG] [mixin/]: Adding mixin platform agents for container SecureJarResource(entityculling)
[15Jun2025 17:05:16.196] [main/DEBUG] [mixin/]: Instancing new MixinPlatformAgentMinecraftForge for SecureJarResource(entityculling)
[15Jun2025 17:05:16.196] [main/DEBUG] [mixin/]: MixinPlatformAgentMinecraftForge rejected container SecureJarResource(entityculling)
[15Jun2025 17:05:16.196] [main/DEBUG] [mixin/]: Instancing new MixinPlatformAgentDefault for SecureJarResource(entityculling)
[15Jun2025 17:05:16.196] [main/DEBUG] [mixin/]: MixinPlatformAgentDefault accepted container SecureJarResource(entityculling)
[15Jun2025 17:05:16.196] [main/DEBUG] [mixin/]: Processing prepare() for PlatformAgent[MixinPlatformAgentDefault:SecureJarResource(entityculling)]
[15Jun2025 17:05:16.196] [main/DEBUG] [mixin/]: Registering mixin config: entityculling.mixins.json
[15Jun2025 17:05:16.198] [main/DEBUG] [mixin/]: Compatibility level JAVA_16 specified by entityculling.mixins.json is higher than the maximum level supported by this version of mixin (JAVA_13).
[15Jun2025 17:05:16.201] [main/DEBUG] [mixin/]: Adding mixin platform agents for container SecureJarResource(doespotatotick)
[15Jun2025 17:05:16.201] [main/DEBUG] [mixin/]: Instancing new MixinPlatformAgentMinecraftForge for SecureJarResource(doespotatotick)
[15Jun2025 17:05:16.201] [main/DEBUG] [mixin/]: MixinPlatformAgentMinecraftForge rejected container SecureJarResource(doespotatotick)
[15Jun2025 17:05:16.201] [main/DEBUG] [mixin/]: Instancing new MixinPlatformAgentDefault for SecureJarResource(doespotatotick)
[15Jun2025 17:05:16.201] [main/DEBUG] [mixin/]: MixinPlatformAgentDefault accepted container SecureJarResource(doespotatotick)
[15Jun2025 17:05:16.202] [main/DEBUG] [mixin/]: Processing prepare() for PlatformAgent[MixinPlatformAgentDefault:SecureJarResource(doespotatotick)]
[15Jun2025 17:05:16.202] [main/DEBUG] [mixin/]: Registering mixin config: doespotatotick.mixins.json
[15Jun2025 17:05:16.204] [main/DEBUG] [mixin/]: Compatibility level JAVA_8 specified by doespotatotick.mixins.json is lower than the default level supported by the current mixin service (JAVA_16).
[15Jun2025 17:05:16.204] [main/DEBUG] [mixin/]: Adding mixin platform agents for container SecureJarResource(bettervillage)
[15Jun2025 17:05:16.204] [main/DEBUG] [mixin/]: Instancing new MixinPlatformAgentMinecraftForge for SecureJarResource(bettervillage)
[15Jun2025 17:05:16.204] [main/DEBUG] [mixin/]: MixinPlatformAgentMinecraftForge rejected container SecureJarResource(bettervillage)
[15Jun2025 17:05:16.204] [main/DEBUG] [mixin/]: Instancing new MixinPlatformAgentDefault for SecureJarResource(bettervillage)
[15Jun2025 17:05:16.204] [main/DEBUG] [mixin/]: MixinPlatformAgentDefault accepted container SecureJarResource(bettervillage)
[15Jun2025 17:05:16.204] [main/DEBUG] [mixin/]: Processing prepare() for PlatformAgent[MixinPlatformAgentDefault:SecureJarResource(bettervillage)]
[15Jun2025 17:05:16.205] [main/DEBUG] [mixin/]: Adding mixin platform agents for container SecureJarResource(resourcefullib)
[15Jun2025 17:05:16.205] [main/DEBUG] [mixin/]: Instancing new MixinPlatformAgentMinecraftForge for SecureJarResource(resourcefullib)
[15Jun2025 17:05:16.205] [main/DEBUG] [mixin/]: MixinPlatformAgentMinecraftForge rejected container SecureJarResource(resourcefullib)
[15Jun2025 17:05:16.205] [main/DEBUG] [mixin/]: Instancing new MixinPlatformAgentDefault for SecureJarResource(resourcefullib)
[15Jun2025 17:05:16.205] [main/DEBUG] [mixin/]: MixinPlatformAgentDefault accepted container SecureJarResource(resourcefullib)
[15Jun2025 17:05:16.205] [main/DEBUG] [mixin/]: Processing prepare() for PlatformAgent[MixinPlatformAgentDefault:SecureJarResource(resourcefullib)]
[15Jun2025 17:05:16.205] [main/DEBUG] [mixin/]: Adding mixin platform agents for container SecureJarResource(immediatelyfast)
[15Jun2025 17:05:16.205] [main/DEBUG] [mixin/]: Instancing new MixinPlatformAgentMinecraftForge for SecureJarResource(immediatelyfast)
[15Jun2025 17:05:16.205] [main/DEBUG] [mixin/]: MixinPlatformAgentMinecraftForge rejected container SecureJarResource(immediatelyfast)
[15Jun2025 17:05:16.206] [main/DEBUG] [mixin/]: Instancing new MixinPlatformAgentDefault for SecureJarResource(immediatelyfast)
[15Jun2025 17:05:16.206] [main/DEBUG] [mixin/]: MixinPlatformAgentDefault accepted container SecureJarResource(immediatelyfast)
[15Jun2025 17:05:16.206] [main/DEBUG] [mixin/]: Processing prepare() for PlatformAgent[MixinPlatformAgentDefault:SecureJarResource(immediatelyfast)]
[15Jun2025 17:05:16.206] [main/DEBUG] [mixin/]: Registering mixin config: immediatelyfast-forge.mixins.json
[15Jun2025 17:05:16.207] [main/DEBUG] [mixin/]: Registering mixin config: immediatelyfast-common.mixins.json
[15Jun2025 17:05:16.209] [main/DEBUG] [mixin/]: Adding mixin platform agents for container SecureJarResource(eatinganimation)
[15Jun2025 17:05:16.209] [main/DEBUG] [mixin/]: Instancing new MixinPlatformAgentMinecraftForge for SecureJarResource(eatinganimation)
[15Jun2025 17:05:16.209] [main/DEBUG] [mixin/]: MixinPlatformAgentMinecraftForge rejected container SecureJarResource(eatinganimation)
[15Jun2025 17:05:16.210] [main/DEBUG] [mixin/]: Instancing new MixinPlatformAgentDefault for SecureJarResource(eatinganimation)
[15Jun2025 17:05:16.210] [main/DEBUG] [mixin/]: MixinPlatformAgentDefault accepted container SecureJarResource(eatinganimation)
[15Jun2025 17:05:16.210] [main/DEBUG] [mixin/]: Processing prepare() for PlatformAgent[MixinPlatformAgentDefault:SecureJarResource(eatinganimation)]
[15Jun2025 17:05:16.210] [main/DEBUG] [mixin/]: Adding mixin platform agents for container SecureJarResource(deeperdarker)
[15Jun2025 17:05:16.210] [main/DEBUG] [mixin/]: Instancing new MixinPlatformAgentMinecraftForge for SecureJarResource(deeperdarker)
[15Jun2025 17:05:16.210] [main/DEBUG] [mixin/]: MixinPlatformAgentMinecraftForge rejected container SecureJarResource(deeperdarker)
[15Jun2025 17:05:16.210] [main/DEBUG] [mixin/]: Instancing new MixinPlatformAgentDefault for SecureJarResource(deeperdarker)
[15Jun2025 17:05:16.211] [main/DEBUG] [mixin/]: MixinPlatformAgentDefault accepted container SecureJarResource(deeperdarker)
[15Jun2025 17:05:16.211] [main/DEBUG] [mixin/]: Processing prepare() for PlatformAgent[MixinPlatformAgentDefault:SecureJarResource(deeperdarker)]
[15Jun2025 17:05:16.211] [main/DEBUG] [mixin/]: Registering mixin config: mixins.deeperdarker.json
[15Jun2025 17:05:16.216] [main/DEBUG] [mixin/]: Adding mixin platform agents for container SecureJarResource(creeperoverhaul)
[15Jun2025 17:05:16.216] [main/DEBUG] [mixin/]: Instancing new MixinPlatformAgentMinecraftForge for SecureJarResource(creeperoverhaul)
[15Jun2025 17:05:16.216] [main/DEBUG] [mixin/]: MixinPlatformAgentMinecraftForge rejected container SecureJarResource(creeperoverhaul)
[15Jun2025 17:05:16.216] [main/DEBUG] [mixin/]: Instancing new MixinPlatformAgentDefault for SecureJarResource(creeperoverhaul)
[15Jun2025 17:05:16.216] [main/DEBUG] [mixin/]: MixinPlatformAgentDefault accepted container SecureJarResource(creeperoverhaul)
[15Jun2025 17:05:16.216] [main/DEBUG] [mixin/]: Processing prepare() for PlatformAgent[MixinPlatformAgentDefault:SecureJarResource(creeperoverhaul)]
[15Jun2025 17:05:16.217] [main/DEBUG] [mixin/]: Registering mixin config: creeperoverhaul-common.mixins.json
[15Jun2025 17:05:16.218] [main/DEBUG] [mixin/]: Adding mixin platform agents for container SecureJarResource(architectury)
[15Jun2025 17:05:16.219] [main/DEBUG] [mixin/]: Instancing new MixinPlatformAgentMinecraftForge for SecureJarResource(architectury)
[15Jun2025 17:05:16.219] [main/DEBUG] [mixin/]: MixinPlatformAgentMinecraftForge rejected container SecureJarResource(architectury)
[15Jun2025 17:05:16.219] [main/DEBUG] [mixin/]: Instancing new MixinPlatformAgentDefault for SecureJarResource(architectury)
[15Jun2025 17:05:16.219] [main/DEBUG] [mixin/]: MixinPlatformAgentDefault accepted container SecureJarResource(architectury)
[15Jun2025 17:05:16.219] [main/DEBUG] [mixin/]: Processing prepare() for PlatformAgent[MixinPlatformAgentDefault:SecureJarResource(architectury)]
[15Jun2025 17:05:16.219] [main/DEBUG] [mixin/]: Registering mixin config: architectury.mixins.json
[15Jun2025 17:05:16.221] [main/DEBUG] [mixin/]: Compatibility level JAVA_16 specified by architectury.mixins.json is higher than the maximum level supported by this version of mixin (JAVA_13).
[15Jun2025 17:05:16.222] [main/DEBUG] [mixin/]: Registering mixin config: architectury-common.mixins.json
[15Jun2025 17:05:16.223] [main/DEBUG] [mixin/]: Compatibility level JAVA_16 specified by architectury-common.mixins.json is higher than the maximum level supported by this version of mixin (JAVA_13).
[15Jun2025 17:05:16.224] [main/DEBUG] [mixin/]: Adding mixin platform agents for container SecureJarResource(moremobvariants)
[15Jun2025 17:05:16.224] [main/DEBUG] [mixin/]: Instancing new MixinPlatformAgentMinecraftForge for SecureJarResource(moremobvariants)
[15Jun2025 17:05:16.224] [main/DEBUG] [mixin/]: MixinPlatformAgentMinecraftForge rejected container SecureJarResource(moremobvariants)
[15Jun2025 17:05:16.224] [main/DEBUG] [mixin/]: Instancing new MixinPlatformAgentDefault for SecureJarResource(moremobvariants)
[15Jun2025 17:05:16.224] [main/DEBUG] [mixin/]: MixinPlatformAgentDefault accepted container SecureJarResource(moremobvariants)
[15Jun2025 17:05:16.224] [main/DEBUG] [mixin/]: Processing prepare() for PlatformAgent[MixinPlatformAgentDefault:SecureJarResource(moremobvariants)]
[15Jun2025 17:05:16.224] [main/DEBUG] [mixin/]: Registering mixin config: moremobvariants.mixins.json
[15Jun2025 17:05:16.226] [main/DEBUG] [mixin/]: Adding mixin platform agents for container SecureJarResource(ferritecore)
[15Jun2025 17:05:16.226] [main/DEBUG] [mixin/]: Instancing new MixinPlatformAgentMinecraftForge for SecureJarResource(ferritecore)
[15Jun2025 17:05:16.226] [main/DEBUG] [mixin/]: MixinPlatformAgentMinecraftForge rejected container SecureJarResource(ferritecore)
[15Jun2025 17:05:16.227] [main/DEBUG] [mixin/]: Instancing new MixinPlatformAgentDefault for SecureJarResource(ferritecore)
[15Jun2025 17:05:16.227] [main/DEBUG] [mixin/]: MixinPlatformAgentDefault accepted container SecureJarResource(ferritecore)
[15Jun2025 17:05:16.227] [main/DEBUG] [mixin/]: Processing prepare() for PlatformAgent[MixinPlatformAgentDefault:SecureJarResource(ferritecore)]
[15Jun2025 17:05:16.227] [main/DEBUG] [mixin/]: Registering mixin config: ferritecore.predicates.mixin.json
[15Jun2025 17:05:16.229] [main/DEBUG] [mixin/]: Registering mixin config: ferritecore.fastmap.mixin.json
[15Jun2025 17:05:16.231] [main/DEBUG] [mixin/]: Registering mixin config: ferritecore.mrl.mixin.json
[15Jun2025 17:05:16.234] [main/DEBUG] [mixin/]: Registering mixin config: ferritecore.dedupmultipart.mixin.json
[15Jun2025 17:05:16.236] [main/DEBUG] [mixin/]: Registering mixin config: ferritecore.blockstatecache.mixin.json
[15Jun2025 17:05:16.238] [main/DEBUG] [mixin/]: Registering mixin config: ferritecore.dedupbakedquad.mixin.json
[15Jun2025 17:05:16.240] [main/DEBUG] [mixin/]: Registering mixin config: ferritecore.threaddetec.mixin.json
[15Jun2025 17:05:16.241] [main/DEBUG] [mixin/]: Registering mixin config: ferritecore.modelsides.mixin.json
[15Jun2025 17:05:16.243] [main/DEBUG] [mixin/]: Adding mixin platform agents for container SecureJarResource(cupboard)
[15Jun2025 17:05:16.243] [main/DEBUG] [mixin/]: Instancing new MixinPlatformAgentMinecraftForge for SecureJarResource(cupboard)
[15Jun2025 17:05:16.243] [main/DEBUG] [mixin/]: MixinPlatformAgentMinecraftForge rejected container SecureJarResource(cupboard)
[15Jun2025 17:05:16.243] [main/DEBUG] [mixin/]: Instancing new MixinPlatformAgentDefault for SecureJarResource(cupboard)
[15Jun2025 17:05:16.243] [main/DEBUG] [mixin/]: MixinPlatformAgentDefault accepted container SecureJarResource(cupboard)
[15Jun2025 17:05:16.243] [main/DEBUG] [mixin/]: Processing prepare() for PlatformAgent[MixinPlatformAgentDefault:SecureJarResource(cupboard)]
[15Jun2025 17:05:16.243] [main/DEBUG] [mixin/]: Registering mixin config: cupboard.mixins.json
[15Jun2025 17:05:16.245] [main/DEBUG] [mixin/]: Adding mixin platform agents for container SecureJarResource(puzzleslib)
[15Jun2025 17:05:16.245] [main/DEBUG] [mixin/]: Instancing new MixinPlatformAgentMinecraftForge for SecureJarResource(puzzleslib)
[15Jun2025 17:05:16.245] [main/DEBUG] [mixin/]: MixinPlatformAgentMinecraftForge rejected container SecureJarResource(puzzleslib)
[15Jun2025 17:05:16.245] [main/DEBUG] [mixin/]: Instancing new MixinPlatformAgentDefault for SecureJarResource(puzzleslib)
[15Jun2025 17:05:16.245] [main/DEBUG] [mixin/]: MixinPlatformAgentDefault accepted container SecureJarResource(puzzleslib)
[15Jun2025 17:05:16.245] [main/DEBUG] [mixin/]: Processing prepare() for PlatformAgent[MixinPlatformAgentDefault:SecureJarResource(puzzleslib)]
[15Jun2025 17:05:16.245] [main/DEBUG] [mixin/]: Registering mixin config: puzzleslib.common.mixins.json
[15Jun2025 17:05:16.247] [main/DEBUG] [mixin/]: Registering mixin config: puzzleslib.forge.mixins.json
[15Jun2025 17:05:16.250] [main/DEBUG] [mixin/]: Adding mixin platform agents for container SecureJarResource(bettermineshafts)
[15Jun2025 17:05:16.250] [main/DEBUG] [mixin/]: Instancing new MixinPlatformAgentMinecraftForge for SecureJarResource(bettermineshafts)
[15Jun2025 17:05:16.250] [main/DEBUG] [mixin/]: MixinPlatformAgentMinecraftForge rejected container SecureJarResource(bettermineshafts)
[15Jun2025 17:05:16.250] [main/DEBUG] [mixin/]: Instancing new MixinPlatformAgentDefault for SecureJarResource(bettermineshafts)
[15Jun2025 17:05:16.250] [main/DEBUG] [mixin/]: MixinPlatformAgentDefault accepted container SecureJarResource(bettermineshafts)
[15Jun2025 17:05:16.250] [main/DEBUG] [mixin/]: Processing prepare() for PlatformAgent[MixinPlatformAgentDefault:SecureJarResource(bettermineshafts)]
[15Jun2025 17:05:16.250] [main/DEBUG] [mixin/]: Registering mixin config: bettermineshafts.mixins.json
[15Jun2025 17:05:16.252] [main/DEBUG] [mixin/]: Registering mixin config: bettermineshafts_forge.mixins.json
[15Jun2025 17:05:16.255] [main/DEBUG] [mixin/]: Adding mixin platform agents for container SecureJarResource(betteradvancements)
[15Jun2025 17:05:16.256] [main/DEBUG] [mixin/]: Instancing new MixinPlatformAgentMinecraftForge for SecureJarResource(betteradvancements)
[15Jun2025 17:05:16.256] [main/DEBUG] [mixin/]: MixinPlatformAgentMinecraftForge rejected container SecureJarResource(betteradvancements)
[15Jun2025 17:05:16.256] [main/DEBUG] [mixin/]: Instancing new MixinPlatformAgentDefault for SecureJarResource(betteradvancements)
[15Jun2025 17:05:16.256] [main/DEBUG] [mixin/]: MixinPlatformAgentDefault accepted container SecureJarResource(betteradvancements)
[15Jun2025 17:05:16.256] [main/DEBUG] [mixin/]: Processing prepare() for PlatformAgent[MixinPlatformAgentDefault:SecureJarResource(betteradvancements)]
[15Jun2025 17:05:16.256] [main/DEBUG] [mixin/]: Adding mixin platform agents for container SecureJarResource(mclib)
[15Jun2025 17:05:16.256] [main/DEBUG] [mixin/]: Instancing new MixinPlatformAgentMinecraftForge for SecureJarResource(mclib)
[15Jun2025 17:05:16.256] [main/DEBUG] [mixin/]: MixinPlatformAgentMinecraftForge rejected container SecureJarResource(mclib)
[15Jun2025 17:05:16.256] [main/DEBUG] [mixin/]: Instancing new MixinPlatformAgentDefault for SecureJarResource(mclib)
[15Jun2025 17:05:16.256] [main/DEBUG] [mixin/]: MixinPlatformAgentDefault accepted container SecureJarResource(mclib)
[15Jun2025 17:05:16.256] [main/DEBUG] [mixin/]: Processing prepare() for PlatformAgent[MixinPlatformAgentDefault:SecureJarResource(mclib)]
[15Jun2025 17:05:16.256] [main/DEBUG] [mixin/]: Adding mixin platform agents for container SecureJarResource(bytecodecs)
[15Jun2025 17:05:16.256] [main/DEBUG] [mixin/]: Instancing new MixinPlatformAgentMinecraftForge for SecureJarResource(bytecodecs)
[15Jun2025 17:05:16.256] [main/DEBUG] [mixin/]: MixinPlatformAgentMinecraftForge rejected container SecureJarResource(bytecodecs)
[15Jun2025 17:05:16.256] [main/DEBUG] [mixin/]: Instancing new MixinPlatformAgentDefault for SecureJarResource(bytecodecs)
[15Jun2025 17:05:16.256] [main/DEBUG] [mixin/]: MixinPlatformAgentDefault accepted container SecureJarResource(bytecodecs)
[15Jun2025 17:05:16.256] [main/DEBUG] [mixin/]: Processing prepare() for PlatformAgent[MixinPlatformAgentDefault:SecureJarResource(bytecodecs)]
[15Jun2025 17:05:16.256] [main/DEBUG] [mixin/]: Adding mixin platform agents for container SecureJarResource(jankson)
[15Jun2025 17:05:16.256] [main/DEBUG] [mixin/]: Instancing new MixinPlatformAgentMinecraftForge for SecureJarResource(jankson)
[15Jun2025 17:05:16.256] [main/DEBUG] [mixin/]: MixinPlatformAgentMinecraftForge rejected container SecureJarResource(jankson)
[15Jun2025 17:05:16.256] [main/DEBUG] [mixin/]: Instancing new MixinPlatformAgentDefault for SecureJarResource(jankson)
[15Jun2025 17:05:16.256] [main/DEBUG] [mixin/]: MixinPlatformAgentDefault accepted container SecureJarResource(jankson)
[15Jun2025 17:05:16.257] [main/DEBUG] [mixin/]: Processing prepare() for PlatformAgent[MixinPlatformAgentDefault:SecureJarResource(jankson)]
[15Jun2025 17:05:16.257] [main/DEBUG] [mixin/]: Adding mixin platform agents for container SecureJarResource(yabn)
[15Jun2025 17:05:16.257] [main/DEBUG] [mixin/]: Instancing new MixinPlatformAgentMinecraftForge for SecureJarResource(yabn)
[15Jun2025 17:05:16.257] [main/DEBUG] [mixin/]: MixinPlatformAgentMinecraftForge rejected container SecureJarResource(yabn)
[15Jun2025 17:05:16.257] [main/DEBUG] [mixin/]: Instancing new MixinPlatformAgentDefault for SecureJarResource(yabn)
[15Jun2025 17:05:16.257] [main/DEBUG] [mixin/]: MixinPlatformAgentDefault accepted container SecureJarResource(yabn)
[15Jun2025 17:05:16.257] [main/DEBUG] [mixin/]: Processing prepare() for PlatformAgent[MixinPlatformAgentDefault:SecureJarResource(yabn)]
[15Jun2025 17:05:16.257] [main/DEBUG] [mixin/]: Adding mixin platform agents for container SecureJarResource(org.apache.httpcomponents.httpmime)
[15Jun2025 17:05:16.257] [main/DEBUG] [mixin/]: Instancing new MixinPlatformAgentMinecraftForge for SecureJarResource(org.apache.httpcomponents.httpmime)
[15Jun2025 17:05:16.257] [main/DEBUG] [mixin/]: MixinPlatformAgentMinecraftForge rejected container SecureJarResource(org.apache.httpcomponents.httpmime)
[15Jun2025 17:05:16.257] [main/DEBUG] [mixin/]: Instancing new MixinPlatformAgentDefault for SecureJarResource(org.apache.httpcomponents.httpmime)
[15Jun2025 17:05:16.257] [main/DEBUG] [mixin/]: MixinPlatformAgentDefault accepted container SecureJarResource(org.apache.httpcomponents.httpmime)
[15Jun2025 17:05:16.257] [main/DEBUG] [mixin/]: Processing prepare() for PlatformAgent[MixinPlatformAgentDefault:SecureJarResource(org.apache.httpcomponents.httpmime)]
[15Jun2025 17:05:16.257] [main/DEBUG] [mixin/]: Adding mixin platform agents for container SecureJarResource(MixinExtras)
[15Jun2025 17:05:16.257] [main/DEBUG] [mixin/]: Instancing new MixinPlatformAgentMinecraftForge for SecureJarResource(MixinExtras)
[15Jun2025 17:05:16.257] [main/DEBUG] [mixin/]: MixinPlatformAgentMinecraftForge rejected container SecureJarResource(MixinExtras)
[15Jun2025 17:05:16.257] [main/DEBUG] [mixin/]: Instancing new MixinPlatformAgentDefault for SecureJarResource(MixinExtras)
[15Jun2025 17:05:16.257] [main/DEBUG] [mixin/]: MixinPlatformAgentDefault accepted container SecureJarResource(MixinExtras)
[15Jun2025 17:05:16.257] [main/DEBUG] [mixin/]: Processing prepare() for PlatformAgent[MixinPlatformAgentDefault:SecureJarResource(MixinExtras)]
[15Jun2025 17:05:16.257] [main/DEBUG] [mixin/]: Adding mixin platform agents for container SecureJarResource(Reflect)
[15Jun2025 17:05:16.257] [main/DEBUG] [mixin/]: Instancing new MixinPlatformAgentMinecraftForge for SecureJarResource(Reflect)
[15Jun2025 17:05:16.258] [main/DEBUG] [mixin/]: MixinPlatformAgentMinecraftForge rejected container SecureJarResource(Reflect)
[15Jun2025 17:05:16.259] [main/DEBUG] [mixin/]: Instancing new MixinPlatformAgentDefault for SecureJarResource(Reflect)
[15Jun2025 17:05:16.259] [main/DEBUG] [mixin/]: MixinPlatformAgentDefault accepted container SecureJarResource(Reflect)
[15Jun2025 17:05:16.259] [main/DEBUG] [mixin/]: Processing prepare() for PlatformAgent[MixinPlatformAgentDefault:SecureJarResource(Reflect)]
[15Jun2025 17:05:16.259] [main/DEBUG] [mixin/]: inject() running with 68 agents
[15Jun2025 17:05:16.259] [main/DEBUG] [mixin/]: Processing inject() for PlatformAgent[MixinPlatformAgentDefault:ModLauncher Root Container(ModLauncher:4f56a0a2)]
[15Jun2025 17:05:16.259] [main/DEBUG] [mixin/]: Processing inject() for PlatformAgent[MixinPlatformAgentDefault:SecureJarResource(mr_stellarity)]
[15Jun2025 17:05:16.260] [main/DEBUG] [mixin/]: Processing inject() for PlatformAgent[MixinPlatformAgentDefault:SecureJarResource(weaponmaster_ydm)]
[15Jun2025 17:05:16.260] [main/DEBUG] [mixin/]: Processing inject() for PlatformAgent[MixinPlatformAgentDefault:SecureJarResource(skyvillages)]
[15Jun2025 17:05:16.260] [main/DEBUG] [mixin/]: Processing inject() for PlatformAgent[MixinPlatformAgentDefault:SecureJarResource(inventorysorter)]
[15Jun2025 17:05:16.261] [main/DEBUG] [mixin/]: Processing inject() for PlatformAgent[MixinPlatformAgentDefault:SecureJarResource(geckolib)]
[15Jun2025 17:05:16.261] [main/DEBUG] [mixin/]: Processing inject() for PlatformAgent[MixinPlatformAgentDefault:SecureJarResource(easymagic)]
[15Jun2025 17:05:16.261] [main/DEBUG] [mixin/]: Processing inject() for PlatformAgent[MixinPlatformAgentDefault:SecureJarResource(jei)]
[15Jun2025 17:05:16.261] [main/DEBUG] [mixin/]: Processing inject() for PlatformAgent[MixinPlatformAgentDefault:SecureJarResource(naturalist)]
[15Jun2025 17:05:16.261] [main/DEBUG] [mixin/]: Processing inject() for PlatformAgent[MixinPlatformAgentDefault:SecureJarResource(libraryferret)]
[15Jun2025 17:05:16.261] [main/DEBUG] [mixin/]: Processing inject() for PlatformAgent[MixinPlatformAgentDefault:SecureJarResource(incendium)]
[15Jun2025 17:05:16.262] [main/DEBUG] [mixin/]: Processing inject() for PlatformAgent[MixinPlatformAgentDefault:SecureJarResource(sound_physics_remastered)]
[15Jun2025 17:05:16.262] [main/DEBUG] [mixin/]: Processing inject() for PlatformAgent[MixinPlatformAgentDefault:SecureJarResource(structureessentials)]
[15Jun2025 17:05:16.262] [main/DEBUG] [mixin/]: Processing inject() for PlatformAgent[MixinPlatformAgentDefault:SecureJarResource(fallingleaves)]
[15Jun2025 17:05:16.262] [main/DEBUG] [mixin/]: Processing inject() for PlatformAgent[MixinPlatformAgentDefault:SecureJarResource(structory)]
[15Jun2025 17:05:16.262] [main/DEBUG] [mixin/]: Processing inject() for PlatformAgent[MixinPlatformAgentDefault:SecureJarResource(clumps)]
[15Jun2025 17:05:16.262] [main/DEBUG] [mixin/]: Processing inject() for PlatformAgent[MixinPlatformAgentDefault:SecureJarResource(travelersbackpack)]
[15Jun2025 17:05:16.262] [main/DEBUG] [mixin/]: Processing inject() for PlatformAgent[MixinPlatformAgentDefault:SecureJarResource(yungsapi)]
[15Jun2025 17:05:16.262] [main/DEBUG] [mixin/]: Processing inject() for PlatformAgent[MixinPlatformAgentDefault:SecureJarResource(mixinextras)]
[15Jun2025 17:05:16.262] [main/DEBUG] [mixin/]: Processing inject() for PlatformAgent[MixinPlatformAgentDefault:SecureJarResource(myserveriscompatible)]
[15Jun2025 17:05:16.262] [main/DEBUG] [mixin/]: Processing inject() for PlatformAgent[MixinPlatformAgentDefault:SecureJarResource(pickupnotifier)]
[15Jun2025 17:05:16.262] [main/DEBUG] [mixin/]: Processing inject() for PlatformAgent[MixinPlatformAgentDefault:SecureJarResource(terralith)]
[15Jun2025 17:05:16.262] [main/DEBUG] [mixin/]: Processing inject() for PlatformAgent[MixinPlatformAgentDefault:SecureJarResource(carryon)]
[15Jun2025 17:05:16.262] [main/DEBUG] [mixin/]: Processing inject() for PlatformAgent[MixinPlatformAgentDefault:SecureJarResource(puzzlesaccessapi)]
[15Jun2025 17:05:16.262] [main/DEBUG] [mixin/]: Processing inject() for PlatformAgent[MixinPlatformAgentDefault:SecureJarResource(betterfortresses)]
[15Jun2025 17:05:16.262] [main/DEBUG] [mixin/]: Processing inject() for PlatformAgent[MixinPlatformAgentDefault:SecureJarResource(dungeons_arise_seven_seas)]
[15Jun2025 17:05:16.262] [main/DEBUG] [mixin/]: Processing inject() for PlatformAgent[MixinPlatformAgentDefault:SecureJarResource(forge)]
[15Jun2025 17:05:16.262] [main/DEBUG] [mixin/]: Processing inject() for PlatformAgent[MixinPlatformAgentDefault:SecureJarResource(embeddium)]
[15Jun2025 17:05:16.262] [main/DEBUG] [mixin/]: Processing inject() for PlatformAgent[MixinPlatformAgentDefault:SecureJarResource(ultris_mr)]
[15Jun2025 17:05:16.262] [main/DEBUG] [mixin/]: Processing inject() for PlatformAgent[MixinPlatformAgentDefault:SecureJarResource(friendsandfoes)]
[15Jun2025 17:05:16.263] [main/DEBUG] [mixin/]: Processing inject() for PlatformAgent[MixinPlatformAgentDefault:SecureJarResource(dungeons_arise)]
[15Jun2025 17:05:16.263] [main/DEBUG] [mixin/]: Processing inject() for PlatformAgent[MixinPlatformAgentDefault:SecureJarResource(minecraft)]
[15Jun2025 17:05:16.263] [main/DEBUG] [mixin/]: Processing inject() for PlatformAgent[MixinPlatformAgentDefault:SecureJarResource(farmersdelight)]
[15Jun2025 17:05:16.263] [main/DEBUG] [mixin/]: Processing inject() for PlatformAgent[MixinPlatformAgentDefault:SecureJarResource(entity_texture_features)]
[15Jun2025 17:05:16.263] [main/DEBUG] [mixin/]: Processing inject() for PlatformAgent[MixinPlatformAgentDefault:SecureJarResource(endermanoverhaul)]
[15Jun2025 17:05:16.263] [main/DEBUG] [mixin/]: Processing inject() for PlatformAgent[MixinPlatformAgentDefault:SecureJarResource(ambientsounds)]
[15Jun2025 17:05:16.263] [main/DEBUG] [mixin/]: Processing inject() for PlatformAgent[MixinPlatformAgentDefault:SecureJarResource(gml)]
[15Jun2025 17:05:16.263] [main/DEBUG] [mixin/]: Processing inject() for PlatformAgent[MixinPlatformAgentDefault:SecureJarResource(creativecore)]
[15Jun2025 17:05:16.263] [main/DEBUG] [mixin/]: Processing inject() for PlatformAgent[MixinPlatformAgentDefault:SecureJarResource(watching)]
[15Jun2025 17:05:16.263] [main/DEBUG] [mixin/]: Processing inject() for PlatformAgent[MixinPlatformAgentDefault:SecureJarResource(resourcefulconfig)]
[15Jun2025 17:05:16.263] [main/DEBUG] [mixin/]: Processing inject() for PlatformAgent[MixinPlatformAgentDefault:SecureJarResource(hangglider)]
[15Jun2025 17:05:16.263] [main/DEBUG] [mixin/]: Processing inject() for PlatformAgent[MixinPlatformAgentDefault:SecureJarResource(lionfishapi)]
[15Jun2025 17:05:16.263] [main/DEBUG] [mixin/]: Processing inject() for PlatformAgent[MixinPlatformAgentDefault:SecureJarResource(cataclysm)]
[15Jun2025 17:05:16.263] [main/DEBUG] [mixin/]: Processing inject() for PlatformAgent[MixinPlatformAgentDefault:SecureJarResource(curios)]
[15Jun2025 17:05:16.263] [main/DEBUG] [mixin/]: Processing inject() for PlatformAgent[MixinPlatformAgentDefault:SecureJarResource(commongroovylibrary)]
[15Jun2025 17:05:16.263] [main/DEBUG] [mixin/]: Processing inject() for PlatformAgent[MixinPlatformAgentDefault:SecureJarResource(mr_dungeons_andtaverns)]
[15Jun2025 17:05:16.263] [main/DEBUG] [mixin/]: Processing inject() for PlatformAgent[MixinPlatformAgentDefault:SecureJarResource(entityculling)]
[15Jun2025 17:05:16.263] [main/DEBUG] [mixin/]: Processing inject() for PlatformAgent[MixinPlatformAgentDefault:SecureJarResource(doespotatotick)]
[15Jun2025 17:05:16.263] [main/DEBUG] [mixin/]: Processing inject() for PlatformAgent[MixinPlatformAgentDefault:SecureJarResource(bettervillage)]
[15Jun2025 17:05:16.263] [main/DEBUG] [mixin/]: Processing inject() for PlatformAgent[MixinPlatformAgentDefault:SecureJarResource(resourcefullib)]
[15Jun2025 17:05:16.263] [main/DEBUG] [mixin/]: Processing inject() for PlatformAgent[MixinPlatformAgentDefault:SecureJarResource(immediatelyfast)]
[15Jun2025 17:05:16.263] [main/DEBUG] [mixin/]: Processing inject() for PlatformAgent[MixinPlatformAgentDefault:SecureJarResource(eatinganimation)]
[15Jun2025 17:05:16.263] [main/DEBUG] [mixin/]: Processing inject() for PlatformAgent[MixinPlatformAgentDefault:SecureJarResource(deeperdarker)]
[15Jun2025 17:05:16.263] [main/DEBUG] [mixin/]: Processing inject() for PlatformAgent[MixinPlatformAgentDefault:SecureJarResource(creeperoverhaul)]
[15Jun2025 17:05:16.263] [main/DEBUG] [mixin/]: Processing inject() for PlatformAgent[MixinPlatformAgentDefault:SecureJarResource(architectury)]
[15Jun2025 17:05:16.263] [main/DEBUG] [mixin/]: Processing inject() for PlatformAgent[MixinPlatformAgentDefault:SecureJarResource(moremobvariants)]
[15Jun2025 17:05:16.263] [main/DEBUG] [mixin/]: Processing inject() for PlatformAgent[MixinPlatformAgentDefault:SecureJarResource(ferritecore)]
[15Jun2025 17:05:16.263] [main/DEBUG] [mixin/]: Processing inject() for PlatformAgent[MixinPlatformAgentDefault:SecureJarResource(cupboard)]
[15Jun2025 17:05:16.264] [main/DEBUG] [mixin/]: Processing inject() for PlatformAgent[MixinPlatformAgentDefault:SecureJarResource(puzzleslib)]
[15Jun2025 17:05:16.264] [main/DEBUG] [mixin/]: Processing inject() for PlatformAgent[MixinPlatformAgentDefault:SecureJarResource(bettermineshafts)]
[15Jun2025 17:05:16.264] [main/DEBUG] [mixin/]: Processing inject() for PlatformAgent[MixinPlatformAgentDefault:SecureJarResource(betteradvancements)]
[15Jun2025 17:05:16.264] [main/DEBUG] [mixin/]: Processing inject() for PlatformAgent[MixinPlatformAgentDefault:SecureJarResource(mclib)]
[15Jun2025 17:05:16.264] [main/DEBUG] [mixin/]: Processing inject() for PlatformAgent[MixinPlatformAgentDefault:SecureJarResource(bytecodecs)]
[15Jun2025 17:05:16.264] [main/DEBUG] [mixin/]: Processing inject() for PlatformAgent[MixinPlatformAgentDefault:SecureJarResource(jankson)]
[15Jun2025 17:05:16.264] [main/DEBUG] [mixin/]: Processing inject() for PlatformAgent[MixinPlatformAgentDefault:SecureJarResource(yabn)]
[15Jun2025 17:05:16.264] [main/DEBUG] [mixin/]: Processing inject() for PlatformAgent[MixinPlatformAgentDefault:SecureJarResource(org.apache.httpcomponents.httpmime)]
[15Jun2025 17:05:16.264] [main/DEBUG] [mixin/]: Processing inject() for PlatformAgent[MixinPlatformAgentDefault:SecureJarResource(MixinExtras)]
[15Jun2025 17:05:16.264] [main/DEBUG] [mixin/]: Processing inject() for PlatformAgent[MixinPlatformAgentDefault:SecureJarResource(Reflect)]
[15Jun2025 17:05:16.303] [main/DEBUG] [mixin/]: Error cleaning class output directory: .mixin.out
[15Jun2025 17:05:16.304] [main/DEBUG] [mixin/]: Preparing mixins for MixinEnvironment[PREINIT]
[15Jun2025 17:05:16.315] [main/INFO] [mixin/]: Successfully loaded Mixin Connector [com.sonicether.soundphysics.MixinConnector]
[15Jun2025 17:05:16.318] [main/INFO] [cpw.mods.modlauncher.LaunchServiceHandler/MODLAUNCHER]: Launching target 'forgeserver' with arguments [nogui]
[15Jun2025 17:05:16.321] [main/DEBUG] [mixin/]: Preparing mixins for MixinEnvironment[DEFAULT]
[15Jun2025 17:05:16.321] [main/DEBUG] [mixin/]: Selecting config weaponmaster_ydm.mixins.json
[15Jun2025 17:05:16.326] [main/DEBUG] [mixin/]: Selecting config geckolib.mixins.json
[15Jun2025 17:05:16.327] [main/DEBUG] [mixin/]: Selecting config easymagic.common.mixins.json
[15Jun2025 17:05:16.332] [main/DEBUG] [mixin/]: Selecting config naturalist-common.mixins.json
[15Jun2025 17:05:16.336] [main/DEBUG] [mixin/]: Selecting config naturalist.mixins.json
[15Jun2025 17:05:16.338] [main/WARN] [mixin/]: Reference map 'naturalist-forge-forge-refmap.json' for naturalist.mixins.json could not be read. If this is a development environment you can ignore this message
[15Jun2025 17:05:16.344] [main/DEBUG] [mixin/]: Selecting config structureessentials.mixins.json
[15Jun2025 17:05:16.349] [main/DEBUG] [mixin/]: Selecting config fallingleaves.mixins.json
[15Jun2025 17:05:16.350] [main/DEBUG] [mixin/]: Selecting config clumps.mixins.json
[15Jun2025 17:05:16.353] [main/DEBUG] [mixin/]: Selecting config yungsapi.mixins.json
[15Jun2025 17:05:16.356] [main/DEBUG] [mixin/]: Selecting config yungsapi_forge.mixins.json
[15Jun2025 17:05:16.357] [main/DEBUG] [mixin/]: Selecting config mixinextras.init.mixins.json
[15Jun2025 17:05:16.393] [main/DEBUG] [MixinExtras|Service/]: com.llamalad7.mixinextras.service.MixinExtrasServiceImpl(version=0.3.6) is taking over from null
[15Jun2025 17:05:16.428] [main/DEBUG] [mixin/]: Registering new injector for @Inject with org.spongepowered.asm.mixin.injection.struct.CallbackInjectionInfo
[15Jun2025 17:05:16.429] [main/DEBUG] [mixin/]: Registering new injector for @ModifyArg with org.spongepowered.asm.mixin.injection.struct.ModifyArgInjectionInfo
[15Jun2025 17:05:16.430] [main/DEBUG] [mixin/]: Registering new injector for @ModifyArgs with org.spongepowered.asm.mixin.injection.struct.ModifyArgsInjectionInfo
[15Jun2025 17:05:16.432] [main/DEBUG] [mixin/]: Registering new injector for @Redirect with org.spongepowered.asm.mixin.injection.struct.RedirectInjectionInfo
[15Jun2025 17:05:16.433] [main/DEBUG] [mixin/]: Registering new injector for @ModifyVariable with org.spongepowered.asm.mixin.injection.struct.ModifyVariableInjectionInfo
[15Jun2025 17:05:16.434] [main/DEBUG] [mixin/]: Registering new injector for @ModifyConstant with org.spongepowered.asm.mixin.injection.struct.ModifyConstantInjectionInfo
[15Jun2025 17:05:16.449] [main/DEBUG] [mixin/]: Selecting config myserveriscompatible.mixins.json
[15Jun2025 17:05:16.449] [GML Mappings Thread/INFO] [org.groovymc.gml.mappings.MappingsProvider/]: Loaded runtime mappings in 2983ms
[15Jun2025 17:05:16.450] [main/DEBUG] [mixin/]: Selecting config pickupnotifier.common.mixins.json
[15Jun2025 17:05:16.452] [GML Mappings Thread/INFO] [org.groovymc.gml.mappings.MappingsProvider/]: Finished runtime mappings setup.
[15Jun2025 17:05:16.453] [main/DEBUG] [mixin/]: Selecting config carryon.mixins.json
[15Jun2025 17:05:16.456] [main/DEBUG] [mixin/]: Selecting config carryon.forge.mixins.json
[15Jun2025 17:05:16.457] [main/DEBUG] [mixin/]: Selecting config betterfortresses.mixins.json
[15Jun2025 17:05:16.459] [main/DEBUG] [mixin/]: Selecting config betterfortresses_forge.mixins.json
[15Jun2025 17:05:16.461] [main/DEBUG] [mixin/]: Selecting config embeddium.mixins.json
[15Jun2025 17:05:16.469] [main/INFO] [Embeddium/]: Loaded configuration file for Embeddium: 105 options available, 0 override(s) found
[15Jun2025 17:05:16.475] [main/DEBUG] [mixin/]: Selecting config friendsandfoes-common.mixins.json
[15Jun2025 17:05:16.477] [main/DEBUG] [mixin/]: Selecting config friendsandfoes-forge.mixins.json
[15Jun2025 17:05:16.479] [main/DEBUG] [mixin/]: Selecting config farmersdelight.mixins.json
[15Jun2025 17:05:16.480] [main/DEBUG] [mixin/]: Selecting config entity_texture_features-forge.mixins.json
[15Jun2025 17:05:16.481] [main/DEBUG] [mixin/]: Selecting config entity_texture_features-common.mixins.json
[15Jun2025 17:05:16.483] [main/DEBUG] [mixin/]: Selecting config endermanoverhaul-common.mixins.json
[15Jun2025 17:05:16.484] [main/DEBUG] [mixin/]: Selecting config endermanoverhaul.mixins.json
[15Jun2025 17:05:16.485] [main/DEBUG] [mixin/]: Selecting config ambientsounds.mixins.json
[15Jun2025 17:05:16.486] [main/DEBUG] [mixin/]: Selecting config creativecore.mixins.json
[15Jun2025 17:05:16.487] [main/DEBUG] [mixin/]: Selecting config creativecore.forge.mixins.json
[15Jun2025 17:05:16.487] [main/DEBUG] [mixin/]: Selecting config hangglider.common.mixins.json
[15Jun2025 17:05:16.490] [main/DEBUG] [mixin/]: Selecting config lionfishapi.mixins.json
[15Jun2025 17:05:16.492] [main/DEBUG] [mixin/]: Selecting config cataclysm.mixins.json
[15Jun2025 17:05:16.493] [main/DEBUG] [mixin/]: Selecting config curios.mixins.json
[15Jun2025 17:05:16.494] [main/DEBUG] [mixin/]: Selecting config entityculling.mixins.json
[15Jun2025 17:05:16.496] [main/DEBUG] [mixin/]: Selecting config doespotatotick.mixins.json
[15Jun2025 17:05:16.497] [main/DEBUG] [mixin/]: Selecting config immediatelyfast-forge.mixins.json
[15Jun2025 17:05:16.514] [main/DEBUG] [mixin/]: Selecting config immediatelyfast-common.mixins.json
[15Jun2025 17:05:16.516] [main/DEBUG] [mixin/]: Selecting config mixins.deeperdarker.json
[15Jun2025 17:05:16.517] [main/DEBUG] [mixin/]: Selecting config creeperoverhaul-common.mixins.json
[15Jun2025 17:05:16.518] [main/DEBUG] [mixin/]: Selecting config architectury.mixins.json
[15Jun2025 17:05:16.520] [main/DEBUG] [mixin/]: Selecting config architectury-common.mixins.json
[15Jun2025 17:05:16.521] [main/DEBUG] [mixin/]: Selecting config moremobvariants.mixins.json
[15Jun2025 17:05:16.523] [main/DEBUG] [mixin/]: Selecting config ferritecore.predicates.mixin.json
[15Jun2025 17:05:16.541] [main/DEBUG] [mixin/]: Selecting config ferritecore.fastmap.mixin.json
[15Jun2025 17:05:16.543] [main/DEBUG] [mixin/]: Selecting config ferritecore.mrl.mixin.json
[15Jun2025 17:05:16.545] [main/DEBUG] [mixin/]: Selecting config ferritecore.dedupmultipart.mixin.json
[15Jun2025 17:05:16.548] [main/DEBUG] [mixin/]: Selecting config ferritecore.blockstatecache.mixin.json
[15Jun2025 17:05:16.550] [main/DEBUG] [mixin/]: Selecting config ferritecore.dedupbakedquad.mixin.json
[15Jun2025 17:05:16.553] [main/DEBUG] [mixin/]: Selecting config ferritecore.threaddetec.mixin.json
[15Jun2025 17:05:16.555] [main/DEBUG] [mixin/]: Selecting config ferritecore.modelsides.mixin.json
[15Jun2025 17:05:16.558] [main/DEBUG] [mixin/]: Selecting config cupboard.mixins.json
[15Jun2025 17:05:16.559] [main/DEBUG] [mixin/]: Selecting config puzzleslib.common.mixins.json
[15Jun2025 17:05:16.582] [main/INFO] [Puzzles Lib/]: Loading 60 mods:
	- ambientsounds 6.0.6
	- architectury 9.2.14
	- betteradvancements 0.4.2.10
	- betterfortresses 1.20-Forge-2.0.6
	- bettermineshafts 1.20-Forge-4.0.4
	- bettervillage 3.1.0
	- carryon 2.1.2.7
	- cataclysm 1.99.5
	- clumps 12.0.0.4
	- commongroovylibrary 0.3.3
	- creativecore 2.11.28
	- creeperoverhaul 3.0.2
		\-- resourcefullib 2.1.20
	- cupboard 1.20.1-2.7
	- curios 5.9.1+1.20.1
	- deeperdarker 1.3.3
	- doespotatotick 1.20.1-4.0.2
	- dungeons_arise 2.1.57-1.20.1
	- dungeons_arise_seven_seas 1.0.2
	- easymagic 8.0.1
	- eatinganimation 5.0.0
	- embeddium 0.3.31+mc1.20.1
		\-- rubidium 0.7.1
	- endermanoverhaul 1.0.4
	- entity_texture_features 6.2.9
	- entityculling 1.7.0
	- fallingleaves 2.1.0-beta.1
	- farmersdelight 1.20.1-1.2.4
	- ferritecore 6.0.1
	- forge 47.3.7
	- friendsandfoes 2.0.17
		\-- mixinextras 0.3.6
	- geckolib 4.4.9
	- gml 4.0.9
	- hangglider 8.0.1
	- immediatelyfast 1.2.20+1.20.4
	- incendium 5.3.1
	- inventorysorter 23.0.1
	- jei 15.19.0.88
	- libraryferret 4.0.0
	- lionfishapi 1.9
	- minecraft 1.20.1
	- moremobvariants 1.3.0.1
	- mr_dungeons_andtaverns 1-v2.1.4
	- mr_stellarity 2.0d
	- myserveriscompatible 1.0
	- naturalist 4.0.3
	- pickupnotifier 8.0.0
	- puzzleslib 8.1.23
		\-- puzzlesaccessapi 8.0.7
	- resourcefulconfig 2.1.2
	- skyvillages 1.0.4
	- sound_physics_remastered 1.20.1-1.4.5
	- structory 1.3.5
	- structureessentials 1.20.1-3.4
	- terralith 2.5.4
	- travelersbackpack 9.1.15
	- ultris_mr 5.6.9c
	- watching 1.9.2
	- weaponmaster_ydm 4.2.3
	- yungsapi 1.20-Forge-4.0.5
[15Jun2025 17:05:16.584] [main/DEBUG] [mixin/]: Selecting config puzzleslib.forge.mixins.json
[15Jun2025 17:05:16.585] [main/DEBUG] [mixin/]: Selecting config bettermineshafts.mixins.json
[15Jun2025 17:05:16.586] [main/DEBUG] [mixin/]: Selecting config bettermineshafts_forge.mixins.json
[15Jun2025 17:05:16.587] [main/DEBUG] [mixin/]: Selecting config sound_physics_remastered.mixins.json
[15Jun2025 17:05:16.589] [main/DEBUG] [mixin/]: Preparing weaponmaster_ydm.mixins.json (3)
[15Jun2025 17:05:16.640] [main/DEBUG] [mixin/]: Preparing geckolib.mixins.json (1)
[15Jun2025 17:05:16.640] [main/DEBUG] [mixin/]: Preparing easymagic.common.mixins.json (5)
[15Jun2025 17:05:16.654] [main/DEBUG] [mixin/]: Preparing naturalist-common.mixins.json (9)
[15Jun2025 17:05:16.700] [main/DEBUG] [net.minecraftforge.coremod.transformer.CoreModBaseTransformer/COREMOD]: Transforming net/minecraft/world/entity/monster/Zombie
[15Jun2025 17:05:16.982] [main/DEBUG] [mixin/]: Preparing naturalist.mixins.json (0)
[15Jun2025 17:05:16.983] [main/DEBUG] [mixin/]: Preparing structureessentials.mixins.json (8)
[15Jun2025 17:05:16.998] [main/INFO] [com.cupboard.Cupboard/]: Loaded config for: structureessentials.json
[15Jun2025 17:05:17.020] [main/DEBUG] [mixin/]: Preparing fallingleaves.mixins.json (5)
[15Jun2025 17:05:17.021] [main/DEBUG] [mixin/]: Preparing clumps.mixins.json (2)
[15Jun2025 17:05:17.026] [main/DEBUG] [mixin/]: Preparing yungsapi.mixins.json (11)
[15Jun2025 17:05:17.031] [main/DEBUG] [yungsapi/]: Loaded com.yungnickyoung.minecraft.yungsapi.services.ForgePlatformHelper@16ac4d3d for service interface com.yungnickyoung.minecraft.yungsapi.services.IPlatformHelper
[15Jun2025 17:05:17.033] [main/DEBUG] [yungsapi/]: Loaded com.yungnickyoung.minecraft.yungsapi.services.ForgeAutoRegisterHelper@1c2d63f0 for service interface com.yungnickyoung.minecraft.yungsapi.services.IAutoRegisterHelper
[15Jun2025 17:05:17.034] [main/DEBUG] [yungsapi/]: Loaded com.yungnickyoung.minecraft.yungsapi.services.ForgeBlockEntityTypeHelper@59e082f8 for service interface com.yungnickyoung.minecraft.yungsapi.services.IBlockEntityTypeHelper
[15Jun2025 17:05:17.075] [main/DEBUG] [mixin/]: Preparing yungsapi_forge.mixins.json (1)
[15Jun2025 17:05:17.076] [main/DEBUG] [mixin/]: Preparing mixinextras.init.mixins.json (0)
[15Jun2025 17:05:17.076] [main/DEBUG] [mixin/]: Preparing myserveriscompatible.mixins.json (1)
[15Jun2025 17:05:17.076] [main/DEBUG] [mixin/]: Preparing pickupnotifier.common.mixins.json (3)
[15Jun2025 17:05:17.076] [main/DEBUG] [mixin/]: Preparing carryon.mixins.json (5)
[15Jun2025 17:05:17.114] [main/DEBUG] [mixin/]: Preparing carryon.forge.mixins.json (0)
[15Jun2025 17:05:17.114] [main/DEBUG] [mixin/]: Preparing betterfortresses.mixins.json (6)
[15Jun2025 17:05:17.128] [main/DEBUG] [mixin/]: Preparing betterfortresses_forge.mixins.json (0)
[15Jun2025 17:05:17.128] [main/DEBUG] [mixin/]: Preparing embeddium.mixins.json (0)
[15Jun2025 17:05:17.128] [main/DEBUG] [mixin/]: Preparing friendsandfoes-common.mixins.json (49)
[15Jun2025 17:05:17.230] [main/DEBUG] [net.minecraftforge.coremod.transformer.CoreModBaseTransformer/COREMOD]: Transforming net/minecraft/world/level/levelgen/PatrolSpawner
[15Jun2025 17:05:17.267] [main/DEBUG] [net.minecraftforge.coremod.transformer.CoreModBaseTransformer/COREMOD]: Transforming net/minecraft/world/entity/raid/Raid
[15Jun2025 17:05:17.426] [main/DEBUG] [net.minecraftforge.coremod.transformer.CoreModBaseTransformer/COREMOD]: Transforming net/minecraft/world/entity/npc/Villager
[15Jun2025 17:05:17.601] [main/DEBUG] [mixin/]: Preparing friendsandfoes-forge.mixins.json (1)
[15Jun2025 17:05:17.606] [main/DEBUG] [mixin/]: Preparing farmersdelight.mixins.json (9)
[15Jun2025 17:05:17.623] [main/DEBUG] [mixin/]: Preparing entity_texture_features-forge.mixins.json (1)
[15Jun2025 17:05:17.623] [main/DEBUG] [mixin/]: Preparing entity_texture_features-common.mixins.json (45)
[15Jun2025 17:05:17.623] [main/DEBUG] [mixin/]: Preparing endermanoverhaul-common.mixins.json (4)
[15Jun2025 17:05:17.636] [main/DEBUG] [mixin/]: Preparing endermanoverhaul.mixins.json (2)
[15Jun2025 17:05:17.639] [main/DEBUG] [mixin/]: Preparing ambientsounds.mixins.json (2)
[15Jun2025 17:05:17.639] [main/DEBUG] [mixin/]: Preparing creativecore.mixins.json (8)
[15Jun2025 17:05:17.659] [main/DEBUG] [mixin/]: Preparing creativecore.forge.mixins.json (3)
[15Jun2025 17:05:17.661] [main/DEBUG] [mixin/]: Preparing hangglider.common.mixins.json (4)
[15Jun2025 17:05:17.679] [main/DEBUG] [mixin/]: Preparing lionfishapi.mixins.json (2)
[15Jun2025 17:05:17.680] [main/DEBUG] [mixin/]: Preparing cataclysm.mixins.json (13)
[15Jun2025 17:05:17.711] [main/DEBUG] [net.minecraftforge.coremod.transformer.CoreModBaseTransformer/COREMOD]: Transforming net/minecraft/world/level/levelgen/structure/templatesystem/StructureTemplate
[15Jun2025 17:05:17.920] [main/DEBUG] [mixin/]: Preparing curios.mixins.json (13)
[15Jun2025 17:05:17.939] [main/DEBUG] [mixin/]: Preparing entityculling.mixins.json (6)
[15Jun2025 17:05:17.939] [main/DEBUG] [mixin/]: Preparing doespotatotick.mixins.json (3)
[15Jun2025 17:05:17.942] [main/WARN] [mixin/]: Error loading class: dev/ftb/mods/ftbchunks/data/ClaimedChunkManagerImpl (java.lang.ClassNotFoundException: dev.ftb.mods.ftbchunks.data.ClaimedChunkManagerImpl)
[15Jun2025 17:05:17.942] [main/WARN] [mixin/]: @Mixin target dev.ftb.mods.ftbchunks.data.ClaimedChunkManagerImpl was not found doespotatotick.mixins.json:ClaimedChunkManagerAccessor
[15Jun2025 17:05:17.947] [main/DEBUG] [net.minecraftforge.coremod.transformer.CoreModBaseTransformer/COREMOD]: Transforming net/minecraft/world/entity/EntityType
[15Jun2025 17:05:18.042] [main/DEBUG] [mixin/]: Preparing immediatelyfast-forge.mixins.json (5)
[15Jun2025 17:05:18.042] [main/DEBUG] [mixin/]: Preparing immediatelyfast-common.mixins.json (33)
[15Jun2025 17:05:18.042] [main/DEBUG] [mixin/]: Preparing mixins.deeperdarker.json (8)
[15Jun2025 17:05:18.075] [main/DEBUG] [net.minecraftforge.coremod.transformer.CoreModBaseTransformer/COREMOD]: Transforming net/minecraft/world/item/ItemStack
[15Jun2025 17:05:18.109] [main/WARN] [mixin/]: Error loading class: net/minecraft/client/renderer/entity/PhantomRenderer (java.lang.ClassNotFoundException: net.minecraft.client.renderer.entity.PhantomRenderer)
[15Jun2025 17:05:18.109] [main/WARN] [mixin/]: @Mixin target net.minecraft.client.renderer.entity.PhantomRenderer was not found mixins.deeperdarker.json:PhantomRendererMixin
[15Jun2025 17:05:18.144] [main/DEBUG] [mixin/]: Preparing creeperoverhaul-common.mixins.json (1)
[15Jun2025 17:05:18.145] [main/DEBUG] [mixin/]: Preparing architectury.mixins.json (9)
[15Jun2025 17:05:18.158] [main/DEBUG] [mixin/]: Preparing architectury-common.mixins.json (10)
[15Jun2025 17:05:18.163] [main/DEBUG] [net.minecraftforge.coremod.transformer.CoreModBaseTransformer/COREMOD]: Transforming net/minecraft/world/item/BucketItem
[15Jun2025 17:05:18.176] [main/DEBUG] [net.minecraftforge.coremod.transformer.CoreModBaseTransformer/COREMOD]: Transforming net/minecraft/world/level/block/LiquidBlock
[15Jun2025 17:05:18.179] [main/DEBUG] [mixin/]: Preparing moremobvariants.mixins.json (25)
[15Jun2025 17:05:18.196] [main/DEBUG] [net.minecraftforge.coremod.transformer.CoreModBaseTransformer/COREMOD]: Transforming net/minecraft/world/entity/monster/Spider
[15Jun2025 17:05:18.218] [main/DEBUG] [mixin/]: Preparing ferritecore.predicates.mixin.json (3)
[15Jun2025 17:05:18.218] [main/DEBUG] [mixin/]: Preparing ferritecore.fastmap.mixin.json (1)
[15Jun2025 17:05:18.221] [main/DEBUG] [mixin/]: Preparing ferritecore.mrl.mixin.json (2)
[15Jun2025 17:05:18.221] [main/DEBUG] [mixin/]: Preparing ferritecore.dedupmultipart.mixin.json (2)
[15Jun2025 17:05:18.221] [main/DEBUG] [mixin/]: Preparing ferritecore.blockstatecache.mixin.json (8)
[15Jun2025 17:05:18.231] [main/DEBUG] [mixin/]: Preparing ferritecore.dedupbakedquad.mixin.json (2)
[15Jun2025 17:05:18.231] [main/DEBUG] [mixin/]: Preparing ferritecore.threaddetec.mixin.json (1)
[15Jun2025 17:05:18.231] [main/DEBUG] [mixin/]: Preparing ferritecore.modelsides.mixin.json (1)
[15Jun2025 17:05:18.232] [main/DEBUG] [mixin/]: Preparing cupboard.mixins.json (5)
[15Jun2025 17:05:18.239] [main/DEBUG] [mixin/]: Preparing puzzleslib.common.mixins.json (3)
[15Jun2025 17:05:18.241] [main/DEBUG] [mixin/]: Preparing puzzleslib.forge.mixins.json (13)
[15Jun2025 17:05:18.254] [main/DEBUG] [mixin/]: Preparing bettermineshafts.mixins.json (4)
[15Jun2025 17:05:18.258] [main/DEBUG] [mixin/]: Preparing bettermineshafts_forge.mixins.json (0)
[15Jun2025 17:05:18.258] [main/DEBUG] [mixin/]: Preparing sound_physics_remastered.mixins.json (11)
[15Jun2025 17:05:18.306] [main/DEBUG] [mixin/]: Inner class com/faboslav/friendsandfoes/mixin/LightningRodBlockMixin$1 in com/faboslav/friendsandfoes/mixin/LightningRodBlockMixin on net/minecraft/world/level/block/LightningRodBlock gets unique name net/minecraft/world/level/block/LightningRodBlock$Anonymous$8878a8a5ecac4e1c91a8e3be6087c48d
[15Jun2025 17:05:18.320] [main/DEBUG] [mixin/]: Inner class tech/alexnijjar/endermanoverhaul/mixins/forge/common/CorruptedShieldItemMixin$1 in tech/alexnijjar/endermanoverhaul/mixins/forge/common/CorruptedShieldItemMixin on tech/alexnijjar/endermanoverhaul/common/items/tools/CorruptedShieldItem gets unique name tech/alexnijjar/endermanoverhaul/common/items/tools/CorruptedShieldItem$Anonymous$a9360006ecd14262be06f4323959eca3
[15Jun2025 17:05:18.322] [main/DEBUG] [mixin/]: Inner class tech/alexnijjar/endermanoverhaul/mixins/forge/common/CustomGeoArmorItemMixin$1 in tech/alexnijjar/endermanoverhaul/mixins/forge/common/CustomGeoArmorItemMixin on tech/alexnijjar/endermanoverhaul/common/items/base/CustomGeoArmorItem gets unique name tech/alexnijjar/endermanoverhaul/common/items/base/CustomGeoArmorItem$Anonymous$0a09c09931fe44db8a27b1e8e1da2081
[15Jun2025 17:05:18.351] [main/DEBUG] [mixin/]: Prepared 203 mixins in 2.029 sec (10.0ms avg) (0ms load, 0ms transform, 0ms plugin)
[15Jun2025 17:05:18.385] [main/DEBUG] [io.netty.util.internal.logging.InternalLoggerFactory/]: Using SLF4J as the default logging framework
[15Jun2025 17:05:18.387] [main/DEBUG] [io.netty.util.ResourceLeakDetector/]: -Dio.netty.leakDetection.level: simple
[15Jun2025 17:05:18.387] [main/DEBUG] [io.netty.util.ResourceLeakDetector/]: -Dio.netty.leakDetection.targetRecords: 4
[15Jun2025 17:05:18.534] [main/WARN] [net.minecraft.SystemReport/]: Failed retrieving info for group hardware
java.lang.NoClassDefFoundError: com/sun/jna/Platform
	at oshi.SystemInfo.<clinit>(SystemInfo.java:60) ~[oshi-core-6.2.2.jar%2369!/:6.2.2]
	at net.minecraft.SystemReport.m_143564_(SystemReport.java:52) ~[server-1.20.1-20230612.114412-srg.jar%23205!/:?]
	at net.minecraft.SystemReport.m_143516_(SystemReport.java:82) ~[server-1.20.1-20230612.114412-srg.jar%23205!/:?]
	at net.minecraft.SystemReport.<init>(SystemReport.java:52) ~[server-1.20.1-20230612.114412-srg.jar%23205!/:?]
	at net.minecraft.CrashReport.<init>(CrashReport.java:31) ~[server-1.20.1-20230612.114412-srg.jar%23205!/:?]
	at net.minecraft.CrashReport.m_127529_(CrashReport.java:216) ~[server-1.20.1-20230612.114412-srg.jar%23205!/:?]
	at net.minecraft.server.Main.main(Main.java:116) ~[server-1.20.1-20230612.114412-srg.jar%23205!/:?]
	at jdk.internal.reflect.NativeMethodAccessorImpl.invoke0(Native Method) ~[?:?]
	at jdk.internal.reflect.NativeMethodAccessorImpl.invoke(NativeMethodAccessorImpl.java:77) ~[?:?]
	at jdk.internal.reflect.DelegatingMethodAccessorImpl.invoke(DelegatingMethodAccessorImpl.java:43) ~[?:?]
	at java.lang.reflect.Method.invoke(Method.java:569) ~[?:?]
	at net.minecraftforge.fml.loading.targets.CommonLaunchHandler.runTarget(CommonLaunchHandler.java:111) ~[fmlloader-1.20.1-47.3.7.jar%2367!/:?]
	at net.minecraftforge.fml.loading.targets.CommonLaunchHandler.serverService(CommonLaunchHandler.java:103) ~[fmlloader-1.20.1-47.3.7.jar%2367!/:?]
	at net.minecraftforge.fml.loading.targets.CommonServerLaunchHandler.lambda$makeService$0(CommonServerLaunchHandler.java:27) ~[fmlloader-1.20.1-47.3.7.jar%2367!/:?]
	at cpw.mods.modlauncher.LaunchServiceHandlerDecorator.launch(LaunchServiceHandlerDecorator.java:30) ~[modlauncher-10.0.9.jar%2353!/:?]
	at cpw.mods.modlauncher.LaunchServiceHandler.launch(LaunchServiceHandler.java:53) ~[modlauncher-10.0.9.jar%2353!/:?]
	at cpw.mods.modlauncher.LaunchServiceHandler.launch(LaunchServiceHandler.java:71) ~[modlauncher-10.0.9.jar%2353!/:?]
	at cpw.mods.modlauncher.Launcher.run(Launcher.java:108) ~[modlauncher-10.0.9.jar%2353!/:?]
	at cpw.mods.modlauncher.Launcher.main(Launcher.java:78) ~[modlauncher-10.0.9.jar%2353!/:?]
	at cpw.mods.modlauncher.BootstrapLaunchConsumer.accept(BootstrapLaunchConsumer.java:26) ~[modlauncher-10.0.9.jar%2353!/:?]
	at cpw.mods.modlauncher.BootstrapLaunchConsumer.accept(BootstrapLaunchConsumer.java:23) ~[modlauncher-10.0.9.jar%2353!/:?]
	at cpw.mods.bootstraplauncher.BootstrapLauncher.main(BootstrapLauncher.java:141) ~[bootstraplauncher-1.1.2.jar:?]
Caused by: java.lang.ClassNotFoundException: com.sun.jna.Platform
	at jdk.internal.loader.BuiltinClassLoader.loadClass(BuiltinClassLoader.java:641) ~[?:?]
	at java.lang.ClassLoader.loadClass(ClassLoader.java:525) ~[?:?]
	at cpw.mods.cl.ModuleClassLoader.loadClass(ModuleClassLoader.java:137) ~[securejarhandler-2.1.10.jar:?]
	at java.lang.ClassLoader.loadClass(ClassLoader.java:525) ~[?:?]
	... 22 more
[15Jun2025 17:05:18.544] [main/INFO] [MixinExtras|Service/]: Initializing MixinExtras via com.llamalad7.mixinextras.service.MixinExtrasServiceImpl(version=0.3.6).
[15Jun2025 17:05:18.545] [main/DEBUG] [mixin/]: Registering new injector for @SugarWrapper with com.llamalad7.mixinextras.sugar.impl.SugarWrapperInjectionInfo
[15Jun2025 17:05:18.545] [main/DEBUG] [mixin/]: Registering new injector for @FactoryRedirectWrapper with com.llamalad7.mixinextras.wrapper.factory.FactoryRedirectWrapperInjectionInfo
[15Jun2025 17:05:18.550] [main/DEBUG] [mixin/]: Mixing SuppressLogMixin from bettermineshafts.mixins.json into net.minecraft.Util
[15Jun2025 17:05:18.652] [main/DEBUG] [mixin/]: Mixing MappedRegistryMixin from structureessentials.mixins.json into net.minecraft.core.MappedRegistry
[15Jun2025 17:05:18.712] [main/DEBUG] [mixin/]: Mixing inject.MixinGameEvent from architectury-common.mixins.json into net.minecraft.world.level.gameevent.GameEvent
[15Jun2025 17:05:18.720] [main/DEBUG] [mixin/]: Mixing SoundEventMixin from sound_physics_remastered.mixins.json into net.minecraft.sounds.SoundEvent
[15Jun2025 17:05:18.743] [main/DEBUG] [mixin/]: Mixing accessor.ForgeRegistryForgeAccessor from puzzleslib.forge.mixins.json into net.minecraftforge.registries.ForgeRegistry
[15Jun2025 17:05:18.766] [main/DEBUG] [mixin/]: Mixing LightningRodBlockBlockMixin from friendsandfoes-common.mixins.json into net.minecraft.world.level.block.Block
[15Jun2025 17:05:18.767] [main/DEBUG] [mixin/]: Mixing inject.MixinBlock from architectury-common.mixins.json into net.minecraft.world.level.block.Block
[15Jun2025 17:05:18.767] [main/DEBUG] [mixin/]: Mixing accessor.BlockAccessor from puzzleslib.common.mixins.json into net.minecraft.world.level.block.Block
[15Jun2025 17:05:18.781] [main/DEBUG] [mixin/]: Mixing LightningRodAbstractBlockMixin from friendsandfoes-common.mixins.json into net.minecraft.world.level.block.state.BlockBehaviour
[15Jun2025 17:05:18.792] [main/DEBUG] [mixin/]: Mixing BlockStateBaseMixin from ferritecore.blockstatecache.mixin.json into net.minecraft.world.level.block.state.BlockBehaviour$BlockStateBase
[15Jun2025 17:05:18.800] [main/DEBUG] [mixin/]: Mixing FastMapStateHolderMixin from ferritecore.fastmap.mixin.json into net.minecraft.world.level.block.state.StateHolder
[15Jun2025 17:05:18.823] [main/DEBUG] [mixin/]: Mixing EntityLoadMixin from cupboard.mixins.json into net.minecraft.world.entity.Entity
[15Jun2025 17:05:18.833] [main/DEBUG] [mixin/]: Mixing EntityMixin from carryon.mixins.json into net.minecraft.world.entity.Entity
[15Jun2025 17:05:18.846] [main/DEBUG] [mixin/]: Mixing EntityMixin from lionfishapi.mixins.json into net.minecraft.world.entity.Entity
[15Jun2025 17:05:18.860] [main/DEBUG] [mixin/]: Mixing AccessorEntity from curios.mixins.json into net.minecraft.world.entity.Entity
[15Jun2025 17:05:18.861] [main/DEBUG] [mixin/]: Mixing EntityMixin from sound_physics_remastered.mixins.json into net.minecraft.world.entity.Entity
[15Jun2025 17:05:18.881] [pool-2-thread-1/DEBUG] [org.groovymc.gml.internal.GMLLangProvider/]: Found GMod entry-point class org.groovymc.gml.mod.GMLMod for mod gml
[15Jun2025 17:05:18.948] [main/DEBUG] [mixin/]: Mixing BlazeLivingEntityMixin from friendsandfoes-common.mixins.json into net.minecraft.world.entity.LivingEntity
[15Jun2025 17:05:18.949] [main/DEBUG] [mixin/]: Mixing LivingEntityMixin from friendsandfoes-common.mixins.json into net.minecraft.world.entity.LivingEntity
[15Jun2025 17:05:18.964] [main/DEBUG] [mixin/]: Mixing common.LivingEntityMixin from endermanoverhaul-common.mixins.json into net.minecraft.world.entity.LivingEntity
[15Jun2025 17:05:18.965] [main/DEBUG] [mixin/]: Renaming synthetic method lambda$endermanoverhaul$hurt$0(Lnet/minecraft/world/InteractionHand;Lnet/minecraft/world/entity/player/Player;)V to md23ebb4$lambda$endermanoverhaul$hurt$0$0 in endermanoverhaul-common.mixins.json:common.LivingEntityMixin
[15Jun2025 17:05:18.987] [main/DEBUG] [mixin/]: Mixing LivingEntityMixin from cataclysm.mixins.json into net.minecraft.world.entity.LivingEntity
[15Jun2025 17:05:18.990] [main/DEBUG] [mixin/]: Mixing MixinLivingEntity from curios.mixins.json into net.minecraft.world.entity.LivingEntity
[15Jun2025 17:05:19.054] [main/DEBUG] [mixin/]: Mixing WorldMixin from doespotatotick.mixins.json into net.minecraft.world.level.Level
[15Jun2025 17:05:19.084] [main/DEBUG] [mixin/]: Mixing ServerAddEntityMixin from cupboard.mixins.json into net.minecraft.server.level.ServerLevel
[15Jun2025 17:05:19.099] [main/DEBUG] [mixin/]: Mixing ServerWorldAccessor from friendsandfoes-common.mixins.json into net.minecraft.server.level.ServerLevel
[15Jun2025 17:05:19.099] [main/DEBUG] [mixin/]: Mixing ServerWorldMixin from friendsandfoes-common.mixins.json into net.minecraft.server.level.ServerLevel
[15Jun2025 17:05:19.101] [main/DEBUG] [mixin/]: Renaming synthetic method lambda$friendsandfoes_getLightningRodPos$2(Lnet/minecraft/core/BlockPos;)Lnet/minecraft/core/BlockPos; to md23ebb4$lambda$friendsandfoes_getLightningRodPos$2$0 in friendsandfoes-common.mixins.json:ServerWorldMixin
[15Jun2025 17:05:19.102] [main/DEBUG] [mixin/]: Renaming synthetic method lambda$friendsandfoes_getLightningRodPos$1(Lnet/minecraft/core/BlockPos;)Z to md23ebb4$lambda$friendsandfoes_getLightningRodPos$1$1 in friendsandfoes-common.mixins.json:ServerWorldMixin
[15Jun2025 17:05:19.102] [main/DEBUG] [mixin/]: Renaming synthetic method lambda$friendsandfoes_getLightningRodPos$0(Lnet/minecraft/core/Holder;)Z to md23ebb4$lambda$friendsandfoes_getLightningRodPos$0$2 in friendsandfoes-common.mixins.json:ServerWorldMixin
[15Jun2025 17:05:19.156] [main/DEBUG] [mixin/]: Mixing ItemMixin from cataclysm.mixins.json into net.minecraft.world.entity.item.ItemEntity
[15Jun2025 17:05:19.165] [main/DEBUG] [mixin/]: Mixing WMPlayerMixin from weaponmaster_ydm.mixins.json into net.minecraft.world.entity.player.Player
[15Jun2025 17:05:19.165] [main/DEBUG] [mixin/]: weaponmaster_ydm.mixins.json:WMPlayerMixin: Class version 61 required is higher than the class version supported by the current version of Mixin (JAVA_8 supports class version 52)
[15Jun2025 17:05:19.168] [main/DEBUG] [mixin/]: Mixing accessor.PlayerAccessor from easymagic.common.mixins.json into net.minecraft.world.entity.player.Player
[15Jun2025 17:05:19.168] [main/DEBUG] [mixin/]: Mixing PlayerMixin from carryon.mixins.json into net.minecraft.world.entity.player.Player
[15Jun2025 17:05:19.171] [main/DEBUG] [mixin/]: Mixing PlayerEntityMixin from friendsandfoes-common.mixins.json into net.minecraft.world.entity.player.Player
[15Jun2025 17:05:19.176] [main/DEBUG] [mixin/]: Renaming synthetic method lambda$friendsandfoes_createIllusion$5(Lcom/faboslav/friendsandfoes/entity/PlayerIllusionEntity;Lnet/minecraft/world/item/ItemStack;)V to md23ebb4$lambda$friendsandfoes_createIllusion$5$0 in friendsandfoes-common.mixins.json:PlayerEntityMixin
[15Jun2025 17:05:19.177] [main/DEBUG] [mixin/]: Renaming synthetic method lambda$friendsandfoes_createIllusions$4(Ljava/util/ArrayList;Lnet/minecraft/world/entity/Mob;)V to md23ebb4$lambda$friendsandfoes_createIllusions$4$1 in friendsandfoes-common.mixins.json:PlayerEntityMixin
[15Jun2025 17:05:19.178] [main/DEBUG] [mixin/]: Renaming synthetic method lambda$friendsandfoes_createIllusions$3(Lnet/minecraft/world/entity/Mob;)Z to md23ebb4$lambda$friendsandfoes_createIllusions$3$2 in friendsandfoes-common.mixins.json:PlayerEntityMixin
[15Jun2025 17:05:19.178] [main/DEBUG] [mixin/]: Renaming synthetic method lambda$friendsandfoes_freezeEntities$2(Lnet/minecraft/world/entity/LivingEntity;)V to md23ebb4$lambda$friendsandfoes_freezeEntities$2$3 in friendsandfoes-common.mixins.json:PlayerEntityMixin
[15Jun2025 17:05:19.178] [main/DEBUG] [mixin/]: Renaming synthetic method lambda$friendsandfoes_freezeEntities$1(Lnet/minecraft/world/entity/LivingEntity;)Z to md23ebb4$lambda$friendsandfoes_freezeEntities$1$4 in friendsandfoes-common.mixins.json:PlayerEntityMixin
[15Jun2025 17:05:19.179] [main/DEBUG] [mixin/]: Renaming synthetic method lambda$static$0(Lnet/minecraft/world/entity/LivingEntity;)Z to md23ebb4$lambda$static$0$5 in friendsandfoes-common.mixins.json:PlayerEntityMixin
[15Jun2025 17:05:19.183] [main/DEBUG] [net.minecraftforge.coremod.transformer.CoreModBaseTransformer/COREMOD]: Transforming net/minecraft/world/effect/MobEffectInstance
[15Jun2025 17:05:19.238] [main/DEBUG] [mixin/]: Mixing PlayerMixin from hangglider.common.mixins.json into net.minecraft.world.entity.player.Player
[15Jun2025 17:05:19.345] [main/DEBUG] [mixin/]: Mixing inject.MixinFluid from architectury-common.mixins.json into net.minecraft.world.level.material.Fluid
[15Jun2025 17:05:19.350] [main/DEBUG] [mixin/]: Mixing inject.MixinItem from architectury-common.mixins.json into net.minecraft.world.item.Item
[15Jun2025 17:05:19.371] [main/DEBUG] [net.minecraftforge.coremod.transformer.CoreModBaseTransformer/COREMOD]: Transforming net/minecraft/world/entity/EntityType
[15Jun2025 17:05:19.453] [main/DEBUG] [mixin/]: Mixing EntityTypeMixin from doespotatotick.mixins.json into net.minecraft.world.entity.EntityType
[15Jun2025 17:05:19.455] [main/DEBUG] [mixin/]: Mixing inject.MixinEntityType from architectury-common.mixins.json into net.minecraft.world.entity.EntityType
[15Jun2025 17:05:19.491] [main/DEBUG] [mixin/]: Mixing PointOfInterestTypesMixin from friendsandfoes-common.mixins.json into net.minecraft.world.entity.ai.village.poi.PoiTypes
[15Jun2025 17:05:19.494] [pool-2-thread-1/DEBUG] [org.groovymc.gml.internal.GMLLangProvider/]: Found GMod entry-point class org.groovymc.cgl.impl.forge.CGLForge for mod commongroovylibrary
[15Jun2025 17:05:19.518] [main/DEBUG] [mixin/]: Mixing KeepRichSoilGiantTreeMixin from farmersdelight.mixins.json into net.minecraft.world.level.levelgen.feature.Feature
[15Jun2025 17:05:19.519] [main/DEBUG] [mixin/]: Renaming synthetic method lambda$keepRichSoil$0(Lnet/minecraft/world/level/block/state/BlockState;)Z to md23ebb4$lambda$keepRichSoil$0$0 in farmersdelight.mixins.json:KeepRichSoilGiantTreeMixin
[15Jun2025 17:05:19.555] [main/DEBUG] [mixin/]: Mixing FireBlockAccessor from friendsandfoes-forge.mixins.json into net.minecraft.world.level.block.FireBlock
[15Jun2025 17:05:19.556] [main/DEBUG] [mixin/]: Mixing accessor.FireBlockForgeAccessor from puzzleslib.forge.mixins.json into net.minecraft.world.level.block.FireBlock
[15Jun2025 17:05:19.581] [main/DEBUG] [mixin/]: Mixing ShapesMixin from creativecore.mixins.json into net.minecraft.world.phys.shapes.Shapes
[15Jun2025 17:05:19.582] [pool-2-thread-1/DEBUG] [org.groovymc.gml.internal.GMLLangProvider/]: Found GMod entry-point class com.matyrobbrt.eatinganimation.EatingAnimation for mod eatinganimation
[15Jun2025 17:05:19.692] [main/DEBUG] [mixin/]: Mixing DiscreteVSAccess from ferritecore.blockstatecache.mixin.json into net.minecraft.world.phys.shapes.DiscreteVoxelShape
[15Jun2025 17:05:19.695] [main/DEBUG] [mixin/]: Mixing BitSetDVSAccess from ferritecore.blockstatecache.mixin.json into net.minecraft.world.phys.shapes.BitSetDiscreteVoxelShape
[15Jun2025 17:05:19.703] [main/DEBUG] [mixin/]: Mixing VoxelShapeAccessor from creativecore.mixins.json into net.minecraft.world.phys.shapes.VoxelShape
[15Jun2025 17:05:19.703] [main/DEBUG] [mixin/]: Mixing VoxelShapeAccess from ferritecore.blockstatecache.mixin.json into net.minecraft.world.phys.shapes.VoxelShape
[15Jun2025 17:05:19.704] [main/DEBUG] [mixin/]: Unexpected: Registered method setShape(Lnet/minecraft/world/phys/shapes/DiscreteVoxelShape;)V in net.minecraft.world.phys.shapes.VoxelShape was not merged
[15Jun2025 17:05:19.707] [main/DEBUG] [mixin/]: Mixing ArrayVSAccess from ferritecore.blockstatecache.mixin.json into net.minecraft.world.phys.shapes.ArrayVoxelShape
[15Jun2025 17:05:19.711] [main/DEBUG] [mixin/]: Mixing SliceShapeAccess from ferritecore.blockstatecache.mixin.json into net.minecraft.world.phys.shapes.SliceShape
[15Jun2025 17:05:19.863] [main/DEBUG] [net.minecraftforge.coremod.transformer.CoreModBaseTransformer/COREMOD]: Transforming net/minecraft/world/level/block/LiquidBlock
[15Jun2025 17:05:19.864] [main/DEBUG] [mixin/]: Mixing inject.MixinLiquidBlock from architectury-common.mixins.json into net.minecraft.world.level.block.LiquidBlock
[15Jun2025 17:05:19.878] [main/DEBUG] [mixin/]: Mixing CuttingBoardDispenserMixin from farmersdelight.mixins.json into net.minecraft.world.level.block.DispenserBlock
[15Jun2025 17:05:19.920] [main/DEBUG] [net.minecraftforge.coremod.transformer.CoreModBaseTransformer/COREMOD]: Transforming net/minecraft/world/level/block/StairBlock
[15Jun2025 17:05:19.931] [main/DEBUG] [mixin/]: Mixing CropBlockMixin from naturalist-common.mixins.json into net.minecraft.world.level.block.CropBlock
[15Jun2025 17:05:19.994] [main/DEBUG] [mixin/]: Mixing CarvedPumpkinBlockMixin from friendsandfoes-common.mixins.json into net.minecraft.world.level.block.CarvedPumpkinBlock
[15Jun2025 17:05:19.995] [main/DEBUG] [mixin/]: Renaming synthetic method lambda$static$1(Lnet/minecraft/world/level/block/state/BlockState;)Z to md23ebb4$lambda$static$1$0 in friendsandfoes-common.mixins.json:CarvedPumpkinBlockMixin
[15Jun2025 17:05:19.995] [main/DEBUG] [mixin/]: Renaming synthetic method lambda$static$0(Lnet/minecraft/world/level/block/state/BlockState;)Z to md23ebb4$lambda$static$0$1 in friendsandfoes-common.mixins.json:CarvedPumpkinBlockMixin
[15Jun2025 17:05:20.057] [main/DEBUG] [mixin/]: Mixing EnchantmentTableBlockMixin from easymagic.common.mixins.json into net.minecraft.world.level.block.EnchantmentTableBlock
[15Jun2025 17:05:20.091] [main/DEBUG] [net.minecraftforge.coremod.transformer.CoreModBaseTransformer/COREMOD]: Transforming net/minecraft/world/level/block/FlowerPotBlock
[15Jun2025 17:05:20.139] [main/DEBUG] [mixin/]: Mixing CampfireBaleMixin from farmersdelight.mixins.json into net.minecraft.world.level.block.CampfireBlock
[15Jun2025 17:05:20.159] [main/DEBUG] [mixin/]: Mixing MixinPowderSnowBlock from curios.mixins.json into net.minecraft.world.level.block.PowderSnowBlock
[15Jun2025 17:05:20.167] [main/DEBUG] [mixin/]: Mixing LightningRodBlockDegradableMixin from friendsandfoes-common.mixins.json into net.minecraft.world.level.block.LightningRodBlock
[15Jun2025 17:05:20.168] [main/DEBUG] [mixin/]: Mixing LightningRodBlockMixin from friendsandfoes-common.mixins.json into net.minecraft.world.level.block.LightningRodBlock
[15Jun2025 17:05:20.188] [main/DEBUG] [mixin/]: Mixing LightningRodBlockOxidizableMixin from friendsandfoes-common.mixins.json into net.minecraft.world.level.block.LightningRodBlock
[15Jun2025 17:05:20.323] [main/DEBUG] [mixin/]: Mixing MixinFallingBlockEntity from architectury.mixins.json into net.minecraft.world.entity.item.FallingBlockEntity
[15Jun2025 17:05:20.430] [main/DEBUG] [mixin/]: Mixing KeepRichSoilTreeMixin from farmersdelight.mixins.json into net.minecraft.world.level.levelgen.feature.trunkplacers.TrunkPlacer
[15Jun2025 17:05:20.430] [main/DEBUG] [mixin/]: Renaming synthetic method lambda$cancelSetDirtIfRichSoil$0(Lnet/minecraft/world/level/block/state/BlockState;)Z to md23ebb4$lambda$cancelSetDirtIfRichSoil$0$0 in farmersdelight.mixins.json:KeepRichSoilTreeMixin
[15Jun2025 17:05:20.449] [main/DEBUG] [mixin/]: Mixing ChiseledBookShelfBlockEntityMixin from easymagic.common.mixins.json into net.minecraft.world.level.block.entity.ChiseledBookShelfBlockEntity
[15Jun2025 17:05:20.523] [main/DEBUG] [mixin/]: Mixing ContainerMenuMixin from mixins.deeperdarker.json into net.minecraft.world.inventory.CraftingMenu
[15Jun2025 17:05:20.573] [main/DEBUG] [mixin/]: Mixing MobMixin from naturalist-common.mixins.json into net.minecraft.world.entity.Mob
[15Jun2025 17:05:20.574] [main/DEBUG] [mixin/]: Mixing MobVariantsMixin from moremobvariants.mixins.json into net.minecraft.world.entity.Mob
[15Jun2025 17:05:20.585] [main/DEBUG] [mixin/]: Mixing common.IronGolemMixin from endermanoverhaul-common.mixins.json into net.minecraft.world.entity.animal.IronGolem
[15Jun2025 17:05:20.586] [main/DEBUG] [mixin/]: Mixing IronGolemMixin from creeperoverhaul-common.mixins.json into net.minecraft.world.entity.animal.IronGolem
[15Jun2025 17:05:20.601] [main/DEBUG] [mixin/]: Mixing MonsterMixin from naturalist-common.mixins.json into net.minecraft.world.entity.monster.Monster
[15Jun2025 17:05:20.602] [main/DEBUG] [mixin/]: Mixing IllusionerHostileEntityMixin from friendsandfoes-common.mixins.json into net.minecraft.world.entity.monster.Monster
[15Jun2025 17:05:20.627] [main/DEBUG] [mixin/]: Mixing accessor.EnchantmentMenuAccessor from easymagic.common.mixins.json into net.minecraft.world.inventory.EnchantmentMenu
[15Jun2025 17:05:20.628] [main/DEBUG] [mixin/]: Mixing ContainerMenuMixin from mixins.deeperdarker.json into net.minecraft.world.inventory.EnchantmentMenu
[15Jun2025 17:05:20.641] [main/DEBUG] [net.minecraftforge.coremod.transformer.CoreModBaseTransformer/COREMOD]: Transforming net/minecraft/world/item/ItemStack
[15Jun2025 17:05:20.642] [main/DEBUG] [mixin/]: Mixing ItemStackMixin from mixins.deeperdarker.json into net.minecraft.world.item.ItemStack
[15Jun2025 17:05:20.656] [main/DEBUG] [mixin/]: Mixing ContainerMenuMixin from mixins.deeperdarker.json into net.minecraft.world.inventory.ChestMenu
[15Jun2025 17:05:20.720] [main/DEBUG] [mixin/]: Mixing ContainerMenuMixin from mixins.deeperdarker.json into net.minecraft.world.inventory.ItemCombinerMenu
[15Jun2025 17:05:20.798] [main/DEBUG] [mixin/]: Mixing common.TheEndGatewayBlockEntityMixin from endermanoverhaul-common.mixins.json into net.minecraft.world.level.block.entity.TheEndGatewayBlockEntity
[15Jun2025 17:05:20.815] [main/DEBUG] [mixin/]: Mixing ZombieHorseAnimalEntityMixin from friendsandfoes-common.mixins.json into net.minecraft.world.entity.animal.Animal
[15Jun2025 17:05:20.993] [main/DEBUG] [mixin/]: Mixing ContainerMenuMixin from mixins.deeperdarker.json into net.minecraft.world.inventory.LoomMenu
[15Jun2025 17:05:21.004] [main/DEBUG] [mixin/]: Mixing ContainerMenuMixin from mixins.deeperdarker.json into net.minecraft.world.inventory.CartographyTableMenu
[15Jun2025 17:05:21.012] [main/DEBUG] [mixin/]: Mixing ContainerMenuMixin from mixins.deeperdarker.json into net.minecraft.world.inventory.GrindstoneMenu
[15Jun2025 17:05:21.027] [main/DEBUG] [mixin/]: Mixing ContainerMenuMixin from mixins.deeperdarker.json into net.minecraft.world.inventory.StonecutterMenu
[15Jun2025 17:05:21.152] [main/DEBUG] [mixin/]: Mixing LightningEntityMixin from friendsandfoes-common.mixins.json into net.minecraft.world.entity.LightningBolt
[15Jun2025 17:05:21.152] [main/DEBUG] [mixin/]: Renaming synthetic method lambda$friendsandfoes_decreaseCustomOxidationStates$0(Lnet/minecraft/world/level/Level;Lnet/minecraft/core/BlockPos;Lnet/minecraft/world/level/block/state/BlockState;)V to md23ebb4$lambda$friendsandfoes_decreaseCustomOxidationStates$0$0 in friendsandfoes-common.mixins.json:LightningEntityMixin
[15Jun2025 17:05:21.154] [main/DEBUG] [mixin/]: Mixing MixinLightningBolt from architectury-common.mixins.json into net.minecraft.world.entity.LightningBolt
[15Jun2025 17:05:21.165] [main/DEBUG] [mixin/]: Generating mapped inner class net/minecraft/world/level/block/LightningRodBlock$Anonymous$8878a8a5ecac4e1c91a8e3be6087c48d (originally com/faboslav/friendsandfoes/mixin/LightningRodBlockMixin$1)
[15Jun2025 17:05:21.216] [main/DEBUG] [net.minecraftforge.coremod.transformer.CoreModBaseTransformer/COREMOD]: Transforming net/minecraft/world/entity/animal/frog/Tadpole
[15Jun2025 17:05:21.244] [main/DEBUG] [mixin/]: Mixing accessor.BlockItemAccessor from puzzleslib.common.mixins.json into net.minecraft.world.item.BlockItem
[15Jun2025 17:05:21.254] [main/DEBUG] [mixin/]: Mixing AxeItemMixin from friendsandfoes-common.mixins.json into net.minecraft.world.item.AxeItem
[15Jun2025 17:05:21.256] [main/DEBUG] [mixin/]: Renaming synthetic method lambda$friendsandfoes_tryStrip$0(Lnet/minecraft/world/level/block/state/BlockState;Lnet/minecraft/world/level/block/Block;)Lnet/minecraft/world/level/block/state/BlockState; to md23ebb4$lambda$friendsandfoes_tryStrip$0$0 in friendsandfoes-common.mixins.json:AxeItemMixin
[15Jun2025 17:05:21.263] [main/DEBUG] [mixin/]: Mixing SoupItemMixin from farmersdelight.mixins.json into net.minecraft.world.item.BowlFoodItem
[15Jun2025 17:05:21.269] [main/DEBUG] [mixin/]: Mixing HangingEntityItemMixin from mixins.deeperdarker.json into net.minecraft.world.item.HangingEntityItem
[15Jun2025 17:05:21.278] [main/DEBUG] [net.minecraftforge.coremod.transformer.CoreModBaseTransformer/COREMOD]: Transforming net/minecraft/world/item/BucketItem
[15Jun2025 17:05:21.278] [main/DEBUG] [mixin/]: Mixing inject.MixinBucketItem from architectury-common.mixins.json into net.minecraft.world.item.BucketItem
[15Jun2025 17:05:21.285] [main/DEBUG] [mixin/]: Mixing BundleItemAccessor from friendsandfoes-common.mixins.json into net.minecraft.world.item.BundleItem
[15Jun2025 17:05:21.285] [main/DEBUG] [mixin/]: Renaming @Invoker method callAddToBundle(Lnet/minecraft/world/item/ItemStack;Lnet/minecraft/world/item/ItemStack;)I to callAddToBundle_$md$23ebb4$0 in friendsandfoes-common.mixins.json:BundleItemAccessor
[15Jun2025 17:05:21.290] [main/DEBUG] [mixin/]: Mixing MapItemMixin from naturalist-common.mixins.json into net.minecraft.world.item.MapItem
[15Jun2025 17:05:21.314] [main/DEBUG] [mixin/]: Mixing MixinShearsItem from curios.mixins.json into net.minecraft.world.item.ShearsItem
[15Jun2025 17:05:21.318] [main/DEBUG] [mixin/]: Mixing BottleItemMixin from naturalist-common.mixins.json into net.minecraft.world.item.BottleItem
[15Jun2025 17:05:21.319] [main/DEBUG] [mixin/]: Renaming synthetic method lambda$onUse$0(Lnet/minecraft/world/entity/AreaEffectCloud;)Z to md23ebb4$lambda$onUse$0$0 in naturalist-common.mixins.json:BottleItemMixin
[15Jun2025 17:05:21.340] [main/DEBUG] [mixin/]: Mixing HoneycombItemMixin from friendsandfoes-common.mixins.json into net.minecraft.world.item.HoneycombItem
[15Jun2025 17:05:21.340] [main/DEBUG] [mixin/]: Renaming synthetic method lambda$friendsandfoes_getWaxedState$0(Lnet/minecraft/world/level/block/state/BlockState;Lnet/minecraft/world/level/block/Block;)Lnet/minecraft/world/level/block/state/BlockState; to md23ebb4$lambda$friendsandfoes_getWaxedState$0$0 in friendsandfoes-common.mixins.json:HoneycombItemMixin
[15Jun2025 17:05:21.349] [main/DEBUG] [mixin/]: Mixing inject.MixinItemProperties from architectury-common.mixins.json into net.minecraft.world.item.Item$Properties
[15Jun2025 17:05:21.616] [main/DEBUG] [mixin/]: Mixing LegacyRandomSourceMixin from structureessentials.mixins.json into net.minecraft.world.level.levelgen.LegacyRandomSource
[15Jun2025 17:05:22.090] [main/DEBUG] [mixin/]: Mixing ExperienceOrbAccess from clumps.mixins.json into net.minecraft.world.entity.ExperienceOrb
[15Jun2025 17:05:22.091] [main/DEBUG] [mixin/]: Mixing MixinExperienceOrb from clumps.mixins.json into net.minecraft.world.entity.ExperienceOrb
[15Jun2025 17:05:22.093] [main/DEBUG] [mixin/]: Renaming synthetic method lambda$clumps$resolve$7(Ljava/util/Map$Entry;)Ljava/lang/Integer; to md23ebb4$lambda$clumps$resolve$7$0 in clumps.mixins.json:MixinExperienceOrb
[15Jun2025 17:05:22.093] [main/DEBUG] [mixin/]: Renaming synthetic method lambda$addAdditionalSaveData$6(Lnet/minecraft/nbt/CompoundTag;Ljava/lang/Integer;Ljava/lang/Integer;)V to md23ebb4$lambda$addAdditionalSaveData$6$1 in clumps.mixins.json:MixinExperienceOrb
[15Jun2025 17:05:22.093] [main/DEBUG] [mixin/]: Renaming synthetic method lambda$tryMergeToExisting$5(Ljava/util/Map;)Ljava/util/stream/Stream; to md23ebb4$lambda$tryMergeToExisting$5$2 in clumps.mixins.json:MixinExperienceOrb
[15Jun2025 17:05:22.093] [main/DEBUG] [mixin/]: Renaming synthetic method lambda$tryMergeToExisting$4(IILnet/minecraft/world/entity/ExperienceOrb;)Z to md23ebb4$lambda$tryMergeToExisting$4$3 in clumps.mixins.json:MixinExperienceOrb
[15Jun2025 17:05:22.093] [main/DEBUG] [mixin/]: Renaming synthetic method lambda$merge$3(Ljava/util/Map;)Ljava/util/stream/Stream; to md23ebb4$lambda$merge$3$4 in clumps.mixins.json:MixinExperienceOrb
[15Jun2025 17:05:22.093] [main/DEBUG] [mixin/]: Renaming synthetic method lambda$clumps$repairPlayerItems$2(ILnet/minecraft/world/entity/player/Player;Lnet/minecraft/world/item/ItemStack;)Ljava/lang/Integer; to md23ebb4$lambda$clumps$repairPlayerItems$2$5 in clumps.mixins.json:MixinExperienceOrb
[15Jun2025 17:05:22.093] [main/DEBUG] [mixin/]: Renaming synthetic method lambda$clumps$repairPlayerItems$1(Lnet/minecraft/world/item/ItemStack;Ljava/lang/Integer;)Ljava/lang/Float; to md23ebb4$lambda$clumps$repairPlayerItems$1$6 in clumps.mixins.json:MixinExperienceOrb
[15Jun2025 17:05:22.094] [main/DEBUG] [mixin/]: Renaming synthetic method lambda$playerTouch$0(Lnet/minecraft/world/entity/player/Player;Ljava/util/concurrent/atomic/AtomicInteger;Ljava/lang/Integer;Ljava/lang/Integer;)V to md23ebb4$lambda$playerTouch$0$7 in clumps.mixins.json:MixinExperienceOrb
[15Jun2025 17:05:22.128] [main/DEBUG] [mixin/]: Mixing BeeEntityAccessor from friendsandfoes-common.mixins.json into net.minecraft.world.entity.animal.Bee
[15Jun2025 17:05:22.128] [main/DEBUG] [mixin/]: Mixing BeeEntityMixin from friendsandfoes-common.mixins.json into net.minecraft.world.entity.animal.Bee
[15Jun2025 17:05:22.140] [main/DEBUG] [mixin/]: Mixing TemptGoalMixin from friendsandfoes-common.mixins.json into net.minecraft.world.entity.ai.goal.TemptGoal
[15Jun2025 17:05:22.140] [main/DEBUG] [mixin/]: Renaming synthetic method lambda$friendsandfoes_canStartWithReturn$0(Lcom/faboslav/friendsandfoes/entity/TuffGolemEntity;)Z to md23ebb4$lambda$friendsandfoes_canStartWithReturn$0$0 in friendsandfoes-common.mixins.json:TemptGoalMixin
[15Jun2025 17:05:22.153] [main/DEBUG] [mixin/]: Mixing BeeEntityMoveToHiveGoalMixin from friendsandfoes-common.mixins.json into net.minecraft.world.entity.animal.Bee$BeeGoToHiveGoal
[15Jun2025 17:05:22.155] [main/DEBUG] [mixin/]: Mixing BeeEntityMoveToFlowerGoalMixin from friendsandfoes-common.mixins.json into net.minecraft.world.entity.animal.Bee$BeeGoToKnownFlowerGoal
[15Jun2025 17:05:22.163] [main/DEBUG] [mixin/]: Mixing BlazeEntityMixin from friendsandfoes-common.mixins.json into net.minecraft.world.entity.monster.Blaze
[15Jun2025 17:05:22.184] [main/DEBUG] [mixin/]: Mixing ZombieHorseAbstractHorseEntityMixin from friendsandfoes-common.mixins.json into net.minecraft.world.entity.animal.horse.AbstractHorse
[15Jun2025 17:05:22.201] [main/DEBUG] [mixin/]: Mixing CatVariantsMixin from moremobvariants.mixins.json into net.minecraft.world.entity.animal.Cat
[15Jun2025 17:05:22.227] [main/DEBUG] [net.minecraftforge.coremod.transformer.CoreModBaseTransformer/COREMOD]: Transforming net/minecraft/world/entity/monster/Spider
[15Jun2025 17:05:22.242] [main/DEBUG] [mixin/]: Mixing SpiderVariantsMixin from moremobvariants.mixins.json into net.minecraft.world.entity.monster.Spider
[15Jun2025 17:05:22.249] [main/DEBUG] [mixin/]: Mixing SkeletonVariantsMixin from moremobvariants.mixins.json into net.minecraft.world.entity.monster.Skeleton
[15Jun2025 17:05:22.267] [main/DEBUG] [mixin/]: Mixing ChickenEntityMixin from friendsandfoes-common.mixins.json into net.minecraft.world.entity.animal.Chicken
[15Jun2025 17:05:22.267] [main/DEBUG] [mixin/]: Renaming synthetic method lambda$friendsandfoes_addFleeGoal$0(Ljava/lang/Object;)Z to md23ebb4$lambda$friendsandfoes_addFleeGoal$0$0 in friendsandfoes-common.mixins.json:ChickenEntityMixin
[15Jun2025 17:05:22.269] [main/DEBUG] [mixin/]: Mixing ChickenVariantsMixin from moremobvariants.mixins.json into net.minecraft.world.entity.animal.Chicken
[15Jun2025 17:05:22.283] [main/DEBUG] [mixin/]: Mixing CowVariantsMixin from moremobvariants.mixins.json into net.minecraft.world.entity.animal.Cow
[15Jun2025 17:05:22.289] [main/DEBUG] [mixin/]: Mixing CreeperMixin from naturalist-common.mixins.json into net.minecraft.world.entity.monster.Creeper
[15Jun2025 17:05:22.308] [main/DEBUG] [net.minecraftforge.coremod.transformer.CoreModBaseTransformer/COREMOD]: Transforming net/minecraft/world/entity/monster/Zombie
[15Jun2025 17:05:22.366] [main/DEBUG] [mixin/]: Mixing ZombieMixin from naturalist-common.mixins.json into net.minecraft.world.entity.monster.Zombie
[15Jun2025 17:05:22.368] [main/DEBUG] [mixin/]: Mixing ZombieVariantsMixin from moremobvariants.mixins.json into net.minecraft.world.entity.monster.Zombie
[15Jun2025 17:05:22.377] [main/DEBUG] [net.minecraftforge.coremod.transformer.CoreModBaseTransformer/COREMOD]: Transforming net/minecraft/world/entity/monster/ZombieVillager
[15Jun2025 17:05:22.424] [main/DEBUG] [mixin/]: Mixing ChickenEggMixin from moremobvariants.mixins.json into net.minecraft.world.entity.projectile.ThrownEgg
[15Jun2025 17:05:22.449] [main/DEBUG] [mixin/]: Mixing common.EnderManMixin from endermanoverhaul-common.mixins.json into net.minecraft.world.entity.monster.EnderMan
[15Jun2025 17:05:22.460] [main/DEBUG] [mixin/]: Mixing IllusionerSpellcastingIllagerEntityMixin from friendsandfoes-common.mixins.json into net.minecraft.world.entity.monster.SpellcasterIllager
[15Jun2025 17:05:22.462] [main/DEBUG] [mixin/]: Mixing IllusionerRaiderEntityMixin from friendsandfoes-common.mixins.json into net.minecraft.world.entity.raid.Raider
[15Jun2025 17:05:22.469] [main/DEBUG] [net.minecraftforge.coremod.transformer.CoreModBaseTransformer/COREMOD]: Transforming net/minecraft/world/entity/monster/Evoker$EvokerSummonSpellGoal
[15Jun2025 17:05:22.508] [main/DEBUG] [mixin/]: Mixing ContainerMenuMixin from mixins.deeperdarker.json into net.minecraft.world.inventory.HopperMenu
[15Jun2025 17:05:22.514] [main/DEBUG] [mixin/]: Mixing IllusionerEntityMixin from friendsandfoes-common.mixins.json into net.minecraft.world.entity.monster.Illusioner
[15Jun2025 17:05:22.537] [main/DEBUG] [mixin/]: Mixing BlindTargetGoalFactory from friendsandfoes-common.mixins.json into net.minecraft.world.entity.monster.Illusioner$IllusionerBlindnessSpellGoal
[15Jun2025 17:05:22.538] [main/DEBUG] [mixin/]: Renaming @Invoker method newBlindTargetGoal(Lnet/minecraft/world/entity/monster/Illusioner;)Lnet/minecraft/world/entity/monster/Illusioner$IllusionerBlindnessSpellGoal; to newBlindTargetGoal_$md$23ebb4$0 in friendsandfoes-common.mixins.json:BlindTargetGoalFactory
[15Jun2025 17:05:22.560] [main/DEBUG] [mixin/]: Mixing PaintingMixin from mixins.deeperdarker.json into net.minecraft.world.entity.decoration.Painting
[15Jun2025 17:05:22.576] [main/DEBUG] [mixin/]: Mixing PhantomMixin from mixins.deeperdarker.json into net.minecraft.world.entity.monster.Phantom
[15Jun2025 17:05:22.582] [main/DEBUG] [mixin/]: Mixing PigVariantsMixin from moremobvariants.mixins.json into net.minecraft.world.entity.animal.Pig
[15Jun2025 17:05:22.602] [main/DEBUG] [mixin/]: Mixing RabbitEntityMixin from friendsandfoes-common.mixins.json into net.minecraft.world.entity.animal.Rabbit
[15Jun2025 17:05:22.602] [main/DEBUG] [mixin/]: Renaming synthetic method lambda$friendsandfoes_addFleeGoal$0(Ljava/lang/Object;)Z to md23ebb4$lambda$friendsandfoes_addFleeGoal$0$0 in friendsandfoes-common.mixins.json:RabbitEntityMixin
[15Jun2025 17:05:22.603] [main/DEBUG] [mixin/]: Mixing RabbitsEatCabbageMixin from farmersdelight.mixins.json into net.minecraft.world.entity.animal.Rabbit
[15Jun2025 17:05:22.611] [main/DEBUG] [mixin/]: Mixing SheepVariantsMixin from moremobvariants.mixins.json into net.minecraft.world.entity.animal.Sheep
[15Jun2025 17:05:22.626] [main/DEBUG] [net.minecraftforge.coremod.transformer.CoreModBaseTransformer/COREMOD]: Transforming net/minecraft/world/entity/animal/horse/SkeletonTrapGoal
[15Jun2025 17:05:22.640] [main/DEBUG] [mixin/]: Mixing SnowballEntityMixin from friendsandfoes-common.mixins.json into net.minecraft.world.entity.projectile.Snowball
[15Jun2025 17:05:22.647] [main/DEBUG] [net.minecraftforge.coremod.transformer.CoreModBaseTransformer/COREMOD]: Transforming net/minecraft/world/entity/monster/Strider
[15Jun2025 17:05:22.706] [main/DEBUG] [mixin/]: Mixing AddCustomEntityPoseMixin from friendsandfoes-common.mixins.json into net.minecraft.world.entity.Pose
[15Jun2025 17:05:22.706] [main/DEBUG] [mixin/]: Renaming @Invoker method newEntityPose(Ljava/lang/String;I)Lnet/minecraft/world/entity/Pose; to newEntityPose_$md$23ebb4$0 in friendsandfoes-common.mixins.json:AddCustomEntityPoseMixin
[15Jun2025 17:05:22.721] [main/DEBUG] [mixin/]: Mixing ServerPlayerEntityTickMixin from yungsapi.mixins.json into net.minecraft.server.level.ServerPlayer
[15Jun2025 17:05:22.751] [main/DEBUG] [mixin/]: Mixing VillagerHostilesSensorMixin from friendsandfoes-common.mixins.json into net.minecraft.world.entity.ai.sensing.VillagerHostilesSensor
[15Jun2025 17:05:22.776] [main/DEBUG] [mixin/]: Mixing WardenMixin from mixins.deeperdarker.json into net.minecraft.world.entity.monster.warden.Warden
[15Jun2025 17:05:22.828] [main/DEBUG] [net.minecraftforge.coremod.transformer.CoreModBaseTransformer/COREMOD]: Transforming net/minecraft/world/entity/npc/Villager
[15Jun2025 17:05:22.934] [main/DEBUG] [mixin/]: Mixing VillagerEntityMixin from friendsandfoes-common.mixins.json into net.minecraft.world.entity.npc.Villager
[15Jun2025 17:05:22.959] [main/DEBUG] [mixin/]: Mixing WolfVariantsMixin from moremobvariants.mixins.json into net.minecraft.world.entity.animal.Wolf
[15Jun2025 17:05:22.967] [main/DEBUG] [mixin/]: Mixing ZombieHorseEntityMixin from friendsandfoes-common.mixins.json into net.minecraft.world.entity.animal.horse.ZombieHorse
[15Jun2025 17:05:22.985] [main/DEBUG] [mixin/]: Mixing inject.MixinFoodPropertiesBuilder from architectury-common.mixins.json into net.minecraft.world.food.FoodProperties$Builder
[15Jun2025 17:05:22.987] [main/DEBUG] [net.minecraftforge.coremod.transformer.CoreModBaseTransformer/COREMOD]: Transforming net/minecraft/world/effect/MobEffectInstance
[15Jun2025 17:05:23.019] [main/DEBUG] [mixin/]: Mixing accessor.ServerGamePacketListenerImplAccessor from hangglider.common.mixins.json into net.minecraft.server.network.ServerGamePacketListenerImpl
[15Jun2025 17:05:23.046] [main/DEBUG] [mixin/]: Mixing accessor.PotionBrewingAccessor from yungsapi.mixins.json into net.minecraft.world.item.alchemy.PotionBrewing
[15Jun2025 17:05:23.046] [main/DEBUG] [mixin/]: Renaming @Invoker method callAddMix(Lnet/minecraft/world/item/alchemy/Potion;Lnet/minecraft/world/item/Item;Lnet/minecraft/world/item/alchemy/Potion;)V to callAddMix_$md$23ebb4$0 in yungsapi.mixins.json:accessor.PotionBrewingAccessor
[15Jun2025 17:05:23.046] [main/DEBUG] [mixin/]: Mixing accessor.PotionBrewingForgeAccessor from puzzleslib.forge.mixins.json into net.minecraft.world.item.alchemy.PotionBrewing
[15Jun2025 17:05:23.047] [main/DEBUG] [mixin/]: Renaming @Accessor method puzzleslib$getPotionMixes()Ljava/util/List; to puzzleslib$getPotionMixes_$md$23ebb4$1 in puzzleslib.forge.mixins.json:accessor.PotionBrewingForgeAccessor
[15Jun2025 17:05:23.047] [main/DEBUG] [mixin/]: Renaming @Accessor method puzzleslib$getContainerMixes()Ljava/util/List; to puzzleslib$getContainerMixes_$md$23ebb4$2 in puzzleslib.forge.mixins.json:accessor.PotionBrewingForgeAccessor
[15Jun2025 17:05:23.047] [main/DEBUG] [mixin/]: Renaming @Accessor method puzzleslib$getAllowedContainers()Ljava/util/List; to puzzleslib$getAllowedContainers_$md$23ebb4$3 in puzzleslib.forge.mixins.json:accessor.PotionBrewingForgeAccessor
[15Jun2025 17:05:23.134] [main/DEBUG] [mixin/]: Mixing ContainerMenuMixin from mixins.deeperdarker.json into net.minecraft.world.inventory.AbstractFurnaceMenu
[15Jun2025 17:05:23.148] [main/DEBUG] [mixin/]: Mixing ContainerMenuMixin from mixins.deeperdarker.json into net.minecraft.world.inventory.DispenserMenu
[15Jun2025 17:05:23.159] [main/DEBUG] [mixin/]: Mixing ContainerMenuMixin from mixins.deeperdarker.json into net.minecraft.world.inventory.BrewingStandMenu
[15Jun2025 17:05:23.168] [main/DEBUG] [mixin/]: Mixing ContainerMenuMixin from mixins.deeperdarker.json into net.minecraft.world.inventory.BeaconMenu
[15Jun2025 17:05:23.181] [main/DEBUG] [mixin/]: Mixing StructureProcessorAccessor from cataclysm.mixins.json into net.minecraft.world.level.levelgen.structure.templatesystem.StructureProcessor
[15Jun2025 17:05:23.187] [main/DEBUG] [mixin/]: Mixing ContainerMenuMixin from mixins.deeperdarker.json into net.minecraft.world.inventory.ShulkerBoxMenu
[15Jun2025 17:05:23.218] [main/DEBUG] [mixin/]: Mixing StructureSearchSpeedupMixin from structureessentials.mixins.json into net.minecraft.world.level.chunk.ChunkGenerator
[15Jun2025 17:05:23.222] [main/DEBUG] [net.minecraftforge.coremod.transformer.CoreModBaseTransformer/COREMOD]: Transforming net/minecraft/world/level/levelgen/structure/Structure
[15Jun2025 17:05:23.227] [main/DEBUG] [mixin/]: Mixing StructureSearchTimeoutMixin from structureessentials.mixins.json into net.minecraft.world.level.chunk.ChunkGenerator
[15Jun2025 17:05:23.229] [main/DEBUG] [mixin/]: Mixing DisableVanillaFortressesMixin from betterfortresses.mixins.json into net.minecraft.world.level.chunk.ChunkGenerator
[15Jun2025 17:05:23.230] [main/DEBUG] [mixin/]: Mixing DisableVanillaMineshaftsMixin from bettermineshafts.mixins.json into net.minecraft.world.level.chunk.ChunkGenerator
[15Jun2025 17:05:23.267] [main/DEBUG] [mixin/]: Mixing InventoryMixin from carryon.mixins.json into net.minecraft.world.entity.player.Inventory
[15Jun2025 17:05:23.268] [main/DEBUG] [mixin/]: Mixing MixinInventory from curios.mixins.json into net.minecraft.world.entity.player.Inventory
[15Jun2025 17:05:23.409] [main/DEBUG] [mixin/]: Mixing MixinApplyBonusCount from curios.mixins.json into net.minecraft.world.level.storage.loot.functions.ApplyBonusCount
[15Jun2025 17:05:23.539] [main/DEBUG] [mixin/]: Mixing NoMultifaceGrowthFeatureInStructuresMixin from cataclysm.mixins.json into net.minecraft.world.level.levelgen.feature.MultifaceGrowthFeature
[15Jun2025 17:05:23.546] [main/DEBUG] [mixin/]: Mixing NoMagmaBlockInStructuresMixin from cataclysm.mixins.json into net.minecraft.world.level.levelgen.feature.UnderwaterMagmaFeature
[15Jun2025 17:05:23.552] [main/DEBUG] [mixin/]: Mixing NoLakesInStructuresMixin from cataclysm.mixins.json into net.minecraft.world.level.levelgen.feature.LakeFeature
[15Jun2025 17:05:23.556] [main/DEBUG] [mixin/]: Mixing NoOreInStructuresMixin from cataclysm.mixins.json into net.minecraft.world.level.levelgen.feature.OreFeature
[15Jun2025 17:05:23.569] [main/DEBUG] [mixin/]: Mixing NoBasaltColumnsInStructuresMixin from betterfortresses.mixins.json into net.minecraft.world.level.levelgen.feature.BasaltColumnsFeature
[15Jun2025 17:05:23.570] [main/DEBUG] [mixin/]: Mixing NoBasaltColumnsInStructuresMixin from cataclysm.mixins.json into net.minecraft.world.level.levelgen.feature.BasaltColumnsFeature
[15Jun2025 17:05:23.574] [main/DEBUG] [mixin/]: Mixing NoDeltasInStructuresMixin from betterfortresses.mixins.json into net.minecraft.world.level.levelgen.feature.DeltaFeature
[15Jun2025 17:05:23.575] [main/DEBUG] [mixin/]: Mixing NoDeltasInStructuresMixin from cataclysm.mixins.json into net.minecraft.world.level.levelgen.feature.DeltaFeature
[15Jun2025 17:05:23.583] [main/DEBUG] [mixin/]: Mixing NoGeodeInStructuresMixin from cataclysm.mixins.json into net.minecraft.world.level.levelgen.feature.GeodeFeature
[15Jun2025 17:05:23.600] [main/DEBUG] [mixin/]: Mixing PlacedFeatureErrorMixin from structureessentials.mixins.json into net.minecraft.world.level.levelgen.placement.PlacedFeature
[15Jun2025 17:05:23.689] [main/DEBUG] [net.minecraftforge.coremod.transformer.CoreModBaseTransformer/COREMOD]: Transforming net/minecraft/world/level/levelgen/structure/Structure
[15Jun2025 17:05:23.724] [main/DEBUG] [mixin/]: Mixing StrongholdGeneratorMixin from friendsandfoes-common.mixins.json into net.minecraft.world.level.levelgen.structure.structures.StrongholdPieces$Library
[15Jun2025 17:05:23.738] [main/DEBUG] [net.minecraftforge.coremod.transformer.CoreModBaseTransformer/COREMOD]: Transforming net/minecraft/world/level/levelgen/structure/structures/OceanRuinPieces$OceanRuinPiece
[15Jun2025 17:05:23.753] [main/DEBUG] [net.minecraftforge.coremod.transformer.CoreModBaseTransformer/COREMOD]: Transforming net/minecraft/world/level/levelgen/structure/structures/SwampHutPiece
[15Jun2025 17:05:23.766] [main/DEBUG] [net.minecraftforge.coremod.transformer.CoreModBaseTransformer/COREMOD]: Transforming net/minecraft/world/level/levelgen/structure/structures/OceanMonumentPieces$OceanMonumentPiece
[15Jun2025 17:05:23.786] [main/DEBUG] [net.minecraftforge.coremod.transformer.CoreModBaseTransformer/COREMOD]: Transforming net/minecraft/world/level/levelgen/structure/structures/WoodlandMansionPieces$WoodlandMansionPiece
[15Jun2025 17:05:23.813] [main/DEBUG] [mixin/]: Mixing accessor.StructureTemplatePoolAccessor from yungsapi.mixins.json into net.minecraft.world.level.levelgen.structure.pools.StructureTemplatePool
[15Jun2025 17:05:23.813] [main/DEBUG] [mixin/]: Mixing IncreaseStructureWeightLimitMixinForge from yungsapi_forge.mixins.json into net.minecraft.world.level.levelgen.structure.pools.StructureTemplatePool
[15Jun2025 17:05:23.814] [main/DEBUG] [mixin/]: Mixing StructurePoolAccessor from friendsandfoes-common.mixins.json into net.minecraft.world.level.levelgen.structure.pools.StructureTemplatePool
[15Jun2025 17:05:23.884] [main/DEBUG] [net.minecraftforge.coremod.transformer.CoreModBaseTransformer/COREMOD]: Transforming net/minecraft/world/level/biome/Biome
[15Jun2025 17:05:23.908] [main/DEBUG] [mixin/]: Mixing accessor.MobSpawnSettingsBuilderForgeAccessor from puzzleslib.forge.mixins.json into net.minecraft.world.level.biome.MobSpawnSettings$Builder
[15Jun2025 17:05:24.007] [main/DEBUG] [mixin/]: Mixing accessor.SinglePoolElementAccessor from yungsapi.mixins.json into net.minecraft.world.level.levelgen.structure.pools.SinglePoolElement
[15Jun2025 17:05:24.011] [main/DEBUG] [mixin/]: Mixing accessor.ListPoolElementAccessor from yungsapi.mixins.json into net.minecraft.world.level.levelgen.structure.pools.ListPoolElement
[15Jun2025 17:05:24.014] [main/DEBUG] [mixin/]: Mixing accessor.FeaturePoolElementAccessor from yungsapi.mixins.json into net.minecraft.world.level.levelgen.structure.pools.FeaturePoolElement
[15Jun2025 17:05:24.123] [main/DEBUG] [net.minecraftforge.common.ForgeI18n/CORE]: Loading I18N data entries: 6430
[15Jun2025 17:05:24.139] [main/DEBUG] [net.minecraftforge.fml.ModWorkManager/LOADING]: Using 4 threads for parallel mod-loading
[15Jun2025 17:05:24.145] [main/DEBUG] [net.minecraftforge.fml.lowcodemod.LowCodeModLanguageProvider.LowCodeModTarget/LOADING]: Loading LowCodeModContainer from classloader cpw.mods.modlauncher.TransformingClassLoader@74f280bd - got cpw.mods.cl.ModuleClassLoader@20095ab4
[15Jun2025 17:05:24.145] [main/DEBUG] [net.minecraftforge.fml.lowcodemod.LowCodeModContainer/LOADING]: Creating LowCodeModContainer for mr_stellarity
[15Jun2025 17:05:24.146] [main/DEBUG] [net.minecraftforge.fml.javafmlmod.FMLJavaModLanguageProvider/LOADING]: Loading FMLModContainer from classloader cpw.mods.modlauncher.TransformingClassLoader@74f280bd - got cpw.mods.cl.ModuleClassLoader@20095ab4
[15Jun2025 17:05:24.146] [main/DEBUG] [net.minecraftforge.fml.javafmlmod.FMLModContainer/LOADING]: Creating FMLModContainer instance for com.minecraftserverzone.weaponmaster.WeaponMasterMod
[15Jun2025 17:05:24.150] [main/DEBUG] [net.minecraftforge.fml.javafmlmod.FMLJavaModLanguageProvider/LOADING]: Loading FMLModContainer from classloader cpw.mods.modlauncher.TransformingClassLoader@74f280bd - got cpw.mods.cl.ModuleClassLoader@20095ab4
[15Jun2025 17:05:24.150] [main/DEBUG] [net.minecraftforge.fml.javafmlmod.FMLModContainer/LOADING]: Creating FMLModContainer instance for net.lunapixel.skyvillages.SkyVillagesMain
[15Jun2025 17:05:24.151] [main/DEBUG] [net.minecraftforge.fml.javafmlmod.FMLJavaModLanguageProvider/LOADING]: Loading FMLModContainer from classloader cpw.mods.modlauncher.TransformingClassLoader@74f280bd - got cpw.mods.cl.ModuleClassLoader@20095ab4
[15Jun2025 17:05:24.151] [main/DEBUG] [net.minecraftforge.fml.javafmlmod.FMLModContainer/LOADING]: Creating FMLModContainer instance for cpw.mods.inventorysorter.InventorySorter
[15Jun2025 17:05:24.152] [main/DEBUG] [net.minecraftforge.fml.javafmlmod.FMLJavaModLanguageProvider/LOADING]: Loading FMLModContainer from classloader cpw.mods.modlauncher.TransformingClassLoader@74f280bd - got cpw.mods.cl.ModuleClassLoader@20095ab4
[15Jun2025 17:05:24.152] [main/DEBUG] [net.minecraftforge.fml.javafmlmod.FMLModContainer/LOADING]: Creating FMLModContainer instance for software.bernie.example.GeckoLibMod
[15Jun2025 17:05:24.152] [main/DEBUG] [net.minecraftforge.fml.javafmlmod.FMLJavaModLanguageProvider/LOADING]: Loading FMLModContainer from classloader cpw.mods.modlauncher.TransformingClassLoader@74f280bd - got cpw.mods.cl.ModuleClassLoader@20095ab4
[15Jun2025 17:05:24.152] [main/DEBUG] [net.minecraftforge.fml.javafmlmod.FMLModContainer/LOADING]: Creating FMLModContainer instance for fuzs.easymagic.EasyMagicForge
[15Jun2025 17:05:24.153] [main/DEBUG] [net.minecraftforge.fml.javafmlmod.FMLJavaModLanguageProvider/LOADING]: Loading FMLModContainer from classloader cpw.mods.modlauncher.TransformingClassLoader@74f280bd - got cpw.mods.cl.ModuleClassLoader@20095ab4
[15Jun2025 17:05:24.153] [main/DEBUG] [net.minecraftforge.fml.javafmlmod.FMLModContainer/LOADING]: Creating FMLModContainer instance for mezz.jei.forge.JustEnoughItems
[15Jun2025 17:05:24.153] [main/DEBUG] [net.minecraftforge.fml.javafmlmod.FMLJavaModLanguageProvider/LOADING]: Loading FMLModContainer from classloader cpw.mods.modlauncher.TransformingClassLoader@74f280bd - got cpw.mods.cl.ModuleClassLoader@20095ab4
[15Jun2025 17:05:24.153] [main/DEBUG] [net.minecraftforge.fml.javafmlmod.FMLModContainer/LOADING]: Creating FMLModContainer instance for com.starfish_studios.naturalist.forge.NaturalistForge
[15Jun2025 17:05:24.154] [main/DEBUG] [net.minecraftforge.fml.javafmlmod.FMLJavaModLanguageProvider/LOADING]: Loading FMLModContainer from classloader cpw.mods.modlauncher.TransformingClassLoader@74f280bd - got cpw.mods.cl.ModuleClassLoader@20095ab4
[15Jun2025 17:05:24.154] [main/DEBUG] [net.minecraftforge.fml.javafmlmod.FMLModContainer/LOADING]: Creating FMLModContainer instance for com.jtorleonstudios.libraryferret.LibraryFerret
[15Jun2025 17:05:24.155] [main/DEBUG] [net.minecraftforge.fml.javafmlmod.FMLJavaModLanguageProvider/LOADING]: Loading FMLModContainer from classloader cpw.mods.modlauncher.TransformingClassLoader@74f280bd - got cpw.mods.cl.ModuleClassLoader@20095ab4
[15Jun2025 17:05:24.155] [main/DEBUG] [net.minecraftforge.fml.javafmlmod.FMLModContainer/LOADING]: Creating FMLModContainer instance for net.stardustlabs.incendium.Incendium
[15Jun2025 17:05:24.155] [main/DEBUG] [net.minecraftforge.fml.javafmlmod.FMLJavaModLanguageProvider/LOADING]: Loading FMLModContainer from classloader cpw.mods.modlauncher.TransformingClassLoader@74f280bd - got cpw.mods.cl.ModuleClassLoader@20095ab4
[15Jun2025 17:05:24.156] [main/DEBUG] [net.minecraftforge.fml.javafmlmod.FMLModContainer/LOADING]: Creating FMLModContainer instance for com.sonicether.soundphysics.ForgeSoundPhysicsMod
[15Jun2025 17:05:24.156] [main/DEBUG] [net.minecraftforge.fml.javafmlmod.FMLJavaModLanguageProvider/LOADING]: Loading FMLModContainer from classloader cpw.mods.modlauncher.TransformingClassLoader@74f280bd - got cpw.mods.cl.ModuleClassLoader@20095ab4
[15Jun2025 17:05:24.156] [main/DEBUG] [net.minecraftforge.fml.javafmlmod.FMLModContainer/LOADING]: Creating FMLModContainer instance for com.structureessentials.StructureEssentials
[15Jun2025 17:05:24.156] [main/DEBUG] [net.minecraftforge.fml.javafmlmod.FMLJavaModLanguageProvider/LOADING]: Loading FMLModContainer from classloader cpw.mods.modlauncher.TransformingClassLoader@74f280bd - got cpw.mods.cl.ModuleClassLoader@20095ab4
[15Jun2025 17:05:24.156] [main/DEBUG] [net.minecraftforge.fml.javafmlmod.FMLModContainer/LOADING]: Creating FMLModContainer instance for de.cheaterpaul.fallingleaves.FallingLeavesMod
[15Jun2025 17:05:24.157] [main/DEBUG] [net.minecraftforge.fml.lowcodemod.LowCodeModLanguageProvider.LowCodeModTarget/LOADING]: Loading LowCodeModContainer from classloader cpw.mods.modlauncher.TransformingClassLoader@74f280bd - got cpw.mods.cl.ModuleClassLoader@20095ab4
[15Jun2025 17:05:24.157] [main/DEBUG] [net.minecraftforge.fml.lowcodemod.LowCodeModContainer/LOADING]: Creating LowCodeModContainer for structory
[15Jun2025 17:05:24.157] [main/DEBUG] [net.minecraftforge.fml.javafmlmod.FMLJavaModLanguageProvider/LOADING]: Loading FMLModContainer from classloader cpw.mods.modlauncher.TransformingClassLoader@74f280bd - got cpw.mods.cl.ModuleClassLoader@20095ab4
[15Jun2025 17:05:24.157] [main/DEBUG] [net.minecraftforge.fml.javafmlmod.FMLModContainer/LOADING]: Creating FMLModContainer instance for com.blamejared.clumps.Clumps
[15Jun2025 17:05:24.158] [main/DEBUG] [net.minecraftforge.fml.javafmlmod.FMLJavaModLanguageProvider/LOADING]: Loading FMLModContainer from classloader cpw.mods.modlauncher.TransformingClassLoader@74f280bd - got cpw.mods.cl.ModuleClassLoader@20095ab4
[15Jun2025 17:05:24.158] [main/DEBUG] [net.minecraftforge.fml.javafmlmod.FMLModContainer/LOADING]: Creating FMLModContainer instance for com.tiviacz.travelersbackpack.TravelersBackpack
[15Jun2025 17:05:24.158] [main/DEBUG] [net.minecraftforge.fml.javafmlmod.FMLJavaModLanguageProvider/LOADING]: Loading FMLModContainer from classloader cpw.mods.modlauncher.TransformingClassLoader@74f280bd - got cpw.mods.cl.ModuleClassLoader@20095ab4
[15Jun2025 17:05:24.158] [main/DEBUG] [net.minecraftforge.fml.javafmlmod.FMLModContainer/LOADING]: Creating FMLModContainer instance for com.yungnickyoung.minecraft.yungsapi.YungsApiForge
[15Jun2025 17:05:24.159] [main/DEBUG] [net.minecraftforge.fml.javafmlmod.FMLJavaModLanguageProvider/LOADING]: Loading FMLModContainer from classloader cpw.mods.modlauncher.TransformingClassLoader@74f280bd - got cpw.mods.cl.ModuleClassLoader@20095ab4
[15Jun2025 17:05:24.159] [main/DEBUG] [net.minecraftforge.fml.javafmlmod.FMLModContainer/LOADING]: Creating FMLModContainer instance for com.llamalad7.mixinextras.platform.forge.MixinExtrasMod
[15Jun2025 17:05:24.159] [main/DEBUG] [net.minecraftforge.fml.javafmlmod.FMLJavaModLanguageProvider/LOADING]: Loading FMLModContainer from classloader cpw.mods.modlauncher.TransformingClassLoader@74f280bd - got cpw.mods.cl.ModuleClassLoader@20095ab4
[15Jun2025 17:05:24.160] [main/DEBUG] [net.minecraftforge.fml.javafmlmod.FMLModContainer/LOADING]: Creating FMLModContainer instance for com.focamacho.myserveriscompatible.MyServerIsCompatible
[15Jun2025 17:05:24.160] [main/DEBUG] [net.minecraftforge.fml.javafmlmod.FMLJavaModLanguageProvider/LOADING]: Loading FMLModContainer from classloader cpw.mods.modlauncher.TransformingClassLoader@74f280bd - got cpw.mods.cl.ModuleClassLoader@20095ab4
[15Jun2025 17:05:24.160] [main/DEBUG] [net.minecraftforge.fml.javafmlmod.FMLModContainer/LOADING]: Creating FMLModContainer instance for fuzs.pickupnotifier.PickUpNotifierForge
[15Jun2025 17:05:24.160] [main/DEBUG] [net.minecraftforge.fml.lowcodemod.LowCodeModLanguageProvider.LowCodeModTarget/LOADING]: Loading LowCodeModContainer from classloader cpw.mods.modlauncher.TransformingClassLoader@74f280bd - got cpw.mods.cl.ModuleClassLoader@20095ab4
[15Jun2025 17:05:24.161] [main/DEBUG] [net.minecraftforge.fml.lowcodemod.LowCodeModContainer/LOADING]: Creating LowCodeModContainer for terralith
[15Jun2025 17:05:24.161] [main/DEBUG] [net.minecraftforge.fml.javafmlmod.FMLJavaModLanguageProvider/LOADING]: Loading FMLModContainer from classloader cpw.mods.modlauncher.TransformingClassLoader@74f280bd - got cpw.mods.cl.ModuleClassLoader@20095ab4
[15Jun2025 17:05:24.161] [main/DEBUG] [net.minecraftforge.fml.javafmlmod.FMLModContainer/LOADING]: Creating FMLModContainer instance for tschipp.carryon.CarryOnForge
[15Jun2025 17:05:24.161] [main/DEBUG] [net.minecraftforge.fml.javafmlmod.FMLJavaModLanguageProvider/LOADING]: Loading FMLModContainer from classloader cpw.mods.modlauncher.TransformingClassLoader@74f280bd - got cpw.mods.cl.ModuleClassLoader@20095ab4
[15Jun2025 17:05:24.161] [main/DEBUG] [net.minecraftforge.fml.javafmlmod.FMLModContainer/LOADING]: Creating FMLModContainer instance for fuzs.puzzlesaccessapi.impl.PuzzlesAccessApiForge
[15Jun2025 17:05:24.162] [main/DEBUG] [net.minecraftforge.fml.javafmlmod.FMLJavaModLanguageProvider/LOADING]: Loading FMLModContainer from classloader cpw.mods.modlauncher.TransformingClassLoader@74f280bd - got cpw.mods.cl.ModuleClassLoader@20095ab4
[15Jun2025 17:05:24.162] [main/DEBUG] [net.minecraftforge.fml.javafmlmod.FMLModContainer/LOADING]: Creating FMLModContainer instance for com.yungnickyoung.minecraft.betterfortresses.BetterFortressesForge
[15Jun2025 17:05:24.162] [main/DEBUG] [net.minecraftforge.fml.javafmlmod.FMLJavaModLanguageProvider/LOADING]: Loading FMLModContainer from classloader cpw.mods.modlauncher.TransformingClassLoader@74f280bd - got cpw.mods.cl.ModuleClassLoader@20095ab4
[15Jun2025 17:05:24.162] [main/DEBUG] [net.minecraftforge.fml.javafmlmod.FMLModContainer/LOADING]: Creating FMLModContainer instance for net.aurelj.dungeons_arise_seven_seas.DungeonsAriseSevenSeasMain
[15Jun2025 17:05:24.163] [main/DEBUG] [net.minecraftforge.fml.javafmlmod.FMLJavaModLanguageProvider/LOADING]: Loading FMLModContainer from classloader cpw.mods.modlauncher.TransformingClassLoader@74f280bd - got cpw.mods.cl.ModuleClassLoader@20095ab4
[15Jun2025 17:05:24.163] [main/DEBUG] [net.minecraftforge.fml.javafmlmod.FMLModContainer/LOADING]: Creating FMLModContainer instance for net.minecraftforge.common.ForgeMod
[15Jun2025 17:05:24.165] [main/DEBUG] [net.minecraftforge.fml.javafmlmod.FMLJavaModLanguageProvider/LOADING]: Loading FMLModContainer from classloader cpw.mods.modlauncher.TransformingClassLoader@74f280bd - got cpw.mods.cl.ModuleClassLoader@20095ab4
[15Jun2025 17:05:24.165] [main/DEBUG] [net.minecraftforge.fml.javafmlmod.FMLModContainer/LOADING]: Creating FMLModContainer instance for me.jellysquid.mods.sodium.client.SodiumClientMod
[15Jun2025 17:05:24.166] [main/DEBUG] [net.minecraftforge.fml.javafmlmod.FMLJavaModLanguageProvider/LOADING]: Loading FMLModContainer from classloader cpw.mods.modlauncher.TransformingClassLoader@74f280bd - got cpw.mods.cl.ModuleClassLoader@20095ab4
[15Jun2025 17:05:24.166] [main/DEBUG] [net.minecraftforge.fml.javafmlmod.FMLModContainer/LOADING]: Creating FMLModContainer instance for me.jellysquid.mods.sodium.client.RubidiumStub
[15Jun2025 17:05:24.167] [main/DEBUG] [net.minecraftforge.fml.lowcodemod.LowCodeModLanguageProvider.LowCodeModTarget/LOADING]: Loading LowCodeModContainer from classloader cpw.mods.modlauncher.TransformingClassLoader@74f280bd - got cpw.mods.cl.ModuleClassLoader@20095ab4
[15Jun2025 17:05:24.167] [main/DEBUG] [net.minecraftforge.fml.lowcodemod.LowCodeModContainer/LOADING]: Creating LowCodeModContainer for ultris_mr
[15Jun2025 17:05:24.167] [main/DEBUG] [net.minecraftforge.fml.javafmlmod.FMLJavaModLanguageProvider/LOADING]: Loading FMLModContainer from classloader cpw.mods.modlauncher.TransformingClassLoader@74f280bd - got cpw.mods.cl.ModuleClassLoader@20095ab4
[15Jun2025 17:05:24.167] [main/DEBUG] [net.minecraftforge.fml.javafmlmod.FMLModContainer/LOADING]: Creating FMLModContainer instance for com.faboslav.friendsandfoes.forge.FriendsAndFoesForge
[15Jun2025 17:05:24.168] [main/DEBUG] [net.minecraftforge.fml.javafmlmod.FMLJavaModLanguageProvider/LOADING]: Loading FMLModContainer from classloader cpw.mods.modlauncher.TransformingClassLoader@74f280bd - got cpw.mods.cl.ModuleClassLoader@20095ab4
[15Jun2025 17:05:24.168] [main/DEBUG] [net.minecraftforge.fml.javafmlmod.FMLModContainer/LOADING]: Creating FMLModContainer instance for net.aurelj.dungeons_arise.DungeonsAriseMain
[15Jun2025 17:05:24.169] [main/DEBUG] [net.minecraftforge.fml.javafmlmod.FMLJavaModLanguageProvider/LOADING]: Loading FMLModContainer from classloader cpw.mods.modlauncher.TransformingClassLoader@74f280bd - got cpw.mods.cl.ModuleClassLoader@20095ab4
[15Jun2025 17:05:24.169] [main/DEBUG] [net.minecraftforge.fml.javafmlmod.FMLModContainer/LOADING]: Creating FMLModContainer instance for vectorwing.farmersdelight.FarmersDelight
[15Jun2025 17:05:24.170] [main/DEBUG] [net.minecraftforge.fml.javafmlmod.FMLJavaModLanguageProvider/LOADING]: Loading FMLModContainer from classloader cpw.mods.modlauncher.TransformingClassLoader@74f280bd - got cpw.mods.cl.ModuleClassLoader@20095ab4
[15Jun2025 17:05:24.170] [main/DEBUG] [net.minecraftforge.fml.javafmlmod.FMLModContainer/LOADING]: Creating FMLModContainer instance for traben.entity_texture_features.forge.ETFClientForge
[15Jun2025 17:05:24.170] [main/DEBUG] [net.minecraftforge.fml.javafmlmod.FMLJavaModLanguageProvider/LOADING]: Loading FMLModContainer from classloader cpw.mods.modlauncher.TransformingClassLoader@74f280bd - got cpw.mods.cl.ModuleClassLoader@20095ab4
[15Jun2025 17:05:24.170] [main/DEBUG] [net.minecraftforge.fml.javafmlmod.FMLModContainer/LOADING]: Creating FMLModContainer instance for tech.alexnijjar.endermanoverhaul.forge.EndermanOverhaulForge
[15Jun2025 17:05:24.171] [main/DEBUG] [net.minecraftforge.fml.javafmlmod.FMLJavaModLanguageProvider/LOADING]: Loading FMLModContainer from classloader cpw.mods.modlauncher.TransformingClassLoader@74f280bd - got cpw.mods.cl.ModuleClassLoader@20095ab4
[15Jun2025 17:05:24.171] [main/DEBUG] [net.minecraftforge.fml.javafmlmod.FMLModContainer/LOADING]: Creating FMLModContainer instance for team.creative.ambientsounds.AmbientSounds
[15Jun2025 17:05:24.212] [main/INFO] [org.groovymc.gml.internal.ModExtensionLoader/]: Skipping extension class org.groovymc.cgl.api.extension.client.MinecraftExtensions: it requires dist CLIENT, but we're running on DEDICATED_SERVER
[15Jun2025 17:05:24.281] [main/DEBUG] [mixin/]: Mixing accessor.RecipeManagerAccessor from farmersdelight.mixins.json into net.minecraft.world.item.crafting.RecipeManager
[15Jun2025 17:05:24.365] [main/DEBUG] [org.groovymc.gml.GModContainer/]: Loaded GMod class org.groovymc.gml.mod.GMLMod on loader cpw.mods.modlauncher.TransformingClassLoader@74f280bd and module module gml
[15Jun2025 17:05:24.366] [main/DEBUG] [net.minecraftforge.fml.javafmlmod.FMLJavaModLanguageProvider/LOADING]: Loading FMLModContainer from classloader cpw.mods.modlauncher.TransformingClassLoader@74f280bd - got cpw.mods.cl.ModuleClassLoader@20095ab4
[15Jun2025 17:05:24.366] [main/DEBUG] [net.minecraftforge.fml.javafmlmod.FMLModContainer/LOADING]: Creating FMLModContainer instance for team.creative.creativecore.CreativeCore
[15Jun2025 17:05:24.367] [main/DEBUG] [net.minecraftforge.fml.javafmlmod.FMLJavaModLanguageProvider/LOADING]: Loading FMLModContainer from classloader cpw.mods.modlauncher.TransformingClassLoader@74f280bd - got cpw.mods.cl.ModuleClassLoader@20095ab4
[15Jun2025 17:05:24.367] [main/DEBUG] [net.minecraftforge.fml.javafmlmod.FMLModContainer/LOADING]: Creating FMLModContainer instance for studio.lunareclipse.watching.Init
[15Jun2025 17:05:24.367] [main/DEBUG] [net.minecraftforge.fml.javafmlmod.FMLJavaModLanguageProvider/LOADING]: Loading FMLModContainer from classloader cpw.mods.modlauncher.TransformingClassLoader@74f280bd - got cpw.mods.cl.ModuleClassLoader@20095ab4
[15Jun2025 17:05:24.367] [main/DEBUG] [net.minecraftforge.fml.javafmlmod.FMLModContainer/LOADING]: Creating FMLModContainer instance for com.teamresourceful.resourcefulconfig.forge.ResourcefulconfigForge
[15Jun2025 17:05:24.368] [main/DEBUG] [net.minecraftforge.fml.javafmlmod.FMLJavaModLanguageProvider/LOADING]: Loading FMLModContainer from classloader cpw.mods.modlauncher.TransformingClassLoader@74f280bd - got cpw.mods.cl.ModuleClassLoader@20095ab4
[15Jun2025 17:05:24.368] [main/DEBUG] [net.minecraftforge.fml.javafmlmod.FMLModContainer/LOADING]: Creating FMLModContainer instance for fuzs.hangglider.HangGliderForge
[15Jun2025 17:05:24.368] [main/DEBUG] [net.minecraftforge.fml.javafmlmod.FMLJavaModLanguageProvider/LOADING]: Loading FMLModContainer from classloader cpw.mods.modlauncher.TransformingClassLoader@74f280bd - got cpw.mods.cl.ModuleClassLoader@20095ab4
[15Jun2025 17:05:24.368] [main/DEBUG] [net.minecraftforge.fml.javafmlmod.FMLModContainer/LOADING]: Creating FMLModContainer instance for com.github.L_Ender.lionfishapi.LionfishAPI
[15Jun2025 17:05:24.369] [main/DEBUG] [net.minecraftforge.fml.javafmlmod.FMLJavaModLanguageProvider/LOADING]: Loading FMLModContainer from classloader cpw.mods.modlauncher.TransformingClassLoader@74f280bd - got cpw.mods.cl.ModuleClassLoader@20095ab4
[15Jun2025 17:05:24.369] [main/DEBUG] [net.minecraftforge.fml.javafmlmod.FMLModContainer/LOADING]: Creating FMLModContainer instance for com.github.L_Ender.cataclysm.Cataclysm
[15Jun2025 17:05:24.370] [main/DEBUG] [net.minecraftforge.fml.javafmlmod.FMLJavaModLanguageProvider/LOADING]: Loading FMLModContainer from classloader cpw.mods.modlauncher.TransformingClassLoader@74f280bd - got cpw.mods.cl.ModuleClassLoader@20095ab4
[15Jun2025 17:05:24.370] [main/DEBUG] [net.minecraftforge.fml.javafmlmod.FMLModContainer/LOADING]: Creating FMLModContainer instance for top.theillusivec4.curios.Curios
[15Jun2025 17:05:24.371] [main/DEBUG] [org.groovymc.gml.GModContainer/]: Loaded GMod class org.groovymc.cgl.impl.forge.CGLForge on loader cpw.mods.modlauncher.TransformingClassLoader@74f280bd and module module commongroovylibrary
[15Jun2025 17:05:24.371] [main/DEBUG] [net.minecraftforge.fml.lowcodemod.LowCodeModLanguageProvider.LowCodeModTarget/LOADING]: Loading LowCodeModContainer from classloader cpw.mods.modlauncher.TransformingClassLoader@74f280bd - got cpw.mods.cl.ModuleClassLoader@20095ab4
[15Jun2025 17:05:24.372] [main/DEBUG] [net.minecraftforge.fml.lowcodemod.LowCodeModContainer/LOADING]: Creating LowCodeModContainer for mr_dungeons_andtaverns
[15Jun2025 17:05:24.372] [main/DEBUG] [net.minecraftforge.fml.javafmlmod.FMLJavaModLanguageProvider/LOADING]: Loading FMLModContainer from classloader cpw.mods.modlauncher.TransformingClassLoader@74f280bd - got cpw.mods.cl.ModuleClassLoader@20095ab4
[15Jun2025 17:05:24.372] [main/DEBUG] [net.minecraftforge.fml.javafmlmod.FMLModContainer/LOADING]: Creating FMLModContainer instance for dev.tr7zw.entityculling.EntityCullingBootstrap
[15Jun2025 17:05:24.372] [main/DEBUG] [net.minecraftforge.fml.javafmlmod.FMLJavaModLanguageProvider/LOADING]: Loading FMLModContainer from classloader cpw.mods.modlauncher.TransformingClassLoader@74f280bd - got cpw.mods.cl.ModuleClassLoader@20095ab4
[15Jun2025 17:05:24.372] [main/DEBUG] [net.minecraftforge.fml.javafmlmod.FMLModContainer/LOADING]: Creating FMLModContainer instance for com.teampotato.doespotatotick.DoesPotatoTick
[15Jun2025 17:05:24.374] [main/DEBUG] [net.minecraftforge.fml.javafmlmod.FMLJavaModLanguageProvider/LOADING]: Loading FMLModContainer from classloader cpw.mods.modlauncher.TransformingClassLoader@74f280bd - got cpw.mods.cl.ModuleClassLoader@20095ab4
[15Jun2025 17:05:24.374] [main/DEBUG] [net.minecraftforge.fml.javafmlmod.FMLModContainer/LOADING]: Creating FMLModContainer instance for com.jtorleonstudios.bettervillage.Main
[15Jun2025 17:05:24.374] [main/DEBUG] [net.minecraftforge.fml.javafmlmod.FMLJavaModLanguageProvider/LOADING]: Loading FMLModContainer from classloader cpw.mods.modlauncher.TransformingClassLoader@74f280bd - got cpw.mods.cl.ModuleClassLoader@20095ab4
[15Jun2025 17:05:24.374] [main/DEBUG] [net.minecraftforge.fml.javafmlmod.FMLModContainer/LOADING]: Creating FMLModContainer instance for com.teamresourceful.resourcefullib.forge.ResourcefulLibForge
[15Jun2025 17:05:24.375] [main/DEBUG] [net.minecraftforge.fml.javafmlmod.FMLJavaModLanguageProvider/LOADING]: Loading FMLModContainer from classloader cpw.mods.modlauncher.TransformingClassLoader@74f280bd - got cpw.mods.cl.ModuleClassLoader@20095ab4
[15Jun2025 17:05:24.375] [main/DEBUG] [net.minecraftforge.fml.javafmlmod.FMLModContainer/LOADING]: Creating FMLModContainer instance for net.raphimc.immediatelyfast.forge.ImmediatelyFastForge
[15Jun2025 17:05:24.376] [main/DEBUG] [org.groovymc.gml.GModContainer/]: Loaded GMod class com.matyrobbrt.eatinganimation.EatingAnimation on loader cpw.mods.modlauncher.TransformingClassLoader@74f280bd and module module eatinganimation
[15Jun2025 17:05:24.376] [main/DEBUG] [net.minecraftforge.fml.javafmlmod.FMLJavaModLanguageProvider/LOADING]: Loading FMLModContainer from classloader cpw.mods.modlauncher.TransformingClassLoader@74f280bd - got cpw.mods.cl.ModuleClassLoader@20095ab4
[15Jun2025 17:05:24.376] [main/DEBUG] [net.minecraftforge.fml.javafmlmod.FMLModContainer/LOADING]: Creating FMLModContainer instance for com.kyanite.deeperdarker.DeeperDarker
[15Jun2025 17:05:24.377] [main/DEBUG] [net.minecraftforge.fml.javafmlmod.FMLJavaModLanguageProvider/LOADING]: Loading FMLModContainer from classloader cpw.mods.modlauncher.TransformingClassLoader@74f280bd - got cpw.mods.cl.ModuleClassLoader@20095ab4
[15Jun2025 17:05:24.377] [main/DEBUG] [net.minecraftforge.fml.javafmlmod.FMLModContainer/LOADING]: Creating FMLModContainer instance for tech.thatgravyboat.creeperoverhaul.forge.CreepersForge
[15Jun2025 17:05:24.378] [main/DEBUG] [net.minecraftforge.fml.javafmlmod.FMLJavaModLanguageProvider/LOADING]: Loading FMLModContainer from classloader cpw.mods.modlauncher.TransformingClassLoader@74f280bd - got cpw.mods.cl.ModuleClassLoader@20095ab4
[15Jun2025 17:05:24.378] [main/DEBUG] [net.minecraftforge.fml.javafmlmod.FMLModContainer/LOADING]: Creating FMLModContainer instance for dev.architectury.forge.ArchitecturyForge
[15Jun2025 17:05:24.378] [main/DEBUG] [net.minecraftforge.fml.javafmlmod.FMLJavaModLanguageProvider/LOADING]: Loading FMLModContainer from classloader cpw.mods.modlauncher.TransformingClassLoader@74f280bd - got cpw.mods.cl.ModuleClassLoader@20095ab4
[15Jun2025 17:05:24.378] [main/DEBUG] [net.minecraftforge.fml.javafmlmod.FMLModContainer/LOADING]: Creating FMLModContainer instance for com.github.nyuppo.MoreMobVariants
[15Jun2025 17:05:24.379] [main/DEBUG] [net.minecraftforge.fml.javafmlmod.FMLJavaModLanguageProvider/LOADING]: Loading FMLModContainer from classloader cpw.mods.modlauncher.TransformingClassLoader@74f280bd - got cpw.mods.cl.ModuleClassLoader@20095ab4
[15Jun2025 17:05:24.379] [main/DEBUG] [net.minecraftforge.fml.javafmlmod.FMLModContainer/LOADING]: Creating FMLModContainer instance for malte0811.ferritecore.ModMainForge
[15Jun2025 17:05:24.380] [main/DEBUG] [net.minecraftforge.fml.javafmlmod.FMLJavaModLanguageProvider/LOADING]: Loading FMLModContainer from classloader cpw.mods.modlauncher.TransformingClassLoader@74f280bd - got cpw.mods.cl.ModuleClassLoader@20095ab4
[15Jun2025 17:05:24.380] [main/DEBUG] [net.minecraftforge.fml.javafmlmod.FMLModContainer/LOADING]: Creating FMLModContainer instance for com.cupboard.Cupboard
[15Jun2025 17:05:24.380] [main/DEBUG] [net.minecraftforge.fml.javafmlmod.FMLJavaModLanguageProvider/LOADING]: Loading FMLModContainer from classloader cpw.mods.modlauncher.TransformingClassLoader@74f280bd - got cpw.mods.cl.ModuleClassLoader@20095ab4
[15Jun2025 17:05:24.380] [main/DEBUG] [net.minecraftforge.fml.javafmlmod.FMLModContainer/LOADING]: Creating FMLModContainer instance for fuzs.puzzleslib.impl.PuzzlesLibForge
[15Jun2025 17:05:24.381] [main/DEBUG] [net.minecraftforge.fml.javafmlmod.FMLJavaModLanguageProvider/LOADING]: Loading FMLModContainer from classloader cpw.mods.modlauncher.TransformingClassLoader@74f280bd - got cpw.mods.cl.ModuleClassLoader@20095ab4
[15Jun2025 17:05:24.381] [main/DEBUG] [net.minecraftforge.fml.javafmlmod.FMLModContainer/LOADING]: Creating FMLModContainer instance for com.yungnickyoung.minecraft.bettermineshafts.BetterMineshaftsForge
[15Jun2025 17:05:24.381] [main/DEBUG] [net.minecraftforge.fml.javafmlmod.FMLJavaModLanguageProvider/LOADING]: Loading FMLModContainer from classloader cpw.mods.modlauncher.TransformingClassLoader@74f280bd - got cpw.mods.cl.ModuleClassLoader@20095ab4
[15Jun2025 17:05:24.381] [main/DEBUG] [net.minecraftforge.fml.javafmlmod.FMLModContainer/LOADING]: Creating FMLModContainer instance for betteradvancements.forge.BetterAdvancements
[15Jun2025 17:05:24.399] [modloading-worker-0/DEBUG] [net.minecraftforge.fml.javafmlmod.AutomaticEventSubscriber/LOADING]: Attempting to inject @EventBusSubscriber classes into the eventbus for skyvillages
[15Jun2025 17:05:24.411] [modloading-worker-0/DEBUG] [net.minecraftforge.fml.javafmlmod.AutomaticEventSubscriber/LOADING]: Attempting to inject @EventBusSubscriber classes into the eventbus for easymagic
[15Jun2025 17:05:24.423] [modloading-worker-0/DEBUG] [net.minecraftforge.fml.config.ConfigTracker/CONFIG]: Config file weaponmaster_ydm-common.toml for weaponmaster_ydm tracking
[15Jun2025 17:05:24.423] [modloading-worker-0/DEBUG] [net.minecraftforge.fml.javafmlmod.AutomaticEventSubscriber/LOADING]: Attempting to inject @EventBusSubscriber classes into the eventbus for weaponmaster_ydm
[15Jun2025 17:05:24.424] [modloading-worker-0/DEBUG] [net.minecraftforge.fml.javafmlmod.AutomaticEventSubscriber/LOADING]: Auto-subscribing fuzs.easymagic.EasyMagicForge to MOD
[15Jun2025 17:05:24.424] [modloading-worker-0/DEBUG] [net.minecraftforge.fml.javafmlmod.AutomaticEventSubscriber/LOADING]: Auto-subscribing com.minecraftserverzone.weaponmaster.setup.events_on_server.ModEvents to MOD
[15Jun2025 17:05:24.441] [modloading-worker-0/DEBUG] [net.minecraftforge.fml.javafmlmod.AutomaticEventSubscriber/LOADING]: Auto-subscribing com.minecraftserverzone.weaponmaster.setup.events_on_server.ForgeEvents to FORGE
[15Jun2025 17:05:24.447] [modloading-worker-0/DEBUG] [net.minecraftforge.fml.config.ConfigTracker/CONFIG]: Config file inventorysorter-server.toml for inventorysorter tracking
[15Jun2025 17:05:24.453] [modloading-worker-0/DEBUG] [net.minecraftforge.fml.config.ConfigTracker/CONFIG]: Config file inventorysorter-client.toml for inventorysorter tracking
[15Jun2025 17:05:24.462] [modloading-worker-0/DEBUG] [net.minecraftforge.fml.javafmlmod.AutomaticEventSubscriber/LOADING]: Attempting to inject @EventBusSubscriber classes into the eventbus for inventorysorter
[15Jun2025 17:05:24.480] [modloading-worker-0/DEBUG] [net.minecraftforge.fml.config.ConfigTracker/CONFIG]: Config file jei-server.toml for jei tracking
[15Jun2025 17:05:24.484] [modloading-worker-0/DEBUG] [net.minecraftforge.fml.javafmlmod.AutomaticEventSubscriber/LOADING]: Attempting to inject @EventBusSubscriber classes into the eventbus for geckolib
[15Jun2025 17:05:24.485] [modloading-worker-0/DEBUG] [net.minecraftforge.fml.javafmlmod.AutomaticEventSubscriber/LOADING]: Auto-subscribing software.bernie.example.GeckoLibMod to FORGE
[15Jun2025 17:05:24.485] [modloading-worker-0/DEBUG] [net.minecraftforge.fml.javafmlmod.AutomaticEventSubscriber/LOADING]: Auto-subscribing software.bernie.example.CommonListener to MOD
[15Jun2025 17:05:24.501] [modloading-worker-0/DEBUG] [net.minecraftforge.fml.javafmlmod.AutomaticEventSubscriber/LOADING]: Attempting to inject @EventBusSubscriber classes into the eventbus for jei
[15Jun2025 17:05:24.505] [modloading-worker-0/DEBUG] [net.minecraftforge.fml.javafmlmod.AutomaticEventSubscriber/LOADING]: Attempting to inject @EventBusSubscriber classes into the eventbus for incendium
[15Jun2025 17:05:24.506] [modloading-worker-0/INFO] [Puzzles Lib/]: Constructing common components for easymagic:main
[15Jun2025 17:05:24.516] [modloading-worker-0/DEBUG] [net.minecraftforge.fml.javafmlmod.AutomaticEventSubscriber/LOADING]: Attempting to inject @EventBusSubscriber classes into the eventbus for sound_physics_remastered
[15Jun2025 17:05:24.521] [modloading-worker-0/INFO] [com.jtorleonstudios.libraryferret.LibraryFerret/]: Initialize mod Library Ferret
[15Jun2025 17:05:24.526] [modloading-worker-0/DEBUG] [net.minecraftforge.fml.javafmlmod.AutomaticEventSubscriber/LOADING]: Attempting to inject @EventBusSubscriber classes into the eventbus for structureessentials
[15Jun2025 17:05:24.527] [modloading-worker-0/WARN] [fallingleaves/]: Falling Leaves is a client only mod and should be removed from the mods list
[15Jun2025 17:05:24.531] [modloading-worker-0/DEBUG] [net.minecraftforge.fml.javafmlmod.AutomaticEventSubscriber/LOADING]: Attempting to inject @EventBusSubscriber classes into the eventbus for fallingleaves
[15Jun2025 17:05:24.532] [modloading-worker-0/DEBUG] [net.minecraftforge.fml.javafmlmod.AutomaticEventSubscriber/LOADING]: Attempting to inject @EventBusSubscriber classes into the eventbus for clumps
[15Jun2025 17:05:24.552] [modloading-worker-0/DEBUG] [net.minecraftforge.fml.config.ConfigTracker/CONFIG]: Config file easymagic-server.toml for easymagic tracking
[15Jun2025 17:05:24.553] [modloading-worker-0/INFO] [com.jtorleonstudios.libraryferret.LibraryFerret/]: Initialized mod Library Ferret
[15Jun2025 17:05:24.557] [modloading-worker-0/DEBUG] [net.minecraftforge.fml.javafmlmod.AutomaticEventSubscriber/LOADING]: Attempting to inject @EventBusSubscriber classes into the eventbus for libraryferret
[15Jun2025 17:05:24.557] [modloading-worker-0/DEBUG] [net.minecraftforge.fml.javafmlmod.AutomaticEventSubscriber/LOADING]: Auto-subscribing com.jtorleonstudios.libraryferret.CommonEvent to FORGE
[15Jun2025 17:05:24.601] [modloading-worker-0/DEBUG] [net.minecraftforge.fml.config.ConfigTracker/CONFIG]: Config file travelersbackpack-common.toml for travelersbackpack tracking
[15Jun2025 17:05:24.604] [modloading-worker-0/DEBUG] [net.minecraftforge.fml.config.ConfigTracker/CONFIG]: Config file travelersbackpack-client.toml for travelersbackpack tracking
[15Jun2025 17:05:24.617] [modloading-worker-0/DEBUG] [betterfortresses/]: Loaded com.yungnickyoung.minecraft.betterfortresses.services.ForgePlatformHelper@5b5373cc for service interface com.yungnickyoung.minecraft.betterfortresses.services.IPlatformHelper
[15Jun2025 17:05:24.621] [modloading-worker-0/DEBUG] [betterfortresses/]: Loaded com.yungnickyoung.minecraft.betterfortresses.services.ForgeModulesLoader@61790395 for service interface com.yungnickyoung.minecraft.betterfortresses.services.IModulesLoader
[15Jun2025 17:05:24.622] [modloading-worker-0/DEBUG] [betterfortresses/]: Loaded com.yungnickyoung.minecraft.betterfortresses.services.ForgeProcessorProvider@17a88a41 for service interface com.yungnickyoung.minecraft.betterfortresses.services.IProcessorProvider
[15Jun2025 17:05:24.627] [modloading-worker-0/DEBUG] [net.minecraftforge.fml.javafmlmod.AutomaticEventSubscriber/LOADING]: Attempting to inject @EventBusSubscriber classes into the eventbus for mixinextras
[15Jun2025 17:05:24.629] [modloading-worker-0/DEBUG] [net.minecraftforge.fml.javafmlmod.AutomaticEventSubscriber/LOADING]: Attempting to inject @EventBusSubscriber classes into the eventbus for myserveriscompatible
[15Jun2025 17:05:24.629] [modloading-worker-0/DEBUG] [net.minecraftforge.fml.javafmlmod.AutomaticEventSubscriber/LOADING]: Attempting to inject @EventBusSubscriber classes into the eventbus for pickupnotifier
[15Jun2025 17:05:24.629] [modloading-worker-0/DEBUG] [net.minecraftforge.fml.javafmlmod.AutomaticEventSubscriber/LOADING]: Auto-subscribing fuzs.pickupnotifier.PickUpNotifierForge to MOD
[15Jun2025 17:05:24.636] [modloading-worker-0/INFO] [Puzzles Lib/]: Constructing common components for pickupnotifier:main
[15Jun2025 17:05:24.643] [modloading-worker-0/DEBUG] [net.minecraftforge.fml.config.ConfigTracker/CONFIG]: Config file pickupnotifier/pickupnotifier-server.toml for pickupnotifier tracking
[15Jun2025 17:05:24.677] [modloading-worker-0/DEBUG] [Carry On/]: Loaded tschipp.carryon.platform.ForgePlatformHelper@5beadcda for service interface tschipp.carryon.platform.services.IPlatformHelper
[15Jun2025 17:05:24.678] [modloading-worker-0/DEBUG] [Carry On/]: Loaded tschipp.carryon.platform.ForgeGamestagesHelper@2516f285 for service interface tschipp.carryon.platform.services.IGamestagePlatformHelper
[15Jun2025 17:05:24.686] [modloading-worker-0/DEBUG] [net.minecraftforge.fml.config.ConfigTracker/CONFIG]: Config file carryon-common.toml for carryon tracking
[15Jun2025 17:05:24.687] [modloading-worker-0/DEBUG] [net.minecraftforge.fml.config.ConfigTracker/CONFIG]: Config file carryon-client.toml for carryon tracking
[15Jun2025 17:05:24.687] [modloading-worker-0/DEBUG] [net.minecraftforge.fml.javafmlmod.AutomaticEventSubscriber/LOADING]: Attempting to inject @EventBusSubscriber classes into the eventbus for carryon
[15Jun2025 17:05:24.687] [modloading-worker-0/DEBUG] [net.minecraftforge.fml.javafmlmod.AutomaticEventSubscriber/LOADING]: Auto-subscribing tschipp.carryon.CarryOnForge to MOD
[15Jun2025 17:05:24.687] [modloading-worker-0/DEBUG] [net.minecraftforge.fml.javafmlmod.AutomaticEventSubscriber/LOADING]: Auto-subscribing tschipp.carryon.events.CommonEvents to FORGE
[15Jun2025 17:05:24.700] [modloading-worker-0/DEBUG] [net.minecraftforge.fml.javafmlmod.AutomaticEventSubscriber/LOADING]: Attempting to inject @EventBusSubscriber classes into the eventbus for travelersbackpack
[15Jun2025 17:05:24.700] [modloading-worker-0/DEBUG] [net.minecraftforge.fml.javafmlmod.AutomaticEventSubscriber/LOADING]: Auto-subscribing com.tiviacz.travelersbackpack.handlers.ModEventHandler to MOD
[15Jun2025 17:05:24.713] [modloading-worker-0/DEBUG] [net.minecraftforge.fml.javafmlmod.AutomaticEventSubscriber/LOADING]: Attempting to inject @EventBusSubscriber classes into the eventbus for yungsapi
[15Jun2025 17:05:24.716] [modloading-worker-0/DEBUG] [net.minecraftforge.fml.javafmlmod.AutomaticEventSubscriber/LOADING]: Attempting to inject @EventBusSubscriber classes into the eventbus for puzzlesaccessapi
[15Jun2025 17:05:24.716] [modloading-worker-0/DEBUG] [net.minecraftforge.fml.javafmlmod.AutomaticEventSubscriber/LOADING]: Auto-subscribing com.tiviacz.travelersbackpack.handlers.ForgeEventHandler to FORGE
[15Jun2025 17:05:24.719] [modloading-worker-0/DEBUG] [net.minecraftforge.fml.javafmlmod.AutomaticEventSubscriber/LOADING]: Auto-subscribing tschipp.carryon.events.ModBusEvents to MOD
[15Jun2025 17:05:24.723] [modloading-worker-0/DEBUG] [net.minecraftforge.fml.javafmlmod.AutomaticEventSubscriber/LOADING]: Attempting to inject @EventBusSubscriber classes into the eventbus for dungeons_arise_seven_seas
[15Jun2025 17:05:24.725] [modloading-worker-0/DEBUG] [net.minecraftforge.versions.forge.ForgeVersion/CORE]: Forge Version package package net.minecraftforge.versions.forge, Forge, version 47.3 from cpw.mods.modlauncher.TransformingClassLoader@74f280bd
[15Jun2025 17:05:24.726] [modloading-worker-0/DEBUG] [net.minecraftforge.versions.forge.ForgeVersion/CORE]: Found Forge version 47.3.7
[15Jun2025 17:05:24.726] [modloading-worker-0/DEBUG] [net.minecraftforge.versions.forge.ForgeVersion/CORE]: Found Forge spec 47.3
[15Jun2025 17:05:24.726] [modloading-worker-0/DEBUG] [net.minecraftforge.versions.forge.ForgeVersion/CORE]: Found Forge group net.minecraftforge
[15Jun2025 17:05:24.728] [modloading-worker-0/DEBUG] [net.minecraftforge.versions.mcp.MCPVersion/CORE]: MCP Version package package net.minecraftforge.versions.mcp, Minecraft, version 1.20.1 from cpw.mods.modlauncher.TransformingClassLoader@74f280bd
[15Jun2025 17:05:24.729] [modloading-worker-0/DEBUG] [net.minecraftforge.versions.mcp.MCPVersion/CORE]: Found MC version information 1.20.1
[15Jun2025 17:05:24.730] [modloading-worker-0/DEBUG] [net.minecraftforge.versions.mcp.MCPVersion/CORE]: Found MCP version information 20230612.114412
[15Jun2025 17:05:24.730] [modloading-worker-0/INFO] [net.minecraftforge.common.ForgeMod/FORGEMOD]: Forge mod loading, version 47.3.7, for MC 1.20.1 with MCP 20230612.114412
[15Jun2025 17:05:24.730] [modloading-worker-0/INFO] [net.minecraftforge.common.MinecraftForge/FORGE]: MinecraftForge v47.3.7 Initialized
[15Jun2025 17:05:24.741] [modloading-worker-0/DEBUG] [net.minecraftforge.fml.config.ConfigTracker/CONFIG]: Config file betterfortresses-forge-1_20.toml for betterfortresses tracking
[15Jun2025 17:05:24.743] [modloading-worker-0/DEBUG] [mixin/]: Mixing MixinLevelEvent from architectury.mixins.json into net.minecraftforge.event.level.LevelEvent
[15Jun2025 17:05:24.747] [modloading-worker-0/DEBUG] [net.minecraftforge.fml.javafmlmod.AutomaticEventSubscriber/LOADING]: Attempting to inject @EventBusSubscriber classes into the eventbus for betterfortresses
[15Jun2025 17:05:24.761] [modloading-worker-0/DEBUG] [net.minecraftforge.fml.javafmlmod.AutomaticEventSubscriber/LOADING]: Attempting to inject @EventBusSubscriber classes into the eventbus for rubidium
[15Jun2025 17:05:24.762] [modloading-worker-0/DEBUG] [net.minecraftforge.fml.javafmlmod.AutomaticEventSubscriber/LOADING]: Attempting to inject @EventBusSubscriber classes into the eventbus for embeddium
[15Jun2025 17:05:24.763] [modloading-worker-0/DEBUG] [net.minecraftforge.fml.javafmlmod.AutomaticEventSubscriber/LOADING]: Attempting to inject @EventBusSubscriber classes into the eventbus for dungeons_arise
[15Jun2025 17:05:24.786] [modloading-worker-0/DEBUG] [net.minecraftforge.fml.config.ConfigTracker/CONFIG]: Config file farmersdelight-common.toml for farmersdelight tracking
[15Jun2025 17:05:24.789] [modloading-worker-0/DEBUG] [net.minecraftforge.fml.config.ConfigTracker/CONFIG]: Config file farmersdelight-client.toml for farmersdelight tracking
[15Jun2025 17:05:24.822] [modloading-worker-0/DEBUG] [mixin/]: Mixing accessor.CriteriaTriggersAccessor from yungsapi.mixins.json into net.minecraft.advancements.CriteriaTriggers
[15Jun2025 17:05:24.823] [modloading-worker-0/DEBUG] [mixin/]: Renaming @Accessor method getValues()Ljava/util/Map; to getValues_$md$23ebb4$0 in yungsapi.mixins.json:accessor.CriteriaTriggersAccessor
[15Jun2025 17:05:24.827] [modloading-worker-0/DEBUG] [net.minecraftforge.fml.config.ConfigTracker/CONFIG]: Config file naturalist.toml for naturalist tracking
[15Jun2025 17:05:24.837] [modloading-worker-0/DEBUG] [io.netty.util.internal.PlatformDependent0/]: -Dio.netty.noUnsafe: false
[15Jun2025 17:05:24.840] [modloading-worker-0/DEBUG] [io.netty.util.internal.PlatformDependent0/]: Java version: 17
[15Jun2025 17:05:24.841] [modloading-worker-0/DEBUG] [io.netty.util.internal.PlatformDependent0/]: sun.misc.Unsafe.theUnsafe: available
[15Jun2025 17:05:24.844] [modloading-worker-0/DEBUG] [io.netty.util.internal.PlatformDependent0/]: sun.misc.Unsafe.copyMemory: available
[15Jun2025 17:05:24.845] [modloading-worker-0/DEBUG] [io.netty.util.internal.PlatformDependent0/]: sun.misc.Unsafe.storeFence: available
[15Jun2025 17:05:24.845] [modloading-worker-0/DEBUG] [io.netty.util.internal.PlatformDependent0/]: java.nio.Buffer.address: available
[15Jun2025 17:05:24.845] [modloading-worker-0/DEBUG] [io.netty.util.internal.PlatformDependent0/]: direct buffer constructor: unavailable
java.lang.UnsupportedOperationException: Reflective setAccessible(true) disabled
	at io.netty.util.internal.ReflectionUtil.trySetAccessible(ReflectionUtil.java:31) ~[netty-common-4.1.82.Final.jar%2380!/:4.1.82.Final]
	at io.netty.util.internal.PlatformDependent0$5.run(PlatformDependent0.java:288) ~[netty-common-4.1.82.Final.jar%2380!/:4.1.82.Final]
	at java.security.AccessController.doPrivileged(AccessController.java:318) ~[?:?]
	at io.netty.util.internal.PlatformDependent0.<clinit>(PlatformDependent0.java:282) ~[netty-common-4.1.82.Final.jar%2380!/:4.1.82.Final]
	at io.netty.util.internal.PlatformDependent.isAndroid(PlatformDependent.java:333) ~[netty-common-4.1.82.Final.jar%2380!/:4.1.82.Final]
	at io.netty.util.internal.PlatformDependent.<clinit>(PlatformDependent.java:88) ~[netty-common-4.1.82.Final.jar%2380!/:4.1.82.Final]
	at io.netty.util.ConstantPool.<init>(ConstantPool.java:34) ~[netty-common-4.1.82.Final.jar%2380!/:4.1.82.Final]
	at io.netty.util.AttributeKey$1.<init>(AttributeKey.java:27) ~[netty-common-4.1.82.Final.jar%2380!/:4.1.82.Final]
	at io.netty.util.AttributeKey.<clinit>(AttributeKey.java:27) ~[netty-common-4.1.82.Final.jar%2380!/:4.1.82.Final]
	at net.minecraftforge.network.NetworkConstants.<clinit>(NetworkConstants.java:34) ~[forge-1.20.1-47.3.7-universal.jar%23210!/:?]
	at net.minecraftforge.common.ForgeMod.<init>(ForgeMod.java:429) ~[forge-1.20.1-47.3.7-universal.jar%23210!/:?]
	at jdk.internal.reflect.NativeConstructorAccessorImpl.newInstance0(Native Method) ~[?:?]
	at jdk.internal.reflect.NativeConstructorAccessorImpl.newInstance(NativeConstructorAccessorImpl.java:77) ~[?:?]
	at jdk.internal.reflect.DelegatingConstructorAccessorImpl.newInstance(DelegatingConstructorAccessorImpl.java:45) ~[?:?]
	at java.lang.reflect.Constructor.newInstanceWithCaller(Constructor.java:500) ~[?:?]
	at java.lang.reflect.Constructor.newInstance(Constructor.java:481) ~[?:?]
	at net.minecraftforge.fml.javafmlmod.FMLModContainer.constructMod(FMLModContainer.java:70) ~[javafmllanguage-1.20.1-47.3.7.jar%23207!/:?]
	at net.minecraftforge.fml.ModContainer.lambda$buildTransitionHandler$4(ModContainer.java:124) ~[fmlcore-1.20.1-47.3.7.jar%23206!/:?]
	at java.util.concurrent.CompletableFuture$AsyncRun.run(CompletableFuture.java:1804) ~[?:?]
	at java.util.concurrent.CompletableFuture$AsyncRun.exec(CompletableFuture.java:1796) ~[?:?]
	at java.util.concurrent.ForkJoinTask.doExec(ForkJoinTask.java:373) ~[?:?]
	at java.util.concurrent.ForkJoinPool$WorkQueue.topLevelExec(ForkJoinPool.java:1182) ~[?:?]
	at java.util.concurrent.ForkJoinPool.scan(ForkJoinPool.java:1655) ~[?:?]
	at java.util.concurrent.ForkJoinPool.runWorker(ForkJoinPool.java:1622) ~[?:?]
	at java.util.concurrent.ForkJoinWorkerThread.run(ForkJoinWorkerThread.java:165) ~[?:?]
[15Jun2025 17:05:24.847] [modloading-worker-0/DEBUG] [io.netty.util.internal.PlatformDependent0/]: java.nio.Bits.unaligned: available, true
[15Jun2025 17:05:24.849] [modloading-worker-0/DEBUG] [net.minecraftforge.fml.javafmlmod.AutomaticEventSubscriber/LOADING]: Attempting to inject @EventBusSubscriber classes into the eventbus for naturalist
[15Jun2025 17:05:24.849] [modloading-worker-0/DEBUG] [net.minecraftforge.fml.javafmlmod.AutomaticEventSubscriber/LOADING]: Auto-subscribing com.starfish_studios.naturalist.forge.NaturalistForgeClient to MOD
[15Jun2025 17:05:24.849] [modloading-worker-0/DEBUG] [io.netty.util.internal.PlatformDependent0/]: jdk.internal.misc.Unsafe.allocateUninitializedArray(int): unavailable
java.lang.IllegalAccessException: class io.netty.util.internal.PlatformDependent0$7 (in module io.netty.common) cannot access class jdk.internal.misc.Unsafe (in module java.base) because module java.base does not export jdk.internal.misc to module io.netty.common
	at jdk.internal.reflect.Reflection.newIllegalAccessException(Reflection.java:392) ~[?:?]
	at java.lang.reflect.AccessibleObject.checkAccess(AccessibleObject.java:674) ~[?:?]
	at java.lang.reflect.Method.invoke(Method.java:561) ~[?:?]
	at io.netty.util.internal.PlatformDependent0$7.run(PlatformDependent0.java:410) ~[netty-common-4.1.82.Final.jar%2380!/:4.1.82.Final]
	at java.security.AccessController.doPrivileged(AccessController.java:318) ~[?:?]
	at io.netty.util.internal.PlatformDependent0.<clinit>(PlatformDependent0.java:401) ~[netty-common-4.1.82.Final.jar%2380!/:4.1.82.Final]
	at io.netty.util.internal.PlatformDependent.isAndroid(PlatformDependent.java:333) ~[netty-common-4.1.82.Final.jar%2380!/:4.1.82.Final]
	at io.netty.util.internal.PlatformDependent.<clinit>(PlatformDependent.java:88) ~[netty-common-4.1.82.Final.jar%2380!/:4.1.82.Final]
	at io.netty.util.ConstantPool.<init>(ConstantPool.java:34) ~[netty-common-4.1.82.Final.jar%2380!/:4.1.82.Final]
	at io.netty.util.AttributeKey$1.<init>(AttributeKey.java:27) ~[netty-common-4.1.82.Final.jar%2380!/:4.1.82.Final]
	at io.netty.util.AttributeKey.<clinit>(AttributeKey.java:27) ~[netty-common-4.1.82.Final.jar%2380!/:4.1.82.Final]
	at net.minecraftforge.network.NetworkConstants.<clinit>(NetworkConstants.java:34) ~[forge-1.20.1-47.3.7-universal.jar%23210!/:?]
	at net.minecraftforge.common.ForgeMod.<init>(ForgeMod.java:429) ~[forge-1.20.1-47.3.7-universal.jar%23210!/:?]
	at jdk.internal.reflect.NativeConstructorAccessorImpl.newInstance0(Native Method) ~[?:?]
	at jdk.internal.reflect.NativeConstructorAccessorImpl.newInstance(NativeConstructorAccessorImpl.java:77) ~[?:?]
	at jdk.internal.reflect.DelegatingConstructorAccessorImpl.newInstance(DelegatingConstructorAccessorImpl.java:45) ~[?:?]
	at java.lang.reflect.Constructor.newInstanceWithCaller(Constructor.java:500) ~[?:?]
	at java.lang.reflect.Constructor.newInstance(Constructor.java:481) ~[?:?]
	at net.minecraftforge.fml.javafmlmod.FMLModContainer.constructMod(FMLModContainer.java:70) ~[javafmllanguage-1.20.1-47.3.7.jar%23207!/:?]
	at net.minecraftforge.fml.ModContainer.lambda$buildTransitionHandler$4(ModContainer.java:124) ~[fmlcore-1.20.1-47.3.7.jar%23206!/:?]
	at java.util.concurrent.CompletableFuture$AsyncRun.run(CompletableFuture.java:1804) ~[?:?]
	at java.util.concurrent.CompletableFuture$AsyncRun.exec(CompletableFuture.java:1796) ~[?:?]
	at java.util.concurrent.ForkJoinTask.doExec(ForkJoinTask.java:373) ~[?:?]
	at java.util.concurrent.ForkJoinPool$WorkQueue.topLevelExec(ForkJoinPool.java:1182) ~[?:?]
	at java.util.concurrent.ForkJoinPool.scan(ForkJoinPool.java:1655) ~[?:?]
	at java.util.concurrent.ForkJoinPool.runWorker(ForkJoinPool.java:1622) ~[?:?]
	at java.util.concurrent.ForkJoinWorkerThread.run(ForkJoinWorkerThread.java:165) ~[?:?]
[15Jun2025 17:05:24.853] [modloading-worker-0/DEBUG] [net.minecraftforge.fml.javafmlmod.AutomaticEventSubscriber/LOADING]: Attempting to inject @EventBusSubscriber classes into the eventbus for entity_texture_features
[15Jun2025 17:05:24.853] [modloading-worker-0/DEBUG] [io.netty.util.internal.PlatformDependent0/]: java.nio.DirectByteBuffer.<init>(long, int): unavailable
[15Jun2025 17:05:24.853] [modloading-worker-0/DEBUG] [io.netty.util.internal.PlatformDependent/]: sun.misc.Unsafe: available
[15Jun2025 17:05:24.854] [modloading-worker-0/DEBUG] [io.netty.util.internal.PlatformDependent/]: maxDirectMemory: 12884901888 bytes (maybe)
[15Jun2025 17:05:24.854] [modloading-worker-0/DEBUG] [io.netty.util.internal.PlatformDependent/]: -Dio.netty.tmpdir: /tmp (java.io.tmpdir)
[15Jun2025 17:05:24.854] [modloading-worker-0/DEBUG] [io.netty.util.internal.PlatformDependent/]: -Dio.netty.bitMode: 64 (sun.arch.data.model)
[15Jun2025 17:05:24.855] [modloading-worker-0/DEBUG] [io.netty.util.internal.PlatformDependent/]: -Dio.netty.maxDirectMemory: -1 bytes
[15Jun2025 17:05:24.856] [modloading-worker-0/DEBUG] [io.netty.util.internal.PlatformDependent/]: -Dio.netty.uninitializedArrayAllocationThreshold: -1
[15Jun2025 17:05:24.857] [modloading-worker-0/DEBUG] [io.netty.util.internal.CleanerJava9/]: java.nio.ByteBuffer.cleaner(): available
[15Jun2025 17:05:24.857] [modloading-worker-0/DEBUG] [io.netty.util.internal.PlatformDependent/]: -Dio.netty.noPreferDirect: false
[15Jun2025 17:05:24.921] [modloading-worker-0/DEBUG] [net.minecraftforge.common.ForgeMod/FORGEMOD]: Loading Network data for FML net version: FML3
[15Jun2025 17:05:24.955] [modloading-worker-0/DEBUG] [net.minecraftforge.fml.config.ConfigTracker/CONFIG]: Config file forge-client.toml for forge tracking
[15Jun2025 17:05:24.955] [modloading-worker-0/DEBUG] [net.minecraftforge.fml.config.ConfigTracker/CONFIG]: Config file forge-server.toml for forge tracking
[15Jun2025 17:05:24.955] [modloading-worker-0/DEBUG] [net.minecraftforge.fml.ModLoadingContext/]: Attempted to register an empty config for type COMMON on mod forge
[15Jun2025 17:05:24.985] [modloading-worker-0/DEBUG] [mixin/]: Mixing common.CustomGeoArmorItemMixin from endermanoverhaul.mixins.json into tech.alexnijjar.endermanoverhaul.common.items.base.CustomGeoArmorItem
[15Jun2025 17:05:24.987] [modloading-worker-0/DEBUG] [net.minecraftforge.fml.javafmlmod.AutomaticEventSubscriber/LOADING]: Attempting to inject @EventBusSubscriber classes into the eventbus for forge
[15Jun2025 17:05:24.991] [modloading-worker-0/DEBUG] [net.minecraftforge.fml.javafmlmod.AutomaticEventSubscriber/LOADING]: Auto-subscribing net.minecraftforge.common.ForgeSpawnEggItem$CommonHandler to MOD
[15Jun2025 17:05:24.997] [modloading-worker-0/DEBUG] [mixin/]: Mixing common.CorruptedShieldItemMixin from endermanoverhaul.mixins.json into tech.alexnijjar.endermanoverhaul.common.items.tools.CorruptedShieldItem
[15Jun2025 17:05:25.024] [modloading-worker-0/DEBUG] [net.minecraftforge.fml.javafmlmod.AutomaticEventSubscriber/LOADING]: Attempting to inject @EventBusSubscriber classes into the eventbus for friendsandfoes
[15Jun2025 17:05:25.030] [modloading-worker-0/DEBUG] [org.groovymc.gml.GModContainer/]: Loading mod class org.groovymc.gml.mod.GMLMod for gml
[15Jun2025 17:05:25.040] [modloading-worker-0/INFO] [gml/]: Initialised GML mod. Version: 4.0.9
[15Jun2025 17:05:25.041] [modloading-worker-0/DEBUG] [org.groovymc.gml.GModContainer/]: Successfully loaded mod gml
[15Jun2025 17:05:25.041] [modloading-worker-0/DEBUG] [org.groovymc.gml.GModContainer/]: Registering EventBusSubscribers for mod gml
[15Jun2025 17:05:25.043] [modloading-worker-0/DEBUG] [net.minecraftforge.fml.javafmlmod.AutomaticEventSubscriber/LOADING]: Attempting to inject @EventBusSubscriber classes into the eventbus for farmersdelight
[15Jun2025 17:05:25.044] [modloading-worker-0/DEBUG] [net.minecraftforge.fml.javafmlmod.AutomaticEventSubscriber/LOADING]: Auto-subscribing vectorwing.farmersdelight.data.DataGenerators to MOD
[15Jun2025 17:05:25.045] [modloading-worker-0/DEBUG] [org.groovymc.gml.GModContainer/]: Registered EventBusSubscribers for mod gml
[15Jun2025 17:05:25.045] [modloading-worker-0/DEBUG] [net.minecraftforge.fml.javafmlmod.AutomaticEventSubscriber/LOADING]: Auto-subscribing vectorwing.farmersdelight.common.item.SkilletItem$SkilletEvents to FORGE
[15Jun2025 17:05:25.047] [modloading-worker-0/DEBUG] [net.minecraftforge.fml.javafmlmod.AutomaticEventSubscriber/LOADING]: Auto-subscribing vectorwing.farmersdelight.common.item.KnifeItem$KnifeEvents to FORGE
[15Jun2025 17:05:25.053] [modloading-worker-0/DEBUG] [net.minecraftforge.fml.javafmlmod.AutomaticEventSubscriber/LOADING]: Auto-subscribing vectorwing.farmersdelight.common.item.HorseFeedItem$HorseFeedEvent to FORGE
[15Jun2025 17:05:25.055] [modloading-worker-0/DEBUG] [net.minecraftforge.fml.javafmlmod.AutomaticEventSubscriber/LOADING]: Auto-subscribing vectorwing.farmersdelight.common.item.enchantment.BackstabbingEnchantment$BackstabbingEvent to FORGE
[15Jun2025 17:05:25.055] [modloading-worker-0/DEBUG] [net.minecraftforge.fml.javafmlmod.AutomaticEventSubscriber/LOADING]: Attempting to inject @EventBusSubscriber classes into the eventbus for endermanoverhaul
[15Jun2025 17:05:25.056] [modloading-worker-0/DEBUG] [net.minecraftforge.fml.javafmlmod.AutomaticEventSubscriber/LOADING]: Attempting to inject @EventBusSubscriber classes into the eventbus for watching
[15Jun2025 17:05:25.056] [modloading-worker-0/DEBUG] [net.minecraftforge.fml.javafmlmod.AutomaticEventSubscriber/LOADING]: Auto-subscribing studio.lunareclipse.watching.Init to MOD
[15Jun2025 17:05:25.059] [modloading-worker-0/DEBUG] [net.minecraftforge.fml.javafmlmod.AutomaticEventSubscriber/LOADING]: Auto-subscribing vectorwing.farmersdelight.common.item.DogFoodItem$DogFoodEvent to FORGE
[15Jun2025 17:05:25.060] [modloading-worker-0/DEBUG] [net.minecraftforge.fml.javafmlmod.AutomaticEventSubscriber/LOADING]: Auto-subscribing vectorwing.farmersdelight.common.event.VillagerEvents to FORGE
[15Jun2025 17:05:25.063] [modloading-worker-0/DEBUG] [net.minecraftforge.fml.javafmlmod.AutomaticEventSubscriber/LOADING]: Auto-subscribing vectorwing.farmersdelight.common.event.SetupEvents to MOD
[15Jun2025 17:05:25.064] [modloading-worker-0/DEBUG] [net.minecraftforge.fml.javafmlmod.AutomaticEventSubscriber/LOADING]: Auto-subscribing vectorwing.farmersdelight.common.event.MappingEvents to FORGE
[15Jun2025 17:05:25.065] [modloading-worker-0/DEBUG] [net.minecraftforge.fml.javafmlmod.AutomaticEventSubscriber/LOADING]: Auto-subscribing vectorwing.farmersdelight.common.event.CommonEvents to FORGE
[15Jun2025 17:05:25.072] [modloading-worker-0/DEBUG] [net.minecraftforge.fml.javafmlmod.AutomaticEventSubscriber/LOADING]: Auto-subscribing vectorwing.farmersdelight.common.Configuration to FORGE
[15Jun2025 17:05:25.072] [modloading-worker-0/DEBUG] [net.minecraftforge.fml.javafmlmod.AutomaticEventSubscriber/LOADING]: Auto-subscribing vectorwing.farmersdelight.common.block.CuttingBoardBlock$ToolCarvingEvent to FORGE
[15Jun2025 17:05:25.076] [modloading-worker-0/DEBUG] [net.minecraftforge.fml.javafmlmod.AutomaticEventSubscriber/LOADING]: Attempting to inject @EventBusSubscriber classes into the eventbus for hangglider
[15Jun2025 17:05:25.079] [modloading-worker-0/DEBUG] [net.minecraftforge.fml.javafmlmod.AutomaticEventSubscriber/LOADING]: Auto-subscribing fuzs.hangglider.HangGliderForge to MOD
[15Jun2025 17:05:25.086] [modloading-worker-0/INFO] [Puzzles Lib/]: Constructing common components for hangglider:main
[15Jun2025 17:05:25.093] [modloading-worker-0/DEBUG] [net.minecraftforge.fml.config.ConfigTracker/CONFIG]: Config file hangglider-server.toml for hangglider tracking
[15Jun2025 17:05:25.098] [modloading-worker-0/DEBUG] [net.minecraftforge.fml.javafmlmod.AutomaticEventSubscriber/LOADING]: Attempting to inject @EventBusSubscriber classes into the eventbus for resourcefulconfig
[15Jun2025 17:05:25.104] [modloading-worker-0/DEBUG] [net.minecraftforge.fml.javafmlmod.AutomaticEventSubscriber/LOADING]: Attempting to inject @EventBusSubscriber classes into the eventbus for lionfishapi
[15Jun2025 17:05:25.104] [modloading-worker-0/DEBUG] [net.minecraftforge.fml.javafmlmod.AutomaticEventSubscriber/LOADING]: Auto-subscribing com.github.L_Ender.lionfishapi.server.entity.ModEntities to MOD
[15Jun2025 17:05:25.107] [modloading-worker-0/DEBUG] [creativecore/]: Created network creativecore:main
[15Jun2025 17:05:25.108] [modloading-worker-0/DEBUG] [net.minecraftforge.fml.javafmlmod.AutomaticEventSubscriber/LOADING]: Auto-subscribing com.github.L_Ender.lionfishapi.LionfishAPI to FORGE
[15Jun2025 17:05:25.109] [modloading-worker-0/DEBUG] [net.minecraftforge.fml.javafmlmod.AutomaticEventSubscriber/LOADING]: Auto-subscribing com.github.L_Ender.lionfishapi.CommonProxy to MOD
[15Jun2025 17:05:25.117] [modloading-worker-0/DEBUG] [net.minecraftforge.fml.javafmlmod.AutomaticEventSubscriber/LOADING]: Attempting to inject @EventBusSubscriber classes into the eventbus for ambientsounds
[15Jun2025 17:05:25.124] [modloading-worker-0/DEBUG] [net.minecraftforge.fml.javafmlmod.AutomaticEventSubscriber/LOADING]: Attempting to inject @EventBusSubscriber classes into the eventbus for creativecore
[15Jun2025 17:05:25.124] [modloading-worker-0/DEBUG] [org.groovymc.gml.GModContainer/]: Loading mod class org.groovymc.cgl.impl.forge.CGLForge for commongroovylibrary
[15Jun2025 17:05:25.124] [modloading-worker-0/DEBUG] [org.groovymc.gml.GModContainer/]: Successfully loaded mod commongroovylibrary
[15Jun2025 17:05:25.125] [modloading-worker-0/DEBUG] [org.groovymc.gml.GModContainer/]: Registering EventBusSubscribers for mod commongroovylibrary
[15Jun2025 17:05:25.132] [modloading-worker-0/DEBUG] [net.minecraftforge.fml.config.ConfigTracker/CONFIG]: Config file cataclysm.toml for cataclysm tracking
[15Jun2025 17:05:25.132] [modloading-worker-0/DEBUG] [net.minecraftforge.fml.config.ConfigTracker/CONFIG]: Config file curios-client.toml for curios tracking
[15Jun2025 17:05:25.138] [modloading-worker-0/DEBUG] [net.minecraftforge.fml.config.ConfigTracker/CONFIG]: Config file curios-common.toml for curios tracking
[15Jun2025 17:05:25.138] [modloading-worker-0/DEBUG] [net.minecraftforge.fml.config.ConfigTracker/CONFIG]: Config file curios-server.toml for curios tracking
[15Jun2025 17:05:25.140] [modloading-worker-0/DEBUG] [net.minecraftforge.fml.javafmlmod.AutomaticEventSubscriber/LOADING]: Attempting to inject @EventBusSubscriber classes into the eventbus for curios
[15Jun2025 17:05:25.141] [modloading-worker-0/DEBUG] [net.minecraftforge.fml.javafmlmod.AutomaticEventSubscriber/LOADING]: Attempting to inject @EventBusSubscriber classes into the eventbus for entityculling
[15Jun2025 17:05:25.142] [modloading-worker-0/DEBUG] [org.groovymc.gml.GModContainer/]: Registered EventBusSubscribers for mod commongroovylibrary
[15Jun2025 17:05:25.147] [modloading-worker-0/DEBUG] [net.minecraftforge.fml.config.ConfigTracker/CONFIG]: Config file doespotatotick-common.toml for doespotatotick tracking
[15Jun2025 17:05:25.148] [modloading-worker-0/DEBUG] [net.minecraftforge.fml.javafmlmod.AutomaticEventSubscriber/LOADING]: Attempting to inject @EventBusSubscriber classes into the eventbus for doespotatotick
[15Jun2025 17:05:25.149] [modloading-worker-0/DEBUG] [net.minecraftforge.fml.javafmlmod.AutomaticEventSubscriber/LOADING]: Attempting to inject @EventBusSubscriber classes into the eventbus for bettervillage
[15Jun2025 17:05:25.149] [modloading-worker-0/DEBUG] [net.minecraftforge.fml.javafmlmod.AutomaticEventSubscriber/LOADING]: Attempting to inject @EventBusSubscriber classes into the eventbus for resourcefullib
[15Jun2025 17:05:25.152] [modloading-worker-0/DEBUG] [net.minecraftforge.fml.javafmlmod.AutomaticEventSubscriber/LOADING]: Attempting to inject @EventBusSubscriber classes into the eventbus for immediatelyfast
[15Jun2025 17:05:25.152] [modloading-worker-0/DEBUG] [org.groovymc.gml.GModContainer/]: Loading mod class com.matyrobbrt.eatinganimation.EatingAnimation for eatinganimation
[15Jun2025 17:05:25.153] [modloading-worker-0/DEBUG] [mixin/]: Mixing TagsProviderForgeMixin from puzzleslib.forge.mixins.json into net.minecraft.data.tags.TagsProvider
[15Jun2025 17:05:25.167] [modloading-worker-0/DEBUG] [net.minecraftforge.fml.ModLoadingContext/]: Attempted to register an empty config for type CLIENT on mod eatinganimation using file name eatinganimation-client.toml
[15Jun2025 17:05:25.180] [modloading-worker-0/DEBUG] [org.groovymc.gml.GModContainer/]: Successfully loaded mod eatinganimation
[15Jun2025 17:05:25.180] [modloading-worker-0/DEBUG] [org.groovymc.gml.GModContainer/]: Registering EventBusSubscribers for mod eatinganimation
[15Jun2025 17:05:25.227] [modloading-worker-0/DEBUG] [net.minecraftforge.fml.javafmlmod.AutomaticEventSubscriber/LOADING]: Attempting to inject @EventBusSubscriber classes into the eventbus for creeperoverhaul
[15Jun2025 17:05:25.239] [modloading-worker-0/DEBUG] [org.groovymc.gml.GModContainer/]: Registered EventBusSubscribers for mod eatinganimation
[15Jun2025 17:05:25.244] [modloading-worker-0/DEBUG] [net.minecraftforge.fml.javafmlmod.AutomaticEventSubscriber/LOADING]: Attempting to inject @EventBusSubscriber classes into the eventbus for moremobvariants
[15Jun2025 17:05:25.245] [modloading-worker-0/DEBUG] [net.minecraftforge.fml.javafmlmod.AutomaticEventSubscriber/LOADING]: Attempting to inject @EventBusSubscriber classes into the eventbus for ferritecore
[15Jun2025 17:05:25.245] [modloading-worker-0/INFO] [com.cupboard.Cupboard/]: Loaded config for: cupboard.json
[15Jun2025 17:05:25.252] [modloading-worker-0/DEBUG] [net.minecraftforge.fml.javafmlmod.AutomaticEventSubscriber/LOADING]: Attempting to inject @EventBusSubscriber classes into the eventbus for cupboard
[15Jun2025 17:05:25.252] [modloading-worker-0/DEBUG] [net.minecraftforge.fml.javafmlmod.AutomaticEventSubscriber/LOADING]: Attempting to inject @EventBusSubscriber classes into the eventbus for puzzleslib
[15Jun2025 17:05:25.252] [modloading-worker-0/DEBUG] [net.minecraftforge.fml.javafmlmod.AutomaticEventSubscriber/LOADING]: Auto-subscribing fuzs.puzzleslib.impl.PuzzlesLibForge to MOD
[15Jun2025 17:05:25.297] [modloading-worker-0/INFO] [Puzzles Lib/]: Constructing common components for puzzleslib:main
[15Jun2025 17:05:25.324] [modloading-worker-0/DEBUG] [mixin/]: Mixing accessor.LootTableForgeAccessor from puzzleslib.forge.mixins.json into net.minecraft.world.level.storage.loot.LootTable
[15Jun2025 17:05:25.361] [modloading-worker-0/DEBUG] [bettermineshafts/]: Loaded com.yungnickyoung.minecraft.bettermineshafts.services.ForgePlatformHelper@574d6c71 for service interface com.yungnickyoung.minecraft.bettermineshafts.services.IPlatformHelper
[15Jun2025 17:05:25.362] [modloading-worker-0/DEBUG] [bettermineshafts/]: Loaded com.yungnickyoung.minecraft.bettermineshafts.services.ForgeModulesLoader@4330985e for service interface com.yungnickyoung.minecraft.bettermineshafts.services.IModulesLoader
[15Jun2025 17:05:25.362] [modloading-worker-0/DEBUG] [net.minecraftforge.fml.javafmlmod.AutomaticEventSubscriber/LOADING]: Attempting to inject @EventBusSubscriber classes into the eventbus for architectury
[15Jun2025 17:05:25.362] [modloading-worker-0/DEBUG] [net.minecraftforge.fml.javafmlmod.AutomaticEventSubscriber/LOADING]: Auto-subscribing dev.architectury.registry.level.entity.trade.forge.TradeRegistryImpl to FORGE
[15Jun2025 17:05:25.363] [modloading-worker-0/DEBUG] [net.minecraftforge.fml.javafmlmod.AutomaticEventSubscriber/LOADING]: Auto-subscribing dev.architectury.registry.forge.ReloadListenerRegistryImpl to FORGE
[15Jun2025 17:05:25.367] [modloading-worker-0/DEBUG] [net.minecraftforge.fml.javafmlmod.AutomaticEventSubscriber/LOADING]: Auto-subscribing dev.architectury.networking.forge.NetworkManagerImpl to FORGE
[15Jun2025 17:05:25.374] [modloading-worker-0/DEBUG] [net.minecraftforge.fml.config.ConfigTracker/CONFIG]: Config file bettermineshafts-forge-1_20.toml for bettermineshafts tracking
[15Jun2025 17:05:25.374] [modloading-worker-0/DEBUG] [net.minecraftforge.fml.javafmlmod.AutomaticEventSubscriber/LOADING]: Attempting to inject @EventBusSubscriber classes into the eventbus for bettermineshafts
[15Jun2025 17:05:25.375] [modloading-worker-0/DEBUG] [net.minecraftforge.fml.javafmlmod.AutomaticEventSubscriber/LOADING]: Attempting to inject @EventBusSubscriber classes into the eventbus for betteradvancements
[15Jun2025 17:05:25.378] [modloading-worker-0/INFO] [dev.architectury.networking.forge.NetworkManagerImpl/]: Registering C2S receiver with id architectury:sync_ids
[15Jun2025 17:05:25.437] [modloading-worker-0/DEBUG] [net.minecraftforge.fml.config.ConfigTracker/CONFIG]: Config file deeperdarker-common.toml for deeperdarker tracking
[15Jun2025 17:05:25.437] [modloading-worker-0/DEBUG] [net.minecraftforge.fml.javafmlmod.AutomaticEventSubscriber/LOADING]: Attempting to inject @EventBusSubscriber classes into the eventbus for deeperdarker
[15Jun2025 17:05:25.437] [modloading-worker-0/DEBUG] [net.minecraftforge.fml.javafmlmod.AutomaticEventSubscriber/LOADING]: Auto-subscribing com.kyanite.deeperdarker.DeeperDarkerEvents to FORGE
[15Jun2025 17:05:25.484] [modloading-worker-0/DEBUG] [net.minecraftforge.fml.javafmlmod.AutomaticEventSubscriber/LOADING]: Attempting to inject @EventBusSubscriber classes into the eventbus for cataclysm
[15Jun2025 17:05:25.484] [modloading-worker-0/DEBUG] [net.minecraftforge.fml.javafmlmod.AutomaticEventSubscriber/LOADING]: Auto-subscribing com.github.L_Ender.cataclysm.world.CMWorldRegistry to MOD
[15Jun2025 17:05:25.486] [modloading-worker-0/DEBUG] [net.minecraftforge.fml.javafmlmod.AutomaticEventSubscriber/LOADING]: Auto-subscribing com.github.L_Ender.cataclysm.init.ModEntities to MOD
[15Jun2025 17:05:25.487] [modloading-worker-0/DEBUG] [net.minecraftforge.fml.javafmlmod.AutomaticEventSubscriber/LOADING]: Auto-subscribing com.github.L_Ender.cataclysm.event.ServerEventHandler to FORGE
[15Jun2025 17:05:25.487] [modloading-worker-0/DEBUG] [net.minecraftforge.fml.javafmlmod.AutomaticEventSubscriber/LOADING]: Auto-subscribing com.github.L_Ender.cataclysm.CommonProxy to MOD
[15Jun2025 17:05:25.487] [modloading-worker-0/DEBUG] [net.minecraftforge.fml.javafmlmod.AutomaticEventSubscriber/LOADING]: Auto-subscribing com.github.L_Ender.cataclysm.Cataclysm to FORGE
[15Jun2025 17:05:25.554] [main/DEBUG] [net.minecraftforge.common.capabilities.CapabilityManager/CAPABILITIES]: Attempting to automatically register: Lnet/minecraftforge/energy/IEnergyStorage;
[15Jun2025 17:05:25.555] [main/DEBUG] [net.minecraftforge.common.capabilities.CapabilityManager/CAPABILITIES]: Attempting to automatically register: Lnet/minecraftforge/fluids/capability/IFluidHandler;
[15Jun2025 17:05:25.555] [main/DEBUG] [net.minecraftforge.common.capabilities.CapabilityManager/CAPABILITIES]: Attempting to automatically register: Lnet/minecraftforge/fluids/capability/IFluidHandlerItem;
[15Jun2025 17:05:25.555] [main/DEBUG] [net.minecraftforge.common.capabilities.CapabilityManager/CAPABILITIES]: Attempting to automatically register: Lnet/minecraftforge/items/IItemHandler;
[15Jun2025 17:05:25.988] [main/DEBUG] [io.netty.util.internal.InternalThreadLocalMap/]: -Dio.netty.threadLocalMap.stringBuilder.initialSize: 1024
[15Jun2025 17:05:25.988] [main/DEBUG] [io.netty.util.internal.InternalThreadLocalMap/]: -Dio.netty.threadLocalMap.stringBuilder.maxSize: 4096
[15Jun2025 17:05:25.988] [main/DEBUG] [io.netty.util.internal.ThreadLocalRandom/]: -Dio.netty.initialSeedUniquifier: 0xe6f8b524bcf9abd5
[15Jun2025 17:05:26.357] [main/DEBUG] [mixin/]: Mixing SpawnRestrictionAccessor from friendsandfoes-common.mixins.json into net.minecraft.world.entity.SpawnPlacements
[15Jun2025 17:05:26.357] [main/DEBUG] [mixin/]: Renaming @Invoker method callRegister(Lnet/minecraft/world/entity/EntityType;Lnet/minecraft/world/entity/SpawnPlacements$Type;Lnet/minecraft/world/level/levelgen/Heightmap$Types;Lnet/minecraft/world/entity/SpawnPlacements$SpawnPredicate;)V to callRegister_$md$23ebb4$0 in friendsandfoes-common.mixins.json:SpawnRestrictionAccessor
[15Jun2025 17:05:26.380] [main/DEBUG] [net.minecraftforge.fml.config.ConfigTracker/CONFIG]: Loading configs type COMMON
[15Jun2025 17:05:26.380] [main/DEBUG] [net.minecraftforge.fml.config.ConfigFileTypeHandler/CONFIG]: Built TOML config for /workspaces/peneever/servidor_minecraft/config/weaponmaster_ydm-common.toml
[15Jun2025 17:05:26.382] [main/DEBUG] [net.minecraftforge.fml.config.ConfigFileTypeHandler/CONFIG]: Loaded TOML config file /workspaces/peneever/servidor_minecraft/config/weaponmaster_ydm-common.toml
[15Jun2025 17:05:26.384] [main/DEBUG] [net.minecraftforge.fml.config.ConfigFileTypeHandler/CONFIG]: Watching TOML config file /workspaces/peneever/servidor_minecraft/config/weaponmaster_ydm-common.toml for changes
[15Jun2025 17:05:26.387] [Thread-0/DEBUG] [net.minecraftforge.fml.config.ConfigFileTypeHandler/CONFIG]: Config file weaponmaster_ydm-common.toml changed, sending notifies
[15Jun2025 17:05:26.389] [main/DEBUG] [net.minecraftforge.fml.config.ConfigFileTypeHandler/CONFIG]: Built TOML config for /workspaces/peneever/servidor_minecraft/config/travelersbackpack-common.toml
[15Jun2025 17:05:26.392] [main/DEBUG] [net.minecraftforge.fml.config.ConfigFileTypeHandler/CONFIG]: Loaded TOML config file /workspaces/peneever/servidor_minecraft/config/travelersbackpack-common.toml
[15Jun2025 17:05:26.392] [Thread-0/DEBUG] [net.minecraftforge.fml.config.ConfigFileTypeHandler/CONFIG]: Config file weaponmaster_ydm-common.toml changed, sending notifies
[15Jun2025 17:05:26.392] [main/DEBUG] [net.minecraftforge.fml.config.ConfigFileTypeHandler/CONFIG]: Watching TOML config file /workspaces/peneever/servidor_minecraft/config/travelersbackpack-common.toml for changes
[15Jun2025 17:05:26.397] [main/DEBUG] [net.minecraftforge.fml.config.ConfigFileTypeHandler/CONFIG]: Built TOML config for /workspaces/peneever/servidor_minecraft/config/carryon-common.toml
[15Jun2025 17:05:26.399] [main/DEBUG] [net.minecraftforge.fml.config.ConfigFileTypeHandler/CONFIG]: Loaded TOML config file /workspaces/peneever/servidor_minecraft/config/carryon-common.toml
[15Jun2025 17:05:26.400] [main/DEBUG] [net.minecraftforge.fml.config.ConfigFileTypeHandler/CONFIG]: Watching TOML config file /workspaces/peneever/servidor_minecraft/config/carryon-common.toml for changes
[15Jun2025 17:05:26.441] [Thread-0/DEBUG] [net.minecraftforge.fml.config.ConfigFileTypeHandler/CONFIG]: Config file carryon-common.toml changed, sending notifies
[15Jun2025 17:05:26.442] [main/DEBUG] [net.minecraftforge.fml.config.ConfigFileTypeHandler/CONFIG]: Built TOML config for /workspaces/peneever/servidor_minecraft/config/betterfortresses-forge-1_20.toml
[15Jun2025 17:05:26.442] [main/DEBUG] [net.minecraftforge.fml.config.ConfigFileTypeHandler/CONFIG]: Loaded TOML config file /workspaces/peneever/servidor_minecraft/config/betterfortresses-forge-1_20.toml
[15Jun2025 17:05:26.442] [main/DEBUG] [net.minecraftforge.fml.config.ConfigFileTypeHandler/CONFIG]: Watching TOML config file /workspaces/peneever/servidor_minecraft/config/betterfortresses-forge-1_20.toml for changes
[15Jun2025 17:05:26.446] [main/DEBUG] [net.minecraftforge.fml.config.ConfigFileTypeHandler/CONFIG]: Built TOML config for /workspaces/peneever/servidor_minecraft/config/farmersdelight-common.toml
[15Jun2025 17:05:26.450] [main/DEBUG] [net.minecraftforge.fml.config.ConfigFileTypeHandler/CONFIG]: Loaded TOML config file /workspaces/peneever/servidor_minecraft/config/farmersdelight-common.toml
[15Jun2025 17:05:26.450] [main/DEBUG] [net.minecraftforge.fml.config.ConfigFileTypeHandler/CONFIG]: Watching TOML config file /workspaces/peneever/servidor_minecraft/config/farmersdelight-common.toml for changes
[15Jun2025 17:05:26.451] [main/DEBUG] [net.minecraftforge.fml.config.ConfigFileTypeHandler/CONFIG]: Built TOML config for /workspaces/peneever/servidor_minecraft/config/naturalist.toml
[15Jun2025 17:05:26.451] [main/DEBUG] [net.minecraftforge.fml.config.ConfigFileTypeHandler/CONFIG]: Loaded TOML config file /workspaces/peneever/servidor_minecraft/config/naturalist.toml
[15Jun2025 17:05:26.452] [main/DEBUG] [net.minecraftforge.fml.config.ConfigFileTypeHandler/CONFIG]: Watching TOML config file /workspaces/peneever/servidor_minecraft/config/naturalist.toml for changes
[15Jun2025 17:05:26.455] [main/DEBUG] [net.minecraftforge.fml.config.ConfigFileTypeHandler/CONFIG]: Built TOML config for /workspaces/peneever/servidor_minecraft/config/cataclysm.toml
[15Jun2025 17:05:26.460] [main/DEBUG] [net.minecraftforge.fml.config.ConfigFileTypeHandler/CONFIG]: Loaded TOML config file /workspaces/peneever/servidor_minecraft/config/cataclysm.toml
[15Jun2025 17:05:26.460] [main/DEBUG] [net.minecraftforge.fml.config.ConfigFileTypeHandler/CONFIG]: Watching TOML config file /workspaces/peneever/servidor_minecraft/config/cataclysm.toml for changes
[15Jun2025 17:05:26.467] [Thread-0/DEBUG] [net.minecraftforge.fml.config.ConfigFileTypeHandler/CONFIG]: Config file carryon-common.toml changed, sending notifies
[15Jun2025 17:05:26.489] [Thread-0/DEBUG] [net.minecraftforge.fml.config.ConfigFileTypeHandler/CONFIG]: Config file farmersdelight-common.toml changed, sending notifies
[15Jun2025 17:05:26.494] [Thread-0/DEBUG] [net.minecraftforge.fml.config.ConfigFileTypeHandler/CONFIG]: Config file cataclysm.toml changed, sending notifies
[15Jun2025 17:05:26.496] [main/DEBUG] [net.minecraftforge.fml.config.ConfigFileTypeHandler/CONFIG]: Built TOML config for /workspaces/peneever/servidor_minecraft/config/curios-common.toml
[15Jun2025 17:05:26.497] [main/DEBUG] [net.minecraftforge.fml.config.ConfigFileTypeHandler/CONFIG]: Loaded TOML config file /workspaces/peneever/servidor_minecraft/config/curios-common.toml
[15Jun2025 17:05:26.497] [main/DEBUG] [net.minecraftforge.fml.config.ConfigFileTypeHandler/CONFIG]: Watching TOML config file /workspaces/peneever/servidor_minecraft/config/curios-common.toml for changes
[15Jun2025 17:05:26.497] [Thread-0/DEBUG] [net.minecraftforge.fml.config.ConfigFileTypeHandler/CONFIG]: Config file curios-common.toml changed, sending notifies
[15Jun2025 17:05:26.497] [Thread-0/DEBUG] [net.minecraftforge.fml.config.ConfigFileTypeHandler/CONFIG]: Config file curios-common.toml changed, sending notifies
[15Jun2025 17:05:26.498] [main/DEBUG] [net.minecraftforge.fml.config.ConfigFileTypeHandler/CONFIG]: Built TOML config for /workspaces/peneever/servidor_minecraft/config/doespotatotick-common.toml
[15Jun2025 17:05:26.498] [main/DEBUG] [net.minecraftforge.fml.config.ConfigFileTypeHandler/CONFIG]: Loaded TOML config file /workspaces/peneever/servidor_minecraft/config/doespotatotick-common.toml
[15Jun2025 17:05:26.498] [main/DEBUG] [net.minecraftforge.fml.config.ConfigFileTypeHandler/CONFIG]: Watching TOML config file /workspaces/peneever/servidor_minecraft/config/doespotatotick-common.toml for changes
[15Jun2025 17:05:26.499] [Thread-0/DEBUG] [net.minecraftforge.fml.config.ConfigFileTypeHandler/CONFIG]: Config file doespotatotick-common.toml changed, sending notifies
[15Jun2025 17:05:26.499] [Thread-0/DEBUG] [net.minecraftforge.fml.config.ConfigFileTypeHandler/CONFIG]: Config file doespotatotick-common.toml changed, sending notifies
[15Jun2025 17:05:26.499] [main/DEBUG] [net.minecraftforge.fml.config.ConfigFileTypeHandler/CONFIG]: Built TOML config for /workspaces/peneever/servidor_minecraft/config/bettermineshafts-forge-1_20.toml
[15Jun2025 17:05:26.499] [main/DEBUG] [net.minecraftforge.fml.config.ConfigFileTypeHandler/CONFIG]: Loaded TOML config file /workspaces/peneever/servidor_minecraft/config/bettermineshafts-forge-1_20.toml
[15Jun2025 17:05:26.500] [main/DEBUG] [net.minecraftforge.fml.config.ConfigFileTypeHandler/CONFIG]: Watching TOML config file /workspaces/peneever/servidor_minecraft/config/bettermineshafts-forge-1_20.toml for changes
[15Jun2025 17:05:26.500] [Thread-0/DEBUG] [net.minecraftforge.fml.config.ConfigFileTypeHandler/CONFIG]: Config file bettermineshafts-forge-1_20.toml changed, sending notifies
[15Jun2025 17:05:26.501] [main/DEBUG] [net.minecraftforge.fml.config.ConfigFileTypeHandler/CONFIG]: Built TOML config for /workspaces/peneever/servidor_minecraft/config/deeperdarker-common.toml
[15Jun2025 17:05:26.501] [main/DEBUG] [net.minecraftforge.fml.config.ConfigFileTypeHandler/CONFIG]: Loaded TOML config file /workspaces/peneever/servidor_minecraft/config/deeperdarker-common.toml
[15Jun2025 17:05:26.502] [Thread-0/DEBUG] [net.minecraftforge.fml.config.ConfigFileTypeHandler/CONFIG]: Config file bettermineshafts-forge-1_20.toml changed, sending notifies
[15Jun2025 17:05:26.502] [main/DEBUG] [net.minecraftforge.fml.config.ConfigFileTypeHandler/CONFIG]: Watching TOML config file /workspaces/peneever/servidor_minecraft/config/deeperdarker-common.toml for changes
[15Jun2025 17:05:26.502] [Thread-0/DEBUG] [net.minecraftforge.fml.config.ConfigFileTypeHandler/CONFIG]: Config file deeperdarker-common.toml changed, sending notifies
[15Jun2025 17:05:26.502] [Thread-0/DEBUG] [net.minecraftforge.fml.config.ConfigFileTypeHandler/CONFIG]: Config file deeperdarker-common.toml changed, sending notifies
[15Jun2025 17:05:26.515] [modloading-worker-0/INFO] [com.structureessentials.StructureEssentials/]: structureessentials mod initialized
[15Jun2025 17:05:26.782] [modloading-worker-0/INFO] [studio.lunareclipse.watching.Init/]: From The Fog Loaded Successfully!
[15Jun2025 17:05:26.816] [modloading-worker-0/DEBUG] [mixin/]: Mixing MixinSlotAttribute from curios.mixins.json into top.theillusivec4.curios.api.SlotAttribute
[15Jun2025 17:05:26.826] [modloading-worker-0/DEBUG] [mixin/]: Mixing MixinCuriosApi from curios.mixins.json into top.theillusivec4.curios.api.CuriosApi
[15Jun2025 17:05:26.853] [modloading-worker-0/INFO] [com.github.nyuppo.MoreMobVariants/]: Giving mobs a fresh coat of paint...
[15Jun2025 17:05:26.970] [main/DEBUG] [net.minecraftforge.fml.DeferredWorkQueue/LOADING]: Dispatching synchronous work for work queue COMMON_SETUP: 20 jobs
[15Jun2025 17:05:27.025] [main/INFO] [com.tiviacz.travelersbackpack.TravelersBackpack/]: Registered the FluidEffect with Unique ID of minecraft:water for Water (Fluid Amount Required: 1000) with the ID 0
[15Jun2025 17:05:27.027] [main/INFO] [com.tiviacz.travelersbackpack.TravelersBackpack/]: Registered the FluidEffect with Unique ID of minecraft:lava for Lava (Fluid Amount Required: 1000) with the ID 1
[15Jun2025 17:05:27.030] [main/INFO] [com.tiviacz.travelersbackpack.TravelersBackpack/]: Registered the FluidEffect with Unique ID of travelersbackpack:potion for Uncraftable Potion (Fluid Amount Required: 250) with the ID 2
[15Jun2025 17:05:27.033] [main/INFO] [com.tiviacz.travelersbackpack.TravelersBackpack/]: Registered the FluidEffect with Unique ID of minecraft:milk for Milk (Fluid Amount Required: 1000) with the ID 3
[15Jun2025 17:05:27.066] [main/DEBUG] [mixin/]: Mixing RaidMemberMixin from friendsandfoes-common.mixins.json into net.minecraft.world.entity.raid.Raid$RaiderType
[15Jun2025 17:05:27.108] [main/DEBUG] [net.minecraftforge.fml.DeferredWorkQueue/LOADING]: Synchronous work queue completed in 133.9 ms
[15Jun2025 17:05:27.219] [Forge Version Check/INFO] [net.minecraftforge.fml.VersionChecker/]: [mr_stellarity] Starting version check at https://api.modrinth.com/updates/bZgeDzN8/forge_updates.json
[15Jun2025 17:05:27.388] [main/DEBUG] [mixin/]: Mixing BlockStateCacheMixin from ferritecore.blockstatecache.mixin.json into net.minecraft.world.level.block.state.BlockBehaviour$BlockStateBase$Cache
[15Jun2025 17:05:27.659] [main/DEBUG] [mixin/]: Mixing SubShapeAccess from ferritecore.blockstatecache.mixin.json into net.minecraft.world.phys.shapes.SubShape
[15Jun2025 17:05:27.797] [Forge Version Check/DEBUG] [net.minecraftforge.fml.VersionChecker/]: [mr_stellarity] Received version check data:
{"homepage":"https://modrinth.com/mod/bZgeDzN8","promos":{"1.21-latest":"3.0.6+mod","1.20.2-latest":"2.2.1+mod","1.20.3-latest":"2.2.1+mod","1.20.1-latest":"2.0e","1.21-recommended":"3.0.6+mod","1.21.1-latest":"3.0.6+mod","1.20.4-latest":"2.2.1+mod","1.20-latest":"2.0e","1.21.1-recommended":"3.0.6+mod"}}
[15Jun2025 17:05:27.798] [Forge Version Check/INFO] [net.minecraftforge.fml.VersionChecker/]: [mr_stellarity] Found status: BETA_OUTDATED Current: 2.0d Target: 2.0e
[15Jun2025 17:05:27.799] [Forge Version Check/INFO] [net.minecraftforge.fml.VersionChecker/]: [easymagic] Starting version check at https://raw.githubusercontent.com/Fuzss/modresources/main/update/easymagic.json
[15Jun2025 17:05:27.863] [Forge Version Check/DEBUG] [net.minecraftforge.fml.VersionChecker/]: [easymagic] Received version check data:
{
    "homepage": "https://www.curseforge.com/minecraft/mc-mods/easy-magic",
    "promos": {
        "1.17.1-latest": "2.0.2",
        "1.17.1-recommended": "2.0.2",
        "1.18-latest": "3.2.1",
        "1.18-recommended": "3.2.1",
        "1.18.1-latest": "3.2.1",
        "1.18.1-recommended": "3.2.1",
        "1.18.2-latest": "3.3.0",
        "1.18.2-recommended": "3.3.0",
        "1.19-latest": "4.0.0",
        "1.19-recommended": "4.0.0",
        "1.19.1-latest": "4.3.1",
        "1.19.1-recommended": "4.3.1",
        "1.19.2-latest": "4.3.3",
        "1.19.2-recommended": "4.3.3",
        "1.19.3-latest": "5.0.1",
        "1.19.3-recommended": "5.0.1",
        "1.19.4-latest": "6.0.0",
        "1.19.4-recommended": "6.0.0",
        "1.20-latest": "7.0.0",
        "1.20-recommended": "7.0.0",
        "1.20.1-latest": "8.0.1",
        "1.20.1-recommended": "8.0.1",
        "1.20.4-latest": "20.4.0",
        "1.20.4-recommended": "20.4.0",
        "1.21-latest": "21.0.4",
        "1.21-recommended": "21.0.4",
        "1.21.1-latest": "21.1.0",
        "1.21.1-recommended": "21.1.0",
        "1.21.3-latest": "21.3.2",
        "1.21.3-recommended": "21.3.2",
        "1.21.4-latest": "21.4.1",
        "1.21.4-recommended": "21.4.1",
        "1.21.5-latest": "21.5.0",
        "1.21.5-recommended": "21.5.0"
    }
}
[15Jun2025 17:05:27.864] [Forge Version Check/INFO] [net.minecraftforge.fml.VersionChecker/]: [easymagic] Found status: UP_TO_DATE Current: 8.0.1 Target: null
[15Jun2025 17:05:27.864] [Forge Version Check/INFO] [net.minecraftforge.fml.VersionChecker/]: [sound_physics_remastered] Starting version check at https://update.maxhenkel.de/forge/sound_physics_remastered
[15Jun2025 17:05:28.491] [Forge Version Check/DEBUG] [net.minecraftforge.fml.VersionChecker/]: [sound_physics_remastered] Received version check data:
{"1.20.2":{"1.20.2-1.3.1":"Updated dependencies\nFixed mod icon size","1.20.2-1.3.0":""},"1.21.1":{"1.21.1-1.4.12":"Fixed mixin error"},"1.20.1":{"1.20.1-1.4.13":"Fixed mixin error","1.20.1-1.3.0":""},"1.21":{"1.21-1.4.6":""},"1.20":{"1.20-1.1.1":"Updated to 1.20"},"1.18":{"1.18-1.0.3":"Tweaked config values"},"1.19":{"1.19-1.0.15":"Disabled moving sounds by default due to performance impact"},"1.18.2":{"1.18.2-1.0.6":"Fixed crash when playing sounds that are null"},"1.19.1":{"1.19.1-1.0.15":"Disabled moving sounds by default due to performance impact"},"1.19.2":{"1.19.2-1.3.0":"","1.19.2-1.4.5":"Updated Simplified Chinese translation"},"1.19.3":{"1.19.3-1.1.0":"Updated ConfigBuilder\nAdded comments to the config\nRemoved sound blacklist regex\nAdded allowed sounds config\nFixed lag when saving in cloth config GUI\nFixed sound distance allowance not working with playsound commands","1.19.3-1.0.18":"Improved performance when having 'update_moving_sounds' enabled"},"1.19.4":{"1.19.4-1.1.1":"Fixed some cloth config settings not saving properly","1.19.4-1.2.1":""},"1.17.1":{"1.17.1-1.0.6":"Fixed crash when playing sounds that are null"},"1.18.1":{"1.18.1-1.0.6":"Fixed crash when playing sounds that are null"},"1.20.4":{"1.20.4-1.4.5":"Updated Simplified Chinese translation","1.20.4-1.3.0":""},"1.21.3":{"1.21.3-1.4.7":"Fixed issues with sounds being played far away\nFixed lag when being far away from 0, 0"},"promos":{"1.18.1-latest":"1.18.1-1.0.6","1.21.4-latest":"1.21.4-1.4.12","1.21.3-latest":"1.21.3-1.4.7","1.18.2-latest":"1.18.2-1.0.6","1.20-recommended":"1.20-1.1.1","1.19.3-recommended":"1.19.3-1.0.18","1.19.1-recommended":"1.19.1-1.0.15","1.21.5-latest":"1.21.5-1.4.12","1.21.1-latest":"1.21.1-1.4.12","1.19.4-recommended":"1.19.4-1.1.1","1.19-latest":"1.19-1.0.15","1.17.1-recommended":"1.17.1-1.0.6","1.19.2-recommended":"1.19.2-1.3.0","1.18-latest":"1.18-1.0.3","1.20.4-recommended":"1.20.4-1.3.0","1.21-latest":"1.21-1.4.6","1.20.1-recommended":"1.20.1-1.3.0","1.20.2-recommended":"1.20.2-1.3.0","1.20-latest":"1.20-1.1.1","1.18.2-recommended":"1.18.2-1.0.6","1.17.1-latest":"1.17.1-1.0.6","1.18.1-recommended":"1.18.1-1.0.6","1.20.1-latest":"1.20.1-1.4.13","1.20.2-latest":"1.20.2-1.3.1","1.19.2-latest":"1.19.2-1.4.5","1.19.4-latest":"1.19.4-1.2.1","1.19.3-latest":"1.19.3-1.1.0","1.19-recommended":"1.19-1.0.15","1.18-recommended":"1.18-1.0.3","1.20.4-latest":"1.20.4-1.4.5","1.19.1-latest":"1.19.1-1.0.15","1.20.6-latest":"1.20.6-1.4.5"},"1.20.6":{"1.20.6-1.4.5":"Updated Simplified Chinese translation"},"1.21.5":{"1.21.5-1.4.12":"Fixed mixin error"},"1.21.4":{"1.21.4-1.4.12":"Fixed mixin error"},"homepage":"https://www.curseforge.com/minecraft/mc-mods/sound-physics-remastered"}
[15Jun2025 17:05:28.492] [Forge Version Check/INFO] [net.minecraftforge.fml.VersionChecker/]: [sound_physics_remastered] Found status: OUTDATED Current: 1.20.1-1.4.5 Target: 1.20.1-1.4.13
[15Jun2025 17:05:28.494] [Forge Version Check/INFO] [net.minecraftforge.fml.VersionChecker/]: [clumps] Starting version check at https://updates.blamejared.com/get?n=clumps&gv=1.20.1
[15Jun2025 17:05:28.874] [Forge Version Check/DEBUG] [net.minecraftforge.fml.VersionChecker/]: [clumps] Received version check data:
{"homepage":"https://www.curseforge.com/minecraft/mc-mods/clumps","promos":{"1.20.1-latest":"12.0.0.4"}}
[15Jun2025 17:05:28.875] [Forge Version Check/INFO] [net.minecraftforge.fml.VersionChecker/]: [clumps] Found status: BETA Current: 12.0.0.4 Target: 12.0.0.4
[15Jun2025 17:05:28.878] [Forge Version Check/INFO] [net.minecraftforge.fml.VersionChecker/]: [travelersbackpack] Starting version check at https://gist.githubusercontent.com/Tiviacz1337/906937677aa472285dff9d6c2a189d5e/raw
[15Jun2025 17:05:28.950] [Forge Version Check/DEBUG] [net.minecraftforge.fml.VersionChecker/]: [travelersbackpack] Received version check data:
{ 
        "homepage": "https://www.curseforge.com/minecraft/mc-mods/travelers-backpack", 
        "promos": {
		"1.20.4-recommended": "9.4.2",
		"1.20.4-latest": "9.4.2",
		"1.20.2-recommended": "9.2.4",
		"1.20.2-latest": "9.2.4",
		"1.20.1-recommended": "9.1.16",
		"1.20.1-latest": "9.1.16",
		"1.20-recommended": "9.0.2",
		"1.20-latest": "9.0.2",
		"1.19.4-recommended": "8.4.20",
		"1.19.4-latest": "8.4.20",
		"1.19.3-recommended": "8.3.9",
		"1.19.3-latest": "8.3.9",
		"1.19.2-recommended": "8.2.40",
		"1.19.2-latest": "8.2.40",
		"1.19.1-recommended": "8.1.1",
		"1.19.1-latest": "8.1.1",
		"1.19-recommended": "8.0.8",
		"1.19-latest": "8.0.8",
		"1.18.2-recommended": "7.1.48",
		"1.18.2-latest": "7.1.48",
		"1.18.1-recommended": "7.0.4",
		"1.18.1-latest": "7.0.5",
		"1.17.1-recommended": "6.0.52",
		"1.17.1-latest": "6.0.52",
		"1.16.5-recommended": "5.4.51",
		"1.16.5-latest": "5.4.51",
		"1.16.4-recommended": "5.3.8",
		"1.16.4-latest": "5.3.8",
		"1.16.3-recommended": "5.2.1",
		"1.16.3-latest": "5.2.1",
		"1.16.2-recommended": "5.1.1",
		"1.16.2-latest": "5.1.1",
		"1.16.1-recommended": "5.0.1",
		"1.16.1-latest": "5.0.1",
		"1.15.2-recommended": "4.0.8",
		"1.15.2-latest": "4.0.8",
		"1.14.4-recommended": "3.0.8",
		"1.14.4-latest": "3.0.8",
                "1.12.2-recommended": "1.0.34",
		"1.12.2-latest": "1.0.34"
        }, 
        "1.12.2": {
			"0.0.3a": "Added sleeping bag",
			"0.0.4a": "Added ability to wear backpack on player's back!",
			"0.0.5a": "Implemented swapping between tools!",
			"0.0.6a": "Added missing recipe for sleeping bag",
			"0.0.7a": "Fixes for server",
			"0.0.8a": "Added backpack renderer on player's back!",
			"0.0.9a": "Added tools render on backpack",
			"0.1.0a": "Fixed tile entity data loading",
			"0.1.1a": "Added hose, bug fixes",
			"0.1.2a": "Fixed server crash",
			"0.1.3a": "Added more backpack types!",
			"0.1.4a": "Added fluid render to block and wearable model",
			"0.1.5a": "Fixed some bugs and added more custom backpacks",
			"0.1.6a": "Added potions as fluids!",
			"0.1.7a": "Fixed rendering-thing on server",
			"0.1.8a": "Fixed some minor issues",
			"1.0.19.19": "First beta release",
			"1.0.20.20": "Mainly bug fixes",
			"1.0.21.21": "Bug fixes",
			"1.0.22.22": "Added backpack abilities",
			"1.0.23.23": "Bug fixes",
			"1.0.24.24": "Bug fixes",
			"1.0.25.25": "Bug fixes",
			"1.0.26.26": "Fixed NPE",
			"1.0.27": "Capability code clean-up, bug fix",
			"1.0.28": "Mod ID change, see note in 1.0.28 on the site",
			"1.0.29": "Mod ID change, see note in 1.0.29 on the site",
			"1.0.30": "Bug fixes, standard backpack texture improvements",
			"1.0.31": "Fixed bug that causes buckets to dissapear",
			"1.0.32": "Added in-game warning about modid change and method to keep backpacks after updating to newer version",
			"1.0.33": "Fixed backpack dissapear in explosions",
			"1.0.34": "Mainly bug fixes",
			"1.0.35": "Misc bug fixes"
        },
	"1.14.4":  { 
			"3.0.7": "Initial port",
			"3.0.8": "Compatibility for modded tools"
	},
	"1.15.2":  {
      			"4.0.0": "Initial port",
			"4.0.1": "FPS bug fix",
			"4.0.2": "Fixed unwanted backpack placement after death",
			"4.0.3": "Fixed NPE while using sleeping bag",
			"4.0.4": "Fixed crash, updated few textures",
			"4.0.5": "Bug fixes",
			"4.0.6": "Fixed backpack dissapear in explosions",
			"4.0.7": "Keybind for tool cycle",
			"4.0.8": "Compatibility for modded tools"
	},
	"1.16.1":  { 
			"5.0.0": "Initial port",
			"5.0.1": "Fixed backpack not saving contents, compatibility for modded tools"
	},
	"1.16.2":  { 
			"5.1.0": "Initial port",
			"5.1.1": "Fixed server crashes, backpack not saving contents, compatibility for modded tools"
	},
	"1.16.3":  { 
			"5.2.1": "Initial port"
	},
	"1.16.4":  { 
			"5.3.1": "Initial port",
			"5.3.2": "Bug fixes, game-breaking change",
			"5.3.3": "A lot of bug fixes",
			"5.3.4": "Dupe bug fix",
			"5.3.5": "Curios integration",
			"5.3.6": "Crafting grid dupe bug fix",
			"5.3.7": "Crash fix, curiosIntegration option migration",
			"5.3.8": "Fixed item saving bug"
	},
	"1.16.5":  { 
			"5.3.8": "Fixed item saving bug",
			"5.4.0": "Few new custom backpacks",
			"5.4.1": "Fixed villager trades",
			"5.4.2": "Fixed crash with turkish language and small tweaks",
			"5.4.3": "Fixed dupe bug",
			"5.4.4": "JEI dupe bug fix and more",
			"5.4.5": "Dyeable backpacks update! :>",
			"5.4.6": "More backpacks and bug fixes",
			"5.4.7": "Exploit and bug fixes",
			"5.4.8": "Fixed spawn point setting",
			"5.4.9": "20 new backpacks",
			"5.4.10": "Added backpack abilties",
			"5.4.11": "Code cleanup",
			"5.4.12": "Fixed crash",
			"5.4.13": "Added sorting buttons",
			"5.4.14": "Fixed LAN crash",
			"5.4.15": "Fixed few bugs",
			"5.4.16": "Fixed crash",
			"5.4.17": "Fixed bugs",
			"5.4.18": "Fixed crash",
			"5.4.19": "Fixed curio dupe bug",
			"5.4.20": "Added 9 new abilities",
			"5.4.21": "Added too many backpacks slowness effect",
			"5.4.22": "Fixed abilities",
			"5.4.23": "Added colorable sleeping bags",
			"5.4.24": "Bug fixes",
			"5.4.25": "Added slot memory",
			"5.4.26": "Added dedicated settings menu",
			"5.4.28": "Added milk and milk effect",
			"5.4.29": "Mobs can spawn with backpack equipped",
			"5.4.31": "Added /restore command",
			"5.4.32": "Added void protection config option",
			"5.4.33": "Fixed bad coded coordinates",
			"5.4.35": "Tweaked config and commands",
			"5.4.36": "Added backpack tiers",
			"5.4.37": "Changed tier upgrades recipes",
			"5.4.38": "Added enableTierUpgrades config option",
			"5.4.39": "Added Crafting widget",
			"5.4.40": "Fixed dupe bug",
			"5.4.41": "Backpack can be placed in fluids after death",
			"5.4.42": "Added compat with gravestone mods",
			"5.4.43": "Tweaked some recipes",
			"5.4.44": "Misc",
			"5.4.45": "Misc",
			"5.4.46": "Misc",
			"5.4.47": "Added tool slots widget",
			"5.4.48": "Fixed few bugs",
			"5.4.49": "Shift + Right Click with Empty Hand allows to place backpack on the ground",
			"5.4.50": "Sleeping bag can be used without backpack",
			"5.4.51": "Added loot to chests and fixed bugs"
	},
	"1.17.1":  { 
			"6.0.0": "Initial Release",
			"6.0.1": "Fixed datapack issue",
			"6.0.2": "Fixed crash with newest Forge",
			"6.0.3": "Fixed backpack disappearing on death",
			"6.0.4": "JEI integration and more",
			"6.0.5": "Dyeable backpacks update! :>",
			"6.0.6": "More backpacks and bug fixes",
			"6.0.7": "Fixed significant FPS drop",
			"6.0.8": "Fixed dupe bug",
			"6.0.9": "Fixed spawn point setting",
			"6.0.10": "20 new backpacks",
			"6.0.11": "Added backpack abilties",
			"6.0.12": "Code cleanup",
			"6.0.13": "Fixed crash",
			"6.0.14": "Added sorting buttons",
			"6.0.15": "Fixed LAN crash",
			"6.0.16": "Fixed few bugs",
			"6.0.17": "Fixed crash",
			"6.0.18": "Fixed bugs",
			"6.0.19": "Fixed crash",
			"6.0.20": "Fixed curio dupe bug",
			"6.0.21": "Added 9 new abilities",
			"6.0.22": "Added too many backpacks slowness effect",
			"6.0.23": "Fixed abilities",
			"6.0.24": "Added colorable sleeping bags",
			"6.0.25": "Bug fixes",
			"6.0.26": "Added slot memory",
			"6.0.27": "Added dedicated settings menu",
			"6.0.29": "Added milk and milk effect",
			"6.0.30": "Mobs can spawn with backpack equipped",
			"6.0.32": "Added /restore command",
			"6.0.33": "Added void protection config option",
			"6.0.34": "Fixed bad coded coordinates",
			"6.0.36": "Tweaked config and commands",
			"6.0.37": "Added backpack Tiers",
			"6.0.38": "Changed tier upgrades recipes",
			"6.0.39": "Added enableTierUpgrades config option",
			"6.0.40": "Added Crafting widget",
			"6.0.41": "Fixed dupe bug",
			"6.0.42": "Backpack can be placed in fluids after death",
			"6.0.43": "Added compat with gravestone mods",
			"6.0.44": "Added inventory tooltip in preview",
			"6.0.45": "Misc",
			"6.0.46": "Misc",
			"6.0.47": "Misc",
			"6.0.48": "Added tool slots widget",
			"6.0.49": "Fixed few bugs",
			"6.0.50": "Shift + Right Click with Empty Hand allows to place backpack on the ground",
			"6.0.51": "Sleeping bag can be used without backpack",
			"6.0.52": "Added loot to chests and fixed bugs"
	},
	"1.18.1":  { 
			"7.0.0": "Initial Release",
			"7.0.1": "Backpack lose items bug fix",
			"7.0.2": "New backpacks",
			"7.0.3": "Fixed dupe bug",
			"7.0.4": "Fixed spawn point setting"
	},
	"1.18.2":  { 
			"7.1.0": "Initial Release",
			"7.1.1": "Fixed spawn point setting",
			"7.1.2": "20 new backpacks",
			"7.1.3": "Added backpack abilties",
			"7.1.4": "Code cleanup",
			"7.1.5": "Fixed bug with duplicating buckets",
			"7.1.6": "Fixed crash",
			"7.1.7": "Added sorting buttons",
			"7.1.8": "Fixed LAN crash",
			"7.1.9": "Fixed few bugs",
			"7.1.10": "Fixed crash",
			"7.1.11": "Fixed bugs",
			"7.1.12": "Fixed crash",
			"7.1.13": "Fixed curio dupe bug",
			"7.1.14": "Added 9 new abilities",
			"7.1.15": "Added too many backpacks slowness effect",
			"7.1.16": "Fixed abilities",
			"7.1.17": "Added colorable sleeping bags",
			"7.1.18": "Bug fixes",
			"7.1.20": "Added slot memory",
			"7.1.21": "Added dedicated settings menu",
			"7.1.23": "Added milk and milk effect",
			"7.1.24": "Mobs can spawn with backpack equipped",
			"7.1.26": "Added /restore command",
			"7.1.27": "Added void protection config option",
			"7.1.28": "Fixed bad coded coordinates",
			"7.1.30": "Tweaked config and commands",
			"7.1.31": "Added backpack Tiers",
			"7.1.32": "Changed tier upgrades recipes",
			"7.1.33": "Added enableTierUpgrades config option",
			"7.1.34": "Added Crafting widget",
			"7.1.35": "Fixed dupe bug",
			"7.1.36": "Backpack can be placed in fluids after death",
			"7.1.37": "Added compat with gravestone mods",
			"7.1.38": "Added inventory preview in tooltip",
			"7.1.39": "Misc",
			"7.1.40": "Misc",
			"7.1.41": "Misc",
			"7.1.42": "Added tool slots widget",
			"7.1.43": "Fixed few bugs",
			"7.1.44": "Shift + Right Click with Empty Hand allows to place backpack on the ground",
			"7.1.45": "Sleeping bag can be used without backpack",
			"7.1.46": "Added loot to chests and fixed bugs",
			"7.1.47": "Configuration for backpack slots",
			"7.1.48": "Added recipes to recipe book"
			
	},
	"1.19":  { 
			"8.0.0": "Initial Release",
			"8.0.1": "Fixed crashes",
			"8.0.2": "20 new backpacks",
			"8.0.3": "Added backpack abilties",
			"8.0.4": "Updated Forge",
			"8.0.5": "Fixed few bugs",
			"8.0.6": "Code cleanup",
			"8.0.7": "Fixed crash",
			"8.0.8": "Added sorting buttons"
	},
	"1.19.1":  { 
			"8.1.0": "Initial Release",
			"8.1.1": "Fixed LAN crash"
	},
	"1.19.2":  { 
			"8.2.0": "Initial Release",
			"8.2.1": "Fixed few bugs",
			"8.2.2": "Fixed crash",
			"8.2.3": "Fixed bugs",
			"8.2.4": "Fixed crash",
			"8.2.5": "Fixed curio dupe bug",
			"8.2.6": "Added 9 new abilities",
			"8.2.7": "Added too many backpacks slowness effect",
			"8.2.8": "Fixed abilities",
			"8.2.9": "Added colorable sleeping bags",
			"8.2.10": "Bug fixes",
			"8.2.11": "Added slot memory",
			"8.2.12": "Added dedicated settings menu",
			"8.2.14": "Added milk and milk effect",
			"8.2.15": "Mobs can spawn with backpack equipped",
			"8.2.17": "Added /restore command",
			"8.2.18": "Added void protection config option",
			"8.2.19": "Fixed bad coded coordinates",
			"8.2.21": "Tweaked config and commands",
			"8.2.22": "Added backpack tiers",
			"8.2.23": "Changed tier upgrades recipes",
			"8.2.24": "Missing texture hotfix",
			"8.2.25": "Added enableTierUpgrades config option",
			"8.2.26": "Added Crafting widget",
			"8.2.27": "Fixed dupe bug",
			"8.2.28": "Backpack can be placed in fluids after death",
			"8.2.29": "Added compat with gravestone mods",
			"8.2.30": "Added inventory preview in tooltip",
			"8.2.31": "Misc",
			"8.2.32": "Misc",
			"8.2.33": "Misc",
			"8.2.34": "Added tool slots widget",
			"8.2.35": "Fixed few bugs",
			"8.2.36": "Shift + Right Click with Empty Hand allows to place backpack on the ground",
			"8.2.37": "Sleeping bag can be used without backpack",
			"8.2.38": "Added loot to chests and fixed bugs",
			"8.2.39": "Configuration for backpack slots",
			"8.2.40": "Added recipes to recipe book"
	},
	"1.19.3":  { 
			"8.3.0": "Initial Release",
			"8.3.2": "Added milk and milk effect",
			"8.3.3": "Mobs can spawn with backpack equipped",
			"8.3.5": "Added /restore command",
			"8.2.6": "Added void protection config option",
			"8.2.7": "Fixed bad coded coordinates",
			"8.2.9": "Tweaked config and commands"
	},
	"1.19.4":  { 
			"8.4.2": "Tweaked config and commands",
			"8.4.3": "Added backpack tiers",
			"8.4.4": "Changed tier upgrades recipes",
			"8.4.5": "Added enableTierUpgrades config option",
			"8.4.6": "Added support for new smithing table",
			"8.4.7": "Added support for new smithing table",
			"8.4.8": "Added Crafting widget",
			"8.4.9": "Fixed dupe bug",
			"8.4.10": "Backpack can be placed in fluids after death",
			"8.4.11": "Added compat with gravestone mods",
			"8.4.12": "Added inventory preview in tooltip",
			"8.4.13": "Misc",
			"8.4.14": "Misc",
			"8.4.15": "Misc",
			"8.4.16": "Added tool slots widget",
			"8.4.17": "Fixed few bugs",
			"8.4.18": "Shift + Right Click with Empty Hand allows to place backpack on the ground",
			"8.4.19": "Sleeping bag can be used without backpack",
			"8.4.20": "Added loot to chests and fixed bugs"
	},
	"1.20":  { 
			"9.0.0": "Initial update",
			"9.0.1": "Fixed disappearing backpack on contact with water",
			"9.0.2": "Fixed smithing bug and restored Curios compat"
	},
	"1.20.1":  { 
			"9.1.0": "Initial update",
			"9.1.1": "Initial update",
			"9.1.2": "Fixed dupe bug",
			"9.1.3": "Added compat with gravestone mods",
			"9.1.4": "Added inventory preview in tooltip",
			"9.1.5": "Misc",
			"9.1.6": "Misc",
			"9.1.7": "Misc",
			"9.1.8": "Added tool slots widget",
			"9.1.9": "Fixed few bugs",
			"9.1.10": "Shift + Right Click with Empty Hand allows to place backpack on the ground",
			"9.1.11": "Sleeping bag can be used without backpack",
			"9.1.12": "Configuration for backpack slots",
			"9.1.13": "Added loot to chests and fixed bugs",
			"9.1.14": "Added recipes to recipe book",
			"9.1.15": "Improvements",
			"9.1.16": "Stopped excessive drops of backpack from mob farms, added visibility button, fixed some bugs"
	},
	"1.20.2":  { 
			"9.2.0": "Initial update",
			"9.2.1": "Fixed few bugs",
			"9.2.2": "Shift + Right Click with Empty Hand allows to place backpack on the ground",
			"9.2.3": "Sleeping bag can be used without backpack",
			"9.2.4": "Added loot to chests and fixed bugs"
	},
	"1.20.4":  { 
			"9.4.0": "Initial update",
			"9.4.1": "Configuration for backpack slots",
			"9.4.2": "Added recipes to recipe book"
	}
}
[15Jun2025 17:05:28.953] [Forge Version Check/INFO] [net.minecraftforge.fml.VersionChecker/]: [travelersbackpack] Found status: OUTDATED Current: 9.1.15 Target: 9.1.16
[15Jun2025 17:05:28.955] [Forge Version Check/INFO] [net.minecraftforge.fml.VersionChecker/]: [pickupnotifier] Starting version check at https://raw.githubusercontent.com/Fuzss/modresources/main/update/pickupnotifier.json
[15Jun2025 17:05:28.966] [Forge Version Check/DEBUG] [net.minecraftforge.fml.VersionChecker/]: [pickupnotifier] Received version check data:
{
    "homepage": "https://www.curseforge.com/minecraft/mc-mods/pick-up-notifier",
    "promos": {
        "1.17.1-latest": "2.1.0",
        "1.17.1-recommended": "2.1.0",
        "1.18-latest": "3.1.0",
        "1.18-recommended": "3.1.0",
        "1.18.1-latest": "3.1.0",
        "1.18.1-recommended": "3.1.0",
        "1.18.2-latest": "3.2.1",
        "1.18.2-recommended": "3.2.1",
        "1.19-latest": "4.0.0",
        "1.19-recommended": "4.0.0",
        "1.19.1-latest": "4.2.3",
        "1.19.1-recommended": "4.2.3",
        "1.19.2-latest": "4.2.4",
        "1.19.2-recommended": "4.2.4",
        "1.19.3-latest": "5.0.1",
        "1.19.3-recommended": "5.0.1",
        "1.19.4-latest": "6.0.0",
        "1.19.4-recommended": "6.0.0",
        "1.20-latest": "7.0.0",
        "1.20-recommended": "7.0.0",
        "1.20.1-latest": "8.0.0",
        "1.20.1-recommended": "8.0.0",
        "1.20.4-latest": "20.4.2",
        "1.20.4-recommended": "20.4.2",
        "1.21-latest": "21.0.0",
        "1.21-recommended": "21.0.0",
        "1.21.1-latest": "21.1.1",
        "1.21.1-recommended": "21.1.1",
        "1.21.3-latest": "21.3.0",
        "1.21.3-recommended": "21.3.0",
        "1.21.4-latest": "21.4.0",
        "1.21.4-recommended": "21.4.0",
        "1.21.5-latest": "21.5.1",
        "1.21.5-recommended": "21.5.1"
    }
}
[15Jun2025 17:05:28.967] [Forge Version Check/INFO] [net.minecraftforge.fml.VersionChecker/]: [pickupnotifier] Found status: UP_TO_DATE Current: 8.0.0 Target: null
[15Jun2025 17:05:28.967] [Forge Version Check/INFO] [net.minecraftforge.fml.VersionChecker/]: [puzzlesaccessapi] Starting version check at https://raw.githubusercontent.com/Fuzss/modresources/main/update/puzzlesaccessapi.json
[15Jun2025 17:05:28.978] [Forge Version Check/DEBUG] [net.minecraftforge.fml.VersionChecker/]: [puzzlesaccessapi] Received version check data:
{
    "homepage": "https://github.com/Fuzss/puzzlesaccessapi",
    "promos": {}
}
[15Jun2025 17:05:28.978] [Forge Version Check/INFO] [net.minecraftforge.fml.VersionChecker/]: [puzzlesaccessapi] Found status: BETA Current: 8.0.7 Target: null
[15Jun2025 17:05:28.978] [Forge Version Check/INFO] [net.minecraftforge.fml.VersionChecker/]: [forge] Starting version check at https://files.minecraftforge.net/net/minecraftforge/forge/promotions_slim.json
[15Jun2025 17:05:29.146] [Forge Version Check/DEBUG] [net.minecraftforge.fml.VersionChecker/]: [forge] Received version check data:
{
  "homepage": "https://files.minecraftforge.net/net/minecraftforge/forge/",
  "promos": {
    "1.1-latest": "1.3.4.29",
    "1.2.3-latest": "1.4.1.64",
    "1.2.4-latest": "2.0.0.68",
    "1.2.5-latest": "3.4.9.171",
    "1.3.2-latest": "4.3.5.318",
    "1.4.0-latest": "5.0.0.326",
    "1.4.1-latest": "6.0.0.329",
    "1.4.2-latest": "6.0.1.355",
    "1.4.3-latest": "6.2.1.358",
    "1.4.4-latest": "6.3.0.378",
    "1.4.5-latest": "6.4.2.448",
    "1.4.6-latest": "6.5.0.489",
    "1.4.7-latest": "6.6.2.534",
    "1.5-latest": "7.7.0.598",
    "1.5.1-latest": "7.7.2.682",
    "1.5.2-latest": "7.8.1.738",
    "1.5.2-recommended": "7.8.1.738",
    "1.6.1-latest": "8.9.0.775",
    "1.6.2-latest": "9.10.1.871",
    "1.6.2-recommended": "9.10.1.871",
    "1.6.3-latest": "9.11.0.878",
    "1.6.4-latest": "9.11.1.1345",
    "1.6.4-recommended": "9.11.1.1345",
    "1.7.2-latest": "10.12.2.1161",
    "1.7.2-recommended": "10.12.2.1161",
    "1.7.10_pre4-latest": "10.12.2.1149",
    "1.7.10-latest": "10.13.4.1614",
    "1.7.10-recommended": "10.13.4.1614",
    "1.8-latest": "11.14.4.1577",
    "1.8-recommended": "11.14.4.1563",
    "1.8.8-latest": "11.15.0.1655",
    "1.8.9-latest": "11.15.1.2318",
    "1.8.9-recommended": "11.15.1.2318",
    "1.9-latest": "12.16.1.1938",
    "1.9-recommended": "12.16.1.1887",
    "1.9.4-latest": "12.17.0.2317",
    "1.9.4-recommended": "12.17.0.2317",
    "1.10-latest": "12.18.0.2000",
    "1.10.2-latest": "12.18.3.2511",
    "1.10.2-recommended": "12.18.3.2511",
    "1.11-latest": "13.19.1.2199",
    "1.11-recommended": "13.19.1.2189",
    "1.11.2-latest": "13.20.1.2588",
    "1.11.2-recommended": "13.20.1.2588",
    "1.12-latest": "14.21.1.2443",
    "1.12-recommended": "14.21.1.2387",
    "1.12.1-latest": "14.22.1.2485",
    "1.12.1-recommended": "14.22.1.2478",
    "1.12.2-latest": "14.23.5.2860",
    "1.12.2-recommended": "14.23.5.2859",
    "1.13.2-latest": "25.0.223",
    "1.14.2-latest": "26.0.63",
    "1.14.3-latest": "27.0.60",
    "1.14.4-latest": "28.2.26",
    "1.14.4-recommended": "28.2.26",
    "1.15-latest": "29.0.4",
    "1.15.1-latest": "30.0.51",
    "1.15.2-latest": "31.2.57",
    "1.15.2-recommended": "31.2.57",
    "1.16.1-latest": "32.0.108",
    "1.16.2-latest": "33.0.61",
    "1.16.3-latest": "34.1.42",
    "1.16.3-recommended": "34.1.0",
    "1.16.4-latest": "35.1.37",
    "1.16.4-recommended": "35.1.4",
    "1.16.5-latest": "36.2.42",
    "1.16.5-recommended": "36.2.34",
    "1.17.1-latest": "37.1.1",
    "1.17.1-recommended": "37.1.1",
    "1.18-latest": "38.0.17",
    "1.18.1-latest": "39.1.2",
    "1.18.1-recommended": "39.1.0",
    "1.18.2-recommended": "40.3.0",
    "1.18.2-latest": "40.3.10",
    "1.19-latest": "41.1.0",
    "1.19-recommended": "41.1.0",
    "1.19.1-latest": "42.0.9",
    "1.19.2-recommended": "43.5.0",
    "1.19.2-latest": "43.5.0",
    "1.19.3-latest": "44.1.23",
    "1.19.3-recommended": "44.1.0",
    "1.19.4-recommended": "45.4.0",
    "1.19.4-latest": "45.4.0",
    "1.20-latest": "46.0.14",
    "1.20.1-recommended": "47.4.0",
    "1.20.1-latest": "47.4.2",
    "1.20.2-latest": "48.1.0",
    "1.20.2-recommended": "48.1.0",
    "1.20.3-latest": "49.0.2",
    "1.20.4-latest": "49.2.0",
    "1.20.4-recommended": "49.2.0",
    "1.20.6-latest": "50.2.0",
    "1.20.6-recommended": "50.2.0",
    "1.21-latest": "51.0.33",
    "1.21.1-latest": "52.1.1",
    "1.21.1-recommended": "52.1.0",
    "1.21.3-latest": "53.1.1",
    "1.21.3-recommended": "53.1.0",
    "1.21.4-latest": "54.1.3",
    "1.21.4-recommended": "54.1.0",
    "1.21.5-latest": "55.0.23"
  }
}
[15Jun2025 17:05:29.147] [Forge Version Check/INFO] [net.minecraftforge.fml.VersionChecker/]: [forge] Found status: OUTDATED Current: 47.3.7 Target: 47.4.0
[15Jun2025 17:05:29.150] [Forge Version Check/INFO] [net.minecraftforge.fml.VersionChecker/]: [ultris_mr] Starting version check at https://api.modrinth.com/updates/tA7mQv7R/forge_updates.json
[15Jun2025 17:05:29.237] [Forge Version Check/DEBUG] [net.minecraftforge.fml.VersionChecker/]: [ultris_mr] Received version check data:
{"homepage":"https://modrinth.com/mod/tA7mQv7R","promos":{"1.19.1-recommended":"5.6.7g+mod","1.19-latest":"5.6.7g+mod","1.19.4-recommended":"5.6.8d+mod","1.19.2-recommended":"5.6.7g+mod","1.19.2-latest":"5.6.7g+mod","1.19.4-latest":"5.6.8d+mod","1.19-recommended":"5.6.7g+mod","1.19.3-latest":"5.6.7g+mod","1.20-recommended":"5.6.9c+mod","1.19.3-recommended":"5.6.7g+mod","1.19.1-latest":"5.6.7g+mod","1.20-latest":"5.6.9c+mod","1.20.1-recommended":"5.6.9c+mod","1.20.1-latest":"5.6.9c+mod"}}
[15Jun2025 17:05:29.237] [Forge Version Check/INFO] [net.minecraftforge.fml.VersionChecker/]: [ultris_mr] Found status: OUTDATED Current: 5.6.9c Target: 5.6.9c+mod
[15Jun2025 17:05:29.238] [Forge Version Check/INFO] [net.minecraftforge.fml.VersionChecker/]: [gml] Starting version check at https://maven.moddinginquisition.org/releases/org/groovymc/gml/gml/forge-promotions.json
[15Jun2025 17:05:29.390] [main/INFO] [com.mojang.authlib.yggdrasil.YggdrasilAuthenticationService/]: Environment: authHost='https://authserver.mojang.com', accountsHost='https://api.mojang.com', sessionHost='https://sessionserver.mojang.com', servicesHost='https://api.minecraftservices.com', name='PROD'
[15Jun2025 17:05:29.701] [Forge Version Check/DEBUG] [net.minecraftforge.fml.VersionChecker/]: [gml] Received version check data:
{
  "promos": {
    "1.20-latest": "4.0.4"
  }
}
[15Jun2025 17:05:29.701] [Forge Version Check/INFO] [net.minecraftforge.fml.VersionChecker/]: [gml] Found status: BETA Current: 4.0.9 Target: null
[15Jun2025 17:05:29.702] [Forge Version Check/INFO] [net.minecraftforge.fml.VersionChecker/]: [hangglider] Starting version check at https://raw.githubusercontent.com/Fuzss/modresources/main/update/hangglider.json
[15Jun2025 17:05:29.714] [Forge Version Check/DEBUG] [net.minecraftforge.fml.VersionChecker/]: [hangglider] Received version check data:
{
    "homepage": "https://github.com/Fuzss/hangglider",
    "promos": {
        "1.19.2-latest": "4.0.0",
        "1.19.2-recommended": "4.0.0",
        "1.19.3-latest": "5.0.0",
        "1.19.3-recommended": "5.0.0",
        "1.19.4-latest": "6.0.1",
        "1.19.4-recommended": "6.0.1",
        "1.20-latest": "7.0.0",
        "1.20-recommended": "7.0.0",
        "1.20.1-latest": "8.0.1",
        "1.20.1-recommended": "8.0.1",
        "1.18.2-latest": "3.0.0",
        "1.18.2-recommended": "3.0.0",
        "1.20.4-latest": "20.4.2",
        "1.20.4-recommended": "20.4.2",
        "1.21-latest": "21.0.0",
        "1.21-recommended": "21.0.0",
        "1.21.1-latest": "21.1.0",
        "1.21.1-recommended": "21.1.0",
        "1.21.3-latest": "21.3.0",
        "1.21.3-recommended": "21.3.0",
        "1.21.4-latest": "21.4.0",
        "1.21.4-recommended": "21.4.0",
        "1.21.5-latest": "21.5.0",
        "1.21.5-recommended": "21.5.0"
    }
}
[15Jun2025 17:05:29.714] [Forge Version Check/INFO] [net.minecraftforge.fml.VersionChecker/]: [hangglider] Found status: UP_TO_DATE Current: 8.0.1 Target: null
[15Jun2025 17:05:29.715] [Forge Version Check/INFO] [net.minecraftforge.fml.VersionChecker/]: [mr_dungeons_andtaverns] Starting version check at https://api.modrinth.com/updates/tpehi7ww/forge_updates.json
[15Jun2025 17:05:29.797] [Forge Version Check/DEBUG] [net.minecraftforge.fml.VersionChecker/]: [mr_dungeons_andtaverns] Received version check data:
{"homepage":"https://modrinth.com/mod/tpehi7ww","promos":{"1.21-recommended":"v4.4.4+mod","1.20.3-latest":"3.1.1+mod","1.21.4-recommended":"v4.6.3+mod","1.21-latest":"v4.4.4+mod","1.19.2-recommended":"2.0.2+mod","1.21.3-latest":"v4.5+mod","1.20.4-latest":"3.1.1+mod","1.20.6-recommended":"3.2+mod","1.20.1-recommended":"3.0.3.f+mod","1.20.2-latest":"3.0.3.f+mod","1.21.5-recommended":"v4.7+mod","1.19.1-latest":"2.0.2+mod","1.19.2-latest":"2.0.2+mod","1.20.5-latest":"3.2+mod","1.21.5-latest":"v4.7+mod","1.21.4-latest":"v4.6.3+mod","1.21.2-latest":"v4.5+mod","1.20.2-recommended":"3.0.3.f+mod","1.21.1-latest":"v4.4.4+mod","1.20-latest":"3.0.3.f+mod","1.20.1-latest":"3.0.3.f+mod","1.21.1-recommended":"v4.4.4+mod","1.20.3-recommended":"3.1.1+mod","1.20.6-latest":"3.2+mod","1.19.1-recommended":"2.0.2+mod","1.20-recommended":"3.0.3.f+mod","1.19.3-latest":"2.0.2+mod","1.19.4-latest":"2.0.2+mod","1.20.5-recommended":"3.2+mod","1.19-recommended":"2.0.2+mod","1.19-latest":"2.0.2+mod","1.19.4-recommended":"2.0.2+mod","1.21.3-recommended":"v4.5+mod","1.19.3-recommended":"2.0.2+mod","1.20.4-recommended":"3.1.1+mod","1.21.2-recommended":"v4.5+mod"}}
[15Jun2025 17:05:29.797] [Forge Version Check/INFO] [net.minecraftforge.fml.VersionChecker/]: [mr_dungeons_andtaverns] Found status: OUTDATED Current: 1-v2.1.4 Target: 3.0.3.f+mod
[15Jun2025 17:05:29.798] [Forge Version Check/INFO] [net.minecraftforge.fml.VersionChecker/]: [puzzleslib] Starting version check at https://raw.githubusercontent.com/Fuzss/modresources/main/update/puzzleslib.json
[15Jun2025 17:05:29.809] [Forge Version Check/DEBUG] [net.minecraftforge.fml.VersionChecker/]: [puzzleslib] Received version check data:
{
    "homepage": "https://www.curseforge.com/minecraft/mc-mods/puzzles-lib",
    "promos": {
        "1.16.2-latest": "1.0.15",
        "1.16.2-recommended": "1.0.15",
        "1.16.3-latest": "1.0.15",
        "1.16.3-recommended": "1.0.15",
        "1.16.4-latest": "1.0.15",
        "1.16.4-recommended": "1.0.15",
        "1.16.5-latest": "1.0.15",
        "1.16.5-recommended": "1.0.15",
        "1.17.1-latest": "2.0.2",
        "1.17.1-recommended": "2.0.2",
        "1.18-latest": "3.2.1",
        "1.18-recommended": "3.2.1",
        "1.18.1-latest": "3.2.1",
        "1.18.1-recommended": "3.2.1",
        "1.18.2-latest": "3.5.10",
        "1.18.2-recommended": "3.5.10",
        "1.19-latest": "4.0.18",
        "1.19-recommended": "4.0.18",
        "1.19.1-latest": "4.2.4",
        "1.19.1-recommended": "4.2.4",
        "1.19.2-latest": "4.4.3",
        "1.19.2-recommended": "4.4.3",
        "1.19.3-latest": "5.0.33",
        "1.19.3-recommended": "5.0.33",
        "1.19.4-latest": "6.0.11",
        "1.19.4-recommended": "6.0.11",
        "1.20-latest": "7.0.9",
        "1.20-recommended": "7.0.9",
        "1.20.1-latest": "8.1.32",
        "1.20.1-recommended": "8.1.32",
        "1.20.4-latest": "20.4.52",
        "1.20.4-recommended": "20.4.52",
        "1.21-latest": "21.0.28",
        "1.21-recommended": "21.0.28",
        "1.21.1-latest": "21.1.36",
        "1.21.1-recommended": "21.1.36",
        "1.21.3-latest": "21.3.21",
        "1.21.3-recommended": "21.3.21",
        "1.21.4-latest": "21.4.13",
        "1.21.4-recommended": "21.4.13",
        "1.21.5-latest": "21.5.12",
        "1.21.5-recommended": "21.5.12"
    }
}
[15Jun2025 17:05:29.810] [Forge Version Check/INFO] [net.minecraftforge.fml.VersionChecker/]: [puzzleslib] Found status: OUTDATED Current: 8.1.23 Target: 8.1.32
[15Jun2025 17:05:30.513] [main/DEBUG] [mixin/]: Mixing VanillaPackResourcesAccessor from creativecore.mixins.json into net.minecraft.server.packs.VanillaPackResources
[15Jun2025 17:05:30.515] [main/WARN] [net.minecraft.server.packs.VanillaPackResourcesBuilder/]: Assets URL 'union:/workspaces/peneever/servidor_minecraft/libraries/net/minecraft/server/1.20.1-20230612.114412/server-1.20.1-20230612.114412-srg.jar%23205!/assets/.mcassetsroot' uses unexpected schema
[15Jun2025 17:05:30.515] [main/WARN] [net.minecraft.server.packs.VanillaPackResourcesBuilder/]: Assets URL 'union:/workspaces/peneever/servidor_minecraft/libraries/net/minecraft/server/1.20.1-20230612.114412/server-1.20.1-20230612.114412-srg.jar%23205!/data/.mcassetsroot' uses unexpected schema
[15Jun2025 17:05:30.552] [main/DEBUG] [mixin/]: Mixing PathPackResourcesAccessor from creativecore.mixins.json into net.minecraft.server.packs.PathPackResources
[15Jun2025 17:05:30.558] [main/DEBUG] [net.minecraftforge.server.ServerLifecycleHooks/CORE]: Generating PackInfo named mod:mr_stellarity for mod file /workspaces/peneever/servidor_minecraft/mods/Stellarity-v2-0e.jar
[15Jun2025 17:05:30.558] [main/DEBUG] [net.minecraftforge.server.ServerLifecycleHooks/CORE]: Generating PackInfo named mod:weaponmaster_ydm for mod file /workspaces/peneever/servidor_minecraft/mods/weaponmaster_ydm-forge-1.20.1-4.2.3.jar
[15Jun2025 17:05:30.558] [main/DEBUG] [net.minecraftforge.server.ServerLifecycleHooks/CORE]: Generating PackInfo named mod:skyvillages for mod file /workspaces/peneever/servidor_minecraft/mods/SkyVillages-1.0.4-1.19.2-1.20.1-forge-release.jar
[15Jun2025 17:05:30.558] [main/DEBUG] [net.minecraftforge.server.ServerLifecycleHooks/CORE]: Generating PackInfo named mod:inventorysorter for mod file /workspaces/peneever/servidor_minecraft/mods/inventorysorter-1.20.1-23.0.1.jar
[15Jun2025 17:05:30.559] [main/DEBUG] [net.minecraftforge.server.ServerLifecycleHooks/CORE]: Generating PackInfo named mod:geckolib for mod file /workspaces/peneever/servidor_minecraft/mods/geckolib-forge-1.20.1-4.4.9.jar
[15Jun2025 17:05:30.559] [main/DEBUG] [net.minecraftforge.server.ServerLifecycleHooks/CORE]: Generating PackInfo named mod:easymagic for mod file /workspaces/peneever/servidor_minecraft/mods/EasyMagic-v8.0.1-1.20.1-Forge.jar
[15Jun2025 17:05:30.559] [main/DEBUG] [net.minecraftforge.server.ServerLifecycleHooks/CORE]: Generating PackInfo named mod:jei for mod file /workspaces/peneever/servidor_minecraft/mods/jei-1.20.1-forge-15.19.0.88.jar
[15Jun2025 17:05:30.559] [main/DEBUG] [net.minecraftforge.server.ServerLifecycleHooks/CORE]: Generating PackInfo named mod:naturalist for mod file /workspaces/peneever/servidor_minecraft/mods/naturalist-forge-4.0.3-1.20.1.jar
[15Jun2025 17:05:30.560] [main/DEBUG] [net.minecraftforge.server.ServerLifecycleHooks/CORE]: Generating PackInfo named mod:libraryferret for mod file /workspaces/peneever/servidor_minecraft/mods/libraryferret-forge-1.20.1-4.0.0.jar
[15Jun2025 17:05:30.561] [main/DEBUG] [net.minecraftforge.server.ServerLifecycleHooks/CORE]: Generating PackInfo named mod:incendium for mod file /workspaces/peneever/servidor_minecraft/mods/Incendium_1.20.1_v5.3.1.jar
[15Jun2025 17:05:30.561] [main/DEBUG] [net.minecraftforge.server.ServerLifecycleHooks/CORE]: Generating PackInfo named mod:sound_physics_remastered for mod file /workspaces/peneever/servidor_minecraft/mods/sound-physics-remastered-forge-1.20.1-1.4.5.jar
[15Jun2025 17:05:30.561] [main/DEBUG] [net.minecraftforge.server.ServerLifecycleHooks/CORE]: Generating PackInfo named mod:structureessentials for mod file /workspaces/peneever/servidor_minecraft/mods/structureessentials-1.20.1-3.4.jar
[15Jun2025 17:05:30.561] [main/DEBUG] [net.minecraftforge.server.ServerLifecycleHooks/CORE]: Generating PackInfo named mod:fallingleaves for mod file /workspaces/peneever/servidor_minecraft/mods/Fallingleaves-1.20-2.1.0-beta.1.jar
[15Jun2025 17:05:30.562] [main/DEBUG] [net.minecraftforge.server.ServerLifecycleHooks/CORE]: Generating PackInfo named mod:structory for mod file /workspaces/peneever/servidor_minecraft/mods/Structory_1.20.x_v1.3.5.jar
[15Jun2025 17:05:30.562] [main/DEBUG] [net.minecraftforge.server.ServerLifecycleHooks/CORE]: Generating PackInfo named mod:clumps for mod file /workspaces/peneever/servidor_minecraft/mods/Clumps-forge-1.20.1-12.0.0.4.jar
[15Jun2025 17:05:30.562] [main/DEBUG] [net.minecraftforge.server.ServerLifecycleHooks/CORE]: Generating PackInfo named mod:travelersbackpack for mod file /workspaces/peneever/servidor_minecraft/mods/travelersbackpack-forge-1.20.1-9.1.15.jar
[15Jun2025 17:05:30.562] [main/DEBUG] [net.minecraftforge.server.ServerLifecycleHooks/CORE]: Generating PackInfo named mod:yungsapi for mod file /workspaces/peneever/servidor_minecraft/mods/YungsApi-1.20-Forge-4.0.5.jar
[15Jun2025 17:05:30.563] [main/DEBUG] [net.minecraftforge.server.ServerLifecycleHooks/CORE]: Generating PackInfo named mod:mixinextras for mod file 
[15Jun2025 17:05:30.563] [main/DEBUG] [net.minecraftforge.server.ServerLifecycleHooks/CORE]: Generating PackInfo named mod:myserveriscompatible for mod file /workspaces/peneever/servidor_minecraft/mods/MyServerIsCompatible-1.20-1.0.jar
[15Jun2025 17:05:30.564] [main/DEBUG] [net.minecraftforge.server.ServerLifecycleHooks/CORE]: Generating PackInfo named mod:pickupnotifier for mod file /workspaces/peneever/servidor_minecraft/mods/PickUpNotifier-v8.0.0-1.20.1-Forge.jar
[15Jun2025 17:05:30.564] [main/DEBUG] [net.minecraftforge.server.ServerLifecycleHooks/CORE]: Generating PackInfo named mod:terralith for mod file /workspaces/peneever/servidor_minecraft/mods/Terralith_1.20.x_v2.5.4.jar
[15Jun2025 17:05:30.565] [main/DEBUG] [net.minecraftforge.server.ServerLifecycleHooks/CORE]: Generating PackInfo named mod:carryon for mod file /workspaces/peneever/servidor_minecraft/mods/carryon-forge-1.20.1-2.1.2.7.jar
[15Jun2025 17:05:30.565] [main/DEBUG] [net.minecraftforge.server.ServerLifecycleHooks/CORE]: Generating PackInfo named mod:puzzlesaccessapi for mod file 
[15Jun2025 17:05:30.565] [main/DEBUG] [net.minecraftforge.server.ServerLifecycleHooks/CORE]: Generating PackInfo named mod:betterfortresses for mod file /workspaces/peneever/servidor_minecraft/mods/YungsBetterNetherFortresses-1.20-Forge-2.0.6.jar
[15Jun2025 17:05:30.565] [main/DEBUG] [net.minecraftforge.server.ServerLifecycleHooks/CORE]: Generating PackInfo named mod:dungeons_arise_seven_seas for mod file /workspaces/peneever/servidor_minecraft/mods/DungeonsAriseSevenSeas-1.20.x-1.0.2-forge.jar
[15Jun2025 17:05:30.565] [main/DEBUG] [net.minecraftforge.server.ServerLifecycleHooks/CORE]: Generating PackInfo named mod:forge for mod file /workspaces/peneever/servidor_minecraft/libraries/net/minecraftforge/forge/1.20.1-47.3.7/forge-1.20.1-47.3.7-universal.jar
[15Jun2025 17:05:30.566] [main/DEBUG] [net.minecraftforge.server.ServerLifecycleHooks/CORE]: Generating PackInfo named mod:embeddium for mod file /workspaces/peneever/servidor_minecraft/mods/embeddium-0.3.31+mc1.20.1.jar
[15Jun2025 17:05:30.567] [main/DEBUG] [net.minecraftforge.server.ServerLifecycleHooks/CORE]: Generating PackInfo named mod:ultris_mr for mod file /workspaces/peneever/servidor_minecraft/mods/ultris-v5.6.9c.jar
[15Jun2025 17:05:30.567] [main/DEBUG] [net.minecraftforge.server.ServerLifecycleHooks/CORE]: Generating PackInfo named mod:friendsandfoes for mod file /workspaces/peneever/servidor_minecraft/mods/friendsandfoes-forge-mc1.20.1-2.0.17.jar
[15Jun2025 17:05:30.567] [main/DEBUG] [net.minecraftforge.server.ServerLifecycleHooks/CORE]: Generating PackInfo named mod:dungeons_arise for mod file /workspaces/peneever/servidor_minecraft/mods/DungeonsArise-1.20.1-2.1.57-release.jar
[15Jun2025 17:05:30.567] [main/DEBUG] [net.minecraftforge.server.ServerLifecycleHooks/CORE]: Generating PackInfo named mod:farmersdelight for mod file /workspaces/peneever/servidor_minecraft/mods/FarmersDelight-1.20.1-1.2.4.jar
[15Jun2025 17:05:30.568] [main/DEBUG] [net.minecraftforge.server.ServerLifecycleHooks/CORE]: Generating PackInfo named mod:entity_texture_features for mod file /workspaces/peneever/servidor_minecraft/mods/entity_texture_features_forge_1.20.1-6.2.9.jar
[15Jun2025 17:05:30.568] [main/DEBUG] [net.minecraftforge.server.ServerLifecycleHooks/CORE]: Generating PackInfo named mod:endermanoverhaul for mod file /workspaces/peneever/servidor_minecraft/mods/endermanoverhaul-forge-1.20.1-1.0.4.jar
[15Jun2025 17:05:30.568] [main/DEBUG] [net.minecraftforge.server.ServerLifecycleHooks/CORE]: Generating PackInfo named mod:ambientsounds for mod file /workspaces/peneever/servidor_minecraft/mods/AmbientSounds_FORGE_v6.0.6_mc1.20.1.jar
[15Jun2025 17:05:30.568] [main/DEBUG] [net.minecraftforge.server.ServerLifecycleHooks/CORE]: Generating PackInfo named mod:gml for mod file 
[15Jun2025 17:05:30.568] [main/DEBUG] [net.minecraftforge.server.ServerLifecycleHooks/CORE]: Generating PackInfo named mod:creativecore for mod file /workspaces/peneever/servidor_minecraft/mods/CreativeCore_FORGE_v2.11.28_mc1.20.1.jar
[15Jun2025 17:05:30.569] [main/DEBUG] [net.minecraftforge.server.ServerLifecycleHooks/CORE]: Generating PackInfo named mod:watching for mod file /workspaces/peneever/servidor_minecraft/mods/From-The-Fog-1.20-v1.9.2-Forge-Fabric.jar
[15Jun2025 17:05:30.569] [main/DEBUG] [net.minecraftforge.server.ServerLifecycleHooks/CORE]: Generating PackInfo named mod:resourcefulconfig for mod file /workspaces/peneever/servidor_minecraft/mods/resourcefulconfig-forge-1.20.1-2.1.2.jar
[15Jun2025 17:05:30.569] [main/DEBUG] [net.minecraftforge.server.ServerLifecycleHooks/CORE]: Generating PackInfo named mod:hangglider for mod file /workspaces/peneever/servidor_minecraft/mods/HangGlider-v8.0.1-1.20.1-Forge.jar
[15Jun2025 17:05:30.569] [main/DEBUG] [net.minecraftforge.server.ServerLifecycleHooks/CORE]: Generating PackInfo named mod:lionfishapi for mod file /workspaces/peneever/servidor_minecraft/mods/lionfishapi-1.9.jar
[15Jun2025 17:05:30.569] [main/DEBUG] [net.minecraftforge.server.ServerLifecycleHooks/CORE]: Generating PackInfo named mod:cataclysm for mod file /workspaces/peneever/servidor_minecraft/mods/L_Enders_Cataclysm-1.99.6-1.20.1.jar
[15Jun2025 17:05:30.570] [main/DEBUG] [net.minecraftforge.server.ServerLifecycleHooks/CORE]: Generating PackInfo named mod:curios for mod file /workspaces/peneever/servidor_minecraft/mods/curios-forge-5.9.1+1.20.1.jar
[15Jun2025 17:05:30.570] [main/DEBUG] [net.minecraftforge.server.ServerLifecycleHooks/CORE]: Generating PackInfo named mod:commongroovylibrary for mod file 
[15Jun2025 17:05:30.571] [main/DEBUG] [net.minecraftforge.server.ServerLifecycleHooks/CORE]: Generating PackInfo named mod:mr_dungeons_andtaverns for mod file /workspaces/peneever/servidor_minecraft/mods/dungeons-and-taverns-v2.1.4 [Forge].jar
[15Jun2025 17:05:30.571] [main/DEBUG] [net.minecraftforge.server.ServerLifecycleHooks/CORE]: Generating PackInfo named mod:entityculling for mod file /workspaces/peneever/servidor_minecraft/mods/entityculling-forge-1.7.0-mc1.20.1.jar
[15Jun2025 17:05:30.571] [main/DEBUG] [net.minecraftforge.server.ServerLifecycleHooks/CORE]: Generating PackInfo named mod:doespotatotick for mod file /workspaces/peneever/servidor_minecraft/mods/doespotatotick-1.20.1-4.0.2.jar
[15Jun2025 17:05:30.572] [main/DEBUG] [net.minecraftforge.server.ServerLifecycleHooks/CORE]: Generating PackInfo named mod:bettervillage for mod file /workspaces/peneever/servidor_minecraft/mods/bettervillage-forge-1.20.1-3.2.0.jar
[15Jun2025 17:05:30.572] [main/DEBUG] [net.minecraftforge.server.ServerLifecycleHooks/CORE]: Generating PackInfo named mod:resourcefullib for mod file 
[15Jun2025 17:05:30.573] [main/DEBUG] [net.minecraftforge.server.ServerLifecycleHooks/CORE]: Generating PackInfo named mod:immediatelyfast for mod file /workspaces/peneever/servidor_minecraft/mods/ImmediatelyFast-Forge-1.2.20+1.20.4.jar
[15Jun2025 17:05:30.573] [main/DEBUG] [net.minecraftforge.server.ServerLifecycleHooks/CORE]: Generating PackInfo named mod:eatinganimation for mod file /workspaces/peneever/servidor_minecraft/mods/eatinganimation-1.20-5.0.0.jar
[15Jun2025 17:05:30.573] [main/DEBUG] [net.minecraftforge.server.ServerLifecycleHooks/CORE]: Generating PackInfo named mod:deeperdarker for mod file /workspaces/peneever/servidor_minecraft/mods/deeperdarker-forge-1.20.1-1.3.3.jar
[15Jun2025 17:05:30.574] [main/DEBUG] [net.minecraftforge.server.ServerLifecycleHooks/CORE]: Generating PackInfo named mod:creeperoverhaul for mod file /workspaces/peneever/servidor_minecraft/mods/creeperoverhaul-3.0.2-forge.jar
[15Jun2025 17:05:30.574] [main/DEBUG] [net.minecraftforge.server.ServerLifecycleHooks/CORE]: Generating PackInfo named mod:architectury for mod file /workspaces/peneever/servidor_minecraft/mods/architectury-9.2.14-forge.jar
[15Jun2025 17:05:30.574] [main/DEBUG] [net.minecraftforge.server.ServerLifecycleHooks/CORE]: Generating PackInfo named mod:moremobvariants for mod file /workspaces/peneever/servidor_minecraft/mods/moremobvariants-forge+1.20.1-1.3.0.1.jar
[15Jun2025 17:05:30.574] [main/DEBUG] [net.minecraftforge.server.ServerLifecycleHooks/CORE]: Generating PackInfo named mod:ferritecore for mod file /workspaces/peneever/servidor_minecraft/mods/ferritecore-6.0.1-forge.jar
[15Jun2025 17:05:30.575] [main/DEBUG] [net.minecraftforge.server.ServerLifecycleHooks/CORE]: Generating PackInfo named mod:cupboard for mod file /workspaces/peneever/servidor_minecraft/mods/cupboard-1.20.1-2.7.jar
[15Jun2025 17:05:30.575] [main/DEBUG] [net.minecraftforge.server.ServerLifecycleHooks/CORE]: Generating PackInfo named mod:puzzleslib for mod file /workspaces/peneever/servidor_minecraft/mods/PuzzlesLib-v8.1.23-1.20.1-Forge.jar
[15Jun2025 17:05:30.575] [main/DEBUG] [net.minecraftforge.server.ServerLifecycleHooks/CORE]: Generating PackInfo named mod:bettermineshafts for mod file /workspaces/peneever/servidor_minecraft/mods/YungsBetterMineshafts-1.20-Forge-4.0.4.jar
[15Jun2025 17:05:30.575] [main/DEBUG] [net.minecraftforge.server.ServerLifecycleHooks/CORE]: Generating PackInfo named mod:betteradvancements for mod file /workspaces/peneever/servidor_minecraft/mods/BetterAdvancements-Forge-1.20.1-0.4.2.10.jar
[15Jun2025 17:05:30.640] [main/ERROR] [net.minecraft.Util/]: Invalid path in pack: fokastudio:worldgen/biome/README.md, ignoring
[15Jun2025 17:05:32.546] [main/DEBUG] [mixin/]: Mixing MixinLootDataManager from architectury.mixins.json into net.minecraft.world.level.storage.loot.LootDataManager
[15Jun2025 17:05:32.548] [main/DEBUG] [mixin/]: Mixing LootDataManagerForgeMixin from puzzleslib.forge.mixins.json into net.minecraft.world.level.storage.loot.LootDataManager
[15Jun2025 17:05:32.566] [main/DEBUG] [mixin/]: Mixing CommandExceptionLoggingMixin from cupboard.mixins.json into net.minecraft.commands.Commands
[15Jun2025 17:05:32.668] [main/DEBUG] [mixin/]: Mixing LocateVanillaFortressCommandMixin from betterfortresses.mixins.json into net.minecraft.server.commands.LocateCommand
[15Jun2025 17:05:32.669] [main/DEBUG] [mixin/]: Mixing LocateVanillaMineshaftCommandMixin from bettermineshafts.mixins.json into net.minecraft.server.commands.LocateCommand
[15Jun2025 17:05:32.711] [main/DEBUG] [net.minecraftforge.coremod.transformer.CoreModBaseTransformer/COREMOD]: Transforming net/minecraft/server/commands/SummonCommand
[15Jun2025 17:05:33.184] [Worker-Main-3/DEBUG] [mixin/]: Mixing MixinNbtPredicate from curios.mixins.json into net.minecraft.advancements.critereon.NbtPredicate
[15Jun2025 17:05:33.193] [Worker-Main-1/DEBUG] [net.minecraftforge.coremod.transformer.CoreModBaseTransformer/COREMOD]: Transforming net/minecraft/world/entity/raid/Raid
[15Jun2025 17:05:33.248] [Worker-Main-1/DEBUG] [mixin/]: Mixing RaidMixin from friendsandfoes-common.mixins.json into net.minecraft.world.entity.raid.Raid
[15Jun2025 17:05:34.673] [main/ERROR] [net.minecraft.world.item.crafting.RecipeManager/]: Parsing error loading recipe naturalist:frontier_cap
com.google.gson.JsonSyntaxException: Invalid or unsupported recipe type 'forge:mod_loaded'
	at net.minecraft.world.item.crafting.RecipeManager.m_220253_(RecipeManager.java:170) ~[server-1.20.1-20230612.114412-srg.jar%23205!/:?]
	at java.util.Optional.orElseThrow(Optional.java:403) ~[?:?]
	at net.minecraft.world.item.crafting.RecipeManager.fromJson(RecipeManager.java:169) ~[server-1.20.1-20230612.114412-srg.jar%23205!/:?]
	at net.minecraft.world.item.crafting.RecipeManager.m_5787_(RecipeManager.java:67) ~[server-1.20.1-20230612.114412-srg.jar%23205!/:?]
	at net.minecraft.world.item.crafting.RecipeManager.m_5787_(RecipeManager.java:34) ~[server-1.20.1-20230612.114412-srg.jar%23205!/:?]
	at net.minecraft.server.packs.resources.SimplePreparableReloadListener.m_10789_(SimplePreparableReloadListener.java:13) ~[server-1.20.1-20230612.114412-srg.jar%23205!/:?]
	at java.util.concurrent.CompletableFuture$UniAccept.tryFire(CompletableFuture.java:718) ~[?:?]
	at java.util.concurrent.CompletableFuture$Completion.run(CompletableFuture.java:482) ~[?:?]
	at net.minecraft.server.packs.resources.SimpleReloadInstance.m_143940_(SimpleReloadInstance.java:69) ~[server-1.20.1-20230612.114412-srg.jar%23205!/:?]
	at net.minecraft.Util.m_214652_(Util.java:783) ~[server-1.20.1-20230612.114412-srg.jar%23205!/:?]
	at net.minecraft.Util.m_214679_(Util.java:772) ~[server-1.20.1-20230612.114412-srg.jar%23205!/:?]
	at net.minecraft.server.Main.main(Main.java:166) ~[server-1.20.1-20230612.114412-srg.jar%23205!/:?]
	at jdk.internal.reflect.NativeMethodAccessorImpl.invoke0(Native Method) ~[?:?]
	at jdk.internal.reflect.NativeMethodAccessorImpl.invoke(NativeMethodAccessorImpl.java:77) ~[?:?]
	at jdk.internal.reflect.DelegatingMethodAccessorImpl.invoke(DelegatingMethodAccessorImpl.java:43) ~[?:?]
	at java.lang.reflect.Method.invoke(Method.java:569) ~[?:?]
	at net.minecraftforge.fml.loading.targets.CommonLaunchHandler.runTarget(CommonLaunchHandler.java:111) ~[fmlloader-1.20.1-47.3.7.jar%2367!/:?]
	at net.minecraftforge.fml.loading.targets.CommonLaunchHandler.serverService(CommonLaunchHandler.java:103) ~[fmlloader-1.20.1-47.3.7.jar%2367!/:?]
	at net.minecraftforge.fml.loading.targets.CommonServerLaunchHandler.lambda$makeService$0(CommonServerLaunchHandler.java:27) ~[fmlloader-1.20.1-47.3.7.jar%2367!/:?]
	at cpw.mods.modlauncher.LaunchServiceHandlerDecorator.launch(LaunchServiceHandlerDecorator.java:30) ~[modlauncher-10.0.9.jar%2353!/:?]
	at cpw.mods.modlauncher.LaunchServiceHandler.launch(LaunchServiceHandler.java:53) ~[modlauncher-10.0.9.jar%2353!/:?]
	at cpw.mods.modlauncher.LaunchServiceHandler.launch(LaunchServiceHandler.java:71) ~[modlauncher-10.0.9.jar%2353!/:?]
	at cpw.mods.modlauncher.Launcher.run(Launcher.java:108) ~[modlauncher-10.0.9.jar%2353!/:?]
	at cpw.mods.modlauncher.Launcher.main(Launcher.java:78) ~[modlauncher-10.0.9.jar%2353!/:?]
	at cpw.mods.modlauncher.BootstrapLaunchConsumer.accept(BootstrapLaunchConsumer.java:26) ~[modlauncher-10.0.9.jar%2353!/:?]
	at cpw.mods.modlauncher.BootstrapLaunchConsumer.accept(BootstrapLaunchConsumer.java:23) ~[modlauncher-10.0.9.jar%2353!/:?]
	at cpw.mods.bootstraplauncher.BootstrapLauncher.main(BootstrapLauncher.java:141) ~[bootstraplauncher-1.1.2.jar:?]
[15Jun2025 17:05:34.703] [main/ERROR] [net.minecraft.world.item.crafting.RecipeManager/]: Parsing error loading recipe naturalist:frontier_cap_alt
com.google.gson.JsonSyntaxException: Invalid or unsupported recipe type 'forge:mod_loaded'
	at net.minecraft.world.item.crafting.RecipeManager.m_220253_(RecipeManager.java:170) ~[server-1.20.1-20230612.114412-srg.jar%23205!/:?]
	at java.util.Optional.orElseThrow(Optional.java:403) ~[?:?]
	at net.minecraft.world.item.crafting.RecipeManager.fromJson(RecipeManager.java:169) ~[server-1.20.1-20230612.114412-srg.jar%23205!/:?]
	at net.minecraft.world.item.crafting.RecipeManager.m_5787_(RecipeManager.java:67) ~[server-1.20.1-20230612.114412-srg.jar%23205!/:?]
	at net.minecraft.world.item.crafting.RecipeManager.m_5787_(RecipeManager.java:34) ~[server-1.20.1-20230612.114412-srg.jar%23205!/:?]
	at net.minecraft.server.packs.resources.SimplePreparableReloadListener.m_10789_(SimplePreparableReloadListener.java:13) ~[server-1.20.1-20230612.114412-srg.jar%23205!/:?]
	at java.util.concurrent.CompletableFuture$UniAccept.tryFire(CompletableFuture.java:718) ~[?:?]
	at java.util.concurrent.CompletableFuture$Completion.run(CompletableFuture.java:482) ~[?:?]
	at net.minecraft.server.packs.resources.SimpleReloadInstance.m_143940_(SimpleReloadInstance.java:69) ~[server-1.20.1-20230612.114412-srg.jar%23205!/:?]
	at net.minecraft.Util.m_214652_(Util.java:783) ~[server-1.20.1-20230612.114412-srg.jar%23205!/:?]
	at net.minecraft.Util.m_214679_(Util.java:772) ~[server-1.20.1-20230612.114412-srg.jar%23205!/:?]
	at net.minecraft.server.Main.main(Main.java:166) ~[server-1.20.1-20230612.114412-srg.jar%23205!/:?]
	at jdk.internal.reflect.NativeMethodAccessorImpl.invoke0(Native Method) ~[?:?]
	at jdk.internal.reflect.NativeMethodAccessorImpl.invoke(NativeMethodAccessorImpl.java:77) ~[?:?]
	at jdk.internal.reflect.DelegatingMethodAccessorImpl.invoke(DelegatingMethodAccessorImpl.java:43) ~[?:?]
	at java.lang.reflect.Method.invoke(Method.java:569) ~[?:?]
	at net.minecraftforge.fml.loading.targets.CommonLaunchHandler.runTarget(CommonLaunchHandler.java:111) ~[fmlloader-1.20.1-47.3.7.jar%2367!/:?]
	at net.minecraftforge.fml.loading.targets.CommonLaunchHandler.serverService(CommonLaunchHandler.java:103) ~[fmlloader-1.20.1-47.3.7.jar%2367!/:?]
	at net.minecraftforge.fml.loading.targets.CommonServerLaunchHandler.lambda$makeService$0(CommonServerLaunchHandler.java:27) ~[fmlloader-1.20.1-47.3.7.jar%2367!/:?]
	at cpw.mods.modlauncher.LaunchServiceHandlerDecorator.launch(LaunchServiceHandlerDecorator.java:30) ~[modlauncher-10.0.9.jar%2353!/:?]
	at cpw.mods.modlauncher.LaunchServiceHandler.launch(LaunchServiceHandler.java:53) ~[modlauncher-10.0.9.jar%2353!/:?]
	at cpw.mods.modlauncher.LaunchServiceHandler.launch(LaunchServiceHandler.java:71) ~[modlauncher-10.0.9.jar%2353!/:?]
	at cpw.mods.modlauncher.Launcher.run(Launcher.java:108) ~[modlauncher-10.0.9.jar%2353!/:?]
	at cpw.mods.modlauncher.Launcher.main(Launcher.java:78) ~[modlauncher-10.0.9.jar%2353!/:?]
	at cpw.mods.modlauncher.BootstrapLaunchConsumer.accept(BootstrapLaunchConsumer.java:26) ~[modlauncher-10.0.9.jar%2353!/:?]
	at cpw.mods.modlauncher.BootstrapLaunchConsumer.accept(BootstrapLaunchConsumer.java:23) ~[modlauncher-10.0.9.jar%2353!/:?]
	at cpw.mods.bootstraplauncher.BootstrapLauncher.main(BootstrapLauncher.java:141) ~[bootstraplauncher-1.1.2.jar:?]
[15Jun2025 17:05:34.782] [main/INFO] [net.minecraft.world.item.crafting.RecipeManager/]: Loaded 11 recipes
[15Jun2025 17:05:34.790] [main/ERROR] [net.minecraft.server.ServerFunctionLibrary/]: Failed to load function watching:check
java.util.concurrent.CompletionException: java.lang.IllegalArgumentException: Whilst parsing command on line 1: Unknown or incomplete command, see below for error at position 0: <--[HERE]
	at java.util.concurrent.CompletableFuture.encodeThrowable(CompletableFuture.java:315) ~[?:?]
	at java.util.concurrent.CompletableFuture.completeThrowable(CompletableFuture.java:320) ~[?:?]
	at java.util.concurrent.CompletableFuture$AsyncSupply.run(CompletableFuture.java:1770) ~[?:?]
	at java.util.concurrent.CompletableFuture$AsyncSupply.exec(CompletableFuture.java:1760) ~[?:?]
	at java.util.concurrent.ForkJoinTask.doExec(ForkJoinTask.java:373) ~[?:?]
	at java.util.concurrent.ForkJoinPool$WorkQueue.topLevelExec(ForkJoinPool.java:1182) ~[?:?]
	at java.util.concurrent.ForkJoinPool.scan(ForkJoinPool.java:1655) ~[?:?]
	at java.util.concurrent.ForkJoinPool.runWorker(ForkJoinPool.java:1622) ~[?:?]
	at java.util.concurrent.ForkJoinWorkerThread.run(ForkJoinWorkerThread.java:165) ~[?:?]
Caused by: java.lang.IllegalArgumentException: Whilst parsing command on line 1: Unknown or incomplete command, see below for error at position 0: <--[HERE]
	at net.minecraft.commands.CommandFunction.m_77984_(CommandFunction.java:63) ~[server-1.20.1-20230612.114412-srg.jar%23205!/:?]
	at net.minecraft.server.ServerFunctionLibrary.m_214320_(ServerFunctionLibrary.java:83) ~[server-1.20.1-20230612.114412-srg.jar%23205!/:?]
	at java.util.concurrent.CompletableFuture$AsyncSupply.run(CompletableFuture.java:1768) ~[?:?]
	... 6 more
[15Jun2025 17:05:35.074] [main/INFO] [net.minecraft.advancements.AdvancementList/]: Loaded 2353 advancements
[15Jun2025 17:05:35.098] [main/INFO] [top.theillusivec4.curios.Curios/]: Loaded 11 curio slots
[15Jun2025 17:05:35.106] [main/INFO] [top.theillusivec4.curios.Curios/]: Loaded 1 curio entities
[15Jun2025 17:05:35.108] [main/INFO] [com.github.nyuppo.MoreMobVariants/]: Reloading config...
[15Jun2025 17:05:35.142] [main/WARN] [net.minecraftforge.registries.NamespacedWrapper/]: Not all defined tags for registry ResourceKey[minecraft:root / minecraft:block] are present in data pack: 1_splatus:spellbound/hot
[15Jun2025 17:05:35.938] [main/DEBUG] [net.minecraftforge.common.ForgeHooks/WP]: Gathering id map for writing to world save world
[15Jun2025 17:05:35.954] [main/DEBUG] [net.minecraftforge.common.ForgeHooks/WP]: ID Map collection complete world
[15Jun2025 17:05:36.028] [Server thread/INFO] [net.minecraft.server.dedicated.DedicatedServer/]: Starting minecraft server version 1.20.1
[15Jun2025 17:05:36.029] [Server thread/INFO] [net.minecraft.server.dedicated.DedicatedServer/]: Loading properties
[15Jun2025 17:05:36.029] [Server thread/INFO] [net.minecraft.server.dedicated.DedicatedServer/]: Default game type: SURVIVAL
[15Jun2025 17:05:36.029] [Server thread/INFO] [net.minecraft.server.MinecraftServer/]: Generating keypair
[15Jun2025 17:05:36.112] [Server thread/INFO] [net.minecraft.server.dedicated.DedicatedServer/]: Starting Minecraft server on *:25565
[15Jun2025 17:05:36.131] [Server thread/DEBUG] [net.minecraftforge.network.DualStackUtils/]: Detected IPv6 address: "0:0:0:0:0:0:0:0"
[15Jun2025 17:05:36.140] [Server thread/DEBUG] [io.netty.util.internal.NativeLibraryLoader/]: -Dio.netty.native.workdir: /tmp (io.netty.tmpdir)
[15Jun2025 17:05:36.140] [Server thread/DEBUG] [io.netty.util.internal.NativeLibraryLoader/]: -Dio.netty.native.deleteLibAfterLoading: true
[15Jun2025 17:05:36.140] [Server thread/DEBUG] [io.netty.util.internal.NativeLibraryLoader/]: -Dio.netty.native.tryPatchShadedId: true
[15Jun2025 17:05:36.140] [Server thread/DEBUG] [io.netty.util.internal.NativeLibraryLoader/]: -Dio.netty.native.detectNativeLibraryDuplicates: true
[15Jun2025 17:05:36.152] [Server thread/DEBUG] [io.netty.util.internal.NativeLibraryLoader/]: Successfully loaded the library /tmp/libnetty_transport_native_epoll_x86_644211578701385680080.so
[15Jun2025 17:05:36.156] [Server thread/DEBUG] [io.netty.util.NetUtil/]: -Djava.net.preferIPv4Stack: false
[15Jun2025 17:05:36.156] [Server thread/DEBUG] [io.netty.util.NetUtil/]: -Djava.net.preferIPv6Addresses: true
[15Jun2025 17:05:36.158] [Server thread/DEBUG] [io.netty.util.NetUtilInitializations/]: Loopback interface: lo (lo, 0:0:0:0:0:0:0:1%lo)
[15Jun2025 17:05:36.159] [Server thread/DEBUG] [io.netty.util.NetUtil/]: /proc/sys/net/core/somaxconn: 4096
[15Jun2025 17:05:36.164] [Server thread/INFO] [net.minecraft.server.network.ServerConnectionListener/]: Using epoll channel type
[15Jun2025 17:05:36.187] [Server thread/DEBUG] [io.netty.channel.MultithreadEventLoopGroup/]: -Dio.netty.eventLoopThreads: 8
[15Jun2025 17:05:36.210] [Server thread/DEBUG] [io.netty.util.internal.PlatformDependent/]: org.jctools-core.MpscChunkedArrayQueue: available
[15Jun2025 17:05:36.219] [Server thread/DEBUG] [io.netty.channel.DefaultChannelId/]: -Dio.netty.processId: 6460 (auto-detected)
[15Jun2025 17:05:36.221] [Server thread/DEBUG] [io.netty.channel.DefaultChannelId/]: -Dio.netty.machineId: 7c:1e:52:ff:fe:9b:2e:d8 (auto-detected)
[15Jun2025 17:05:36.250] [Server thread/DEBUG] [io.netty.buffer.PooledByteBufAllocator/]: -Dio.netty.allocator.numHeapArenas: 8
[15Jun2025 17:05:36.250] [Server thread/DEBUG] [io.netty.buffer.PooledByteBufAllocator/]: -Dio.netty.allocator.numDirectArenas: 8
[15Jun2025 17:05:36.250] [Server thread/DEBUG] [io.netty.buffer.PooledByteBufAllocator/]: -Dio.netty.allocator.pageSize: 8192
[15Jun2025 17:05:36.251] [Server thread/DEBUG] [io.netty.buffer.PooledByteBufAllocator/]: -Dio.netty.allocator.maxOrder: 9
[15Jun2025 17:05:36.251] [Server thread/DEBUG] [io.netty.buffer.PooledByteBufAllocator/]: -Dio.netty.allocator.chunkSize: 4194304
[15Jun2025 17:05:36.251] [Server thread/DEBUG] [io.netty.buffer.PooledByteBufAllocator/]: -Dio.netty.allocator.smallCacheSize: 256
[15Jun2025 17:05:36.251] [Server thread/DEBUG] [io.netty.buffer.PooledByteBufAllocator/]: -Dio.netty.allocator.normalCacheSize: 64
[15Jun2025 17:05:36.251] [Server thread/DEBUG] [io.netty.buffer.PooledByteBufAllocator/]: -Dio.netty.allocator.maxCachedBufferCapacity: 32768
[15Jun2025 17:05:36.251] [Server thread/DEBUG] [io.netty.buffer.PooledByteBufAllocator/]: -Dio.netty.allocator.cacheTrimInterval: 8192
[15Jun2025 17:05:36.251] [Server thread/DEBUG] [io.netty.buffer.PooledByteBufAllocator/]: -Dio.netty.allocator.cacheTrimIntervalMillis: 0
[15Jun2025 17:05:36.251] [Server thread/DEBUG] [io.netty.buffer.PooledByteBufAllocator/]: -Dio.netty.allocator.useCacheForAllThreads: false
[15Jun2025 17:05:36.251] [Server thread/DEBUG] [io.netty.buffer.PooledByteBufAllocator/]: -Dio.netty.allocator.maxCachedByteBuffersPerChunk: 1023
[15Jun2025 17:05:36.260] [Server thread/DEBUG] [io.netty.buffer.ByteBufUtil/]: -Dio.netty.allocator.type: pooled
[15Jun2025 17:05:36.260] [Server thread/DEBUG] [io.netty.buffer.ByteBufUtil/]: -Dio.netty.threadLocalDirectBufferSize: 0
[15Jun2025 17:05:36.260] [Server thread/DEBUG] [io.netty.buffer.ByteBufUtil/]: -Dio.netty.maxThreadLocalCharBufferSize: 16384
[15Jun2025 17:05:36.269] [Server thread/WARN] [net.minecraft.server.dedicated.DedicatedServer/]: **** SERVER IS RUNNING IN OFFLINE/INSECURE MODE!
[15Jun2025 17:05:36.269] [Server thread/WARN] [net.minecraft.server.dedicated.DedicatedServer/]: The server will make no attempt to authenticate usernames. Beware.
[15Jun2025 17:05:36.270] [Server thread/WARN] [net.minecraft.server.dedicated.DedicatedServer/]: While this makes the game possible to play without internet access, it also opens up the ability for hackers to connect with any username they choose.
[15Jun2025 17:05:36.270] [Server thread/WARN] [net.minecraft.server.dedicated.DedicatedServer/]: To change this, set "online-mode" to "true" in the server.properties file.
[15Jun2025 17:05:36.288] [Server thread/DEBUG] [net.minecraftforge.fml.config.ConfigTracker/CONFIG]: Loading configs type SERVER
[15Jun2025 17:05:36.288] [Server thread/DEBUG] [net.minecraftforge.fml.config.ConfigFileTypeHandler/CONFIG]: Built TOML config for ./world/serverconfig/inventorysorter-server.toml
[15Jun2025 17:05:36.288] [Server thread/DEBUG] [net.minecraftforge.fml.config.ConfigFileTypeHandler/CONFIG]: Loaded TOML config file ./world/serverconfig/inventorysorter-server.toml
[15Jun2025 17:05:36.289] [Server thread/DEBUG] [net.minecraftforge.fml.config.ConfigFileTypeHandler/CONFIG]: Watching TOML config file ./world/serverconfig/inventorysorter-server.toml for changes
[15Jun2025 17:05:36.290] [Server thread/DEBUG] [net.minecraftforge.fml.config.ConfigFileTypeHandler/CONFIG]: Built TOML config for ./world/serverconfig/jei-server.toml
[15Jun2025 17:05:36.290] [Server thread/DEBUG] [net.minecraftforge.fml.config.ConfigFileTypeHandler/CONFIG]: Loaded TOML config file ./world/serverconfig/jei-server.toml
[15Jun2025 17:05:36.290] [Server thread/DEBUG] [net.minecraftforge.fml.config.ConfigFileTypeHandler/CONFIG]: Watching TOML config file ./world/serverconfig/jei-server.toml for changes
[15Jun2025 17:05:36.290] [Thread-0/DEBUG] [net.minecraftforge.fml.config.ConfigFileTypeHandler/CONFIG]: Config file jei-server.toml changed, sending notifies
[15Jun2025 17:05:36.291] [Thread-0/DEBUG] [net.minecraftforge.fml.config.ConfigFileTypeHandler/CONFIG]: Config file jei-server.toml changed, sending notifies
[15Jun2025 17:05:36.293] [Server thread/DEBUG] [fuzs.puzzleslib.impl.config.core.ForgeConfigFileTypeHandler/CONFIG]: Built TOML config for /workspaces/peneever/servidor_minecraft/config/easymagic-server.toml
[15Jun2025 17:05:36.293] [Server thread/DEBUG] [fuzs.puzzleslib.impl.config.core.ForgeConfigFileTypeHandler/CONFIG]: Loaded TOML config file /workspaces/peneever/servidor_minecraft/config/easymagic-server.toml
[15Jun2025 17:05:36.294] [Server thread/DEBUG] [fuzs.puzzleslib.impl.config.core.ForgeConfigFileTypeHandler/CONFIG]: Watching TOML config file /workspaces/peneever/servidor_minecraft/config/easymagic-server.toml for changes
[15Jun2025 17:05:36.296] [Server thread/INFO] [Puzzles Lib/]: Loading server config for easymagic
[15Jun2025 17:05:36.296] [Server thread/DEBUG] [fuzs.puzzleslib.impl.config.core.ForgeConfigFileTypeHandler/CONFIG]: Built TOML config for /workspaces/peneever/servidor_minecraft/config/pickupnotifier/pickupnotifier-server.toml
[15Jun2025 17:05:36.297] [Thread-0/DEBUG] [fuzs.puzzleslib.impl.config.core.ForgeConfigFileTypeHandler/CONFIG]: Config file easymagic-server.toml changed, sending notifies
[15Jun2025 17:05:36.297] [Server thread/DEBUG] [fuzs.puzzleslib.impl.config.core.ForgeConfigFileTypeHandler/CONFIG]: Loaded TOML config file /workspaces/peneever/servidor_minecraft/config/pickupnotifier/pickupnotifier-server.toml
[15Jun2025 17:05:36.297] [Thread-0/INFO] [Puzzles Lib/]: Reloading server config for easymagic
[15Jun2025 17:05:36.298] [Server thread/DEBUG] [fuzs.puzzleslib.impl.config.core.ForgeConfigFileTypeHandler/CONFIG]: Watching TOML config file /workspaces/peneever/servidor_minecraft/config/pickupnotifier/pickupnotifier-server.toml for changes
[15Jun2025 17:05:36.298] [Server thread/INFO] [Puzzles Lib/]: Loading server config for pickupnotifier
[15Jun2025 17:05:36.298] [Server thread/DEBUG] [net.minecraftforge.fml.config.ConfigFileTypeHandler/CONFIG]: Built TOML config for ./world/serverconfig/forge-server.toml
[15Jun2025 17:05:36.299] [Server thread/DEBUG] [net.minecraftforge.fml.config.ConfigFileTypeHandler/CONFIG]: Loaded TOML config file ./world/serverconfig/forge-server.toml
[15Jun2025 17:05:36.299] [Thread-0/DEBUG] [fuzs.puzzleslib.impl.config.core.ForgeConfigFileTypeHandler/CONFIG]: Config file pickupnotifier/pickupnotifier-server.toml changed, sending notifies
[15Jun2025 17:05:36.299] [Server thread/DEBUG] [net.minecraftforge.fml.config.ConfigFileTypeHandler/CONFIG]: Watching TOML config file ./world/serverconfig/forge-server.toml for changes
[15Jun2025 17:05:36.299] [Server thread/DEBUG] [net.minecraftforge.common.ForgeConfig/FORGEMOD]: Loaded forge config file forge-server.toml
[15Jun2025 17:05:36.300] [Server thread/DEBUG] [fuzs.puzzleslib.impl.config.core.ForgeConfigFileTypeHandler/CONFIG]: Built TOML config for /workspaces/peneever/servidor_minecraft/config/hangglider-server.toml
[15Jun2025 17:05:36.300] [Server thread/DEBUG] [fuzs.puzzleslib.impl.config.core.ForgeConfigFileTypeHandler/CONFIG]: Loaded TOML config file /workspaces/peneever/servidor_minecraft/config/hangglider-server.toml
[15Jun2025 17:05:36.300] [Server thread/DEBUG] [fuzs.puzzleslib.impl.config.core.ForgeConfigFileTypeHandler/CONFIG]: Watching TOML config file /workspaces/peneever/servidor_minecraft/config/hangglider-server.toml for changes
[15Jun2025 17:05:36.299] [Thread-0/INFO] [Puzzles Lib/]: Reloading server config for pickupnotifier
[15Jun2025 17:05:36.301] [Thread-0/DEBUG] [net.minecraftforge.fml.config.ConfigFileTypeHandler/CONFIG]: Config file forge-server.toml changed, sending notifies
[15Jun2025 17:05:36.302] [Thread-0/DEBUG] [net.minecraftforge.common.ForgeConfig/FORGEMOD]: Forge config just got changed on the file system!
[15Jun2025 17:05:36.302] [Server thread/INFO] [Puzzles Lib/]: Loading server config for hangglider
[15Jun2025 17:05:36.305] [Thread-0/DEBUG] [fuzs.puzzleslib.impl.config.core.ForgeConfigFileTypeHandler/CONFIG]: Config file hangglider-server.toml changed, sending notifies
[15Jun2025 17:05:36.305] [Thread-0/INFO] [Puzzles Lib/]: Reloading server config for hangglider
[15Jun2025 17:05:36.305] [Server thread/DEBUG] [net.minecraftforge.fml.config.ConfigFileTypeHandler/CONFIG]: Built TOML config for ./world/serverconfig/curios-server.toml
[15Jun2025 17:05:36.306] [Server thread/DEBUG] [net.minecraftforge.fml.config.ConfigFileTypeHandler/CONFIG]: Loaded TOML config file ./world/serverconfig/curios-server.toml
[15Jun2025 17:05:36.306] [Server thread/DEBUG] [net.minecraftforge.fml.config.ConfigFileTypeHandler/CONFIG]: Watching TOML config file ./world/serverconfig/curios-server.toml for changes
[15Jun2025 17:05:36.308] [Thread-0/DEBUG] [net.minecraftforge.fml.config.ConfigFileTypeHandler/CONFIG]: Config file curios-server.toml changed, sending notifies
[15Jun2025 17:05:36.310] [Server thread/DEBUG] [mixin/]: Mixing accessor.BiomeSpecialEffectsBuilderForgeAccessor from puzzleslib.forge.mixins.json into net.minecraft.world.level.biome.BiomeSpecialEffects$Builder
[15Jun2025 17:05:36.390] [Server thread/INFO] [net.minecraft.server.dedicated.DedicatedServer/]: Preparing level "world"
[15Jun2025 17:05:36.396] [Server thread/DEBUG] [net.minecraftforge.coremod.transformer.CoreModBaseTransformer/COREMOD]: Transforming net/minecraft/world/level/levelgen/PhantomSpawner
[15Jun2025 17:05:36.405] [Server thread/DEBUG] [net.minecraftforge.coremod.transformer.CoreModBaseTransformer/COREMOD]: Transforming net/minecraft/world/level/levelgen/PatrolSpawner
[15Jun2025 17:05:36.412] [Server thread/DEBUG] [mixin/]: Mixing PatrolSpawnerAccessor from friendsandfoes-common.mixins.json into net.minecraft.world.level.levelgen.PatrolSpawner
[15Jun2025 17:05:36.412] [Server thread/DEBUG] [mixin/]: Mixing PatrolSpawnerMixin from friendsandfoes-common.mixins.json into net.minecraft.world.level.levelgen.PatrolSpawner
[15Jun2025 17:05:36.417] [Server thread/DEBUG] [net.minecraftforge.coremod.transformer.CoreModBaseTransformer/COREMOD]: Transforming net/minecraft/world/entity/npc/CatSpawner
[15Jun2025 17:05:36.422] [Server thread/DEBUG] [net.minecraftforge.coremod.transformer.CoreModBaseTransformer/COREMOD]: Transforming net/minecraft/world/entity/ai/village/VillageSiege
[15Jun2025 17:05:36.432] [Server thread/DEBUG] [mixin/]: Mixing ChunkLoadDebug from cupboard.mixins.json into net.minecraft.server.level.ServerChunkCache
[15Jun2025 17:05:36.798] [Server thread/DEBUG] [mixin/]: Mixing accessor.StructureManagerAccessor from betterfortresses.mixins.json into net.minecraft.world.level.StructureManager
[15Jun2025 17:05:36.798] [Server thread/DEBUG] [mixin/]: Mixing StructureManagerAccessor from cataclysm.mixins.json into net.minecraft.world.level.StructureManager
[15Jun2025 17:05:36.799] [Server thread/DEBUG] [mixin/]: Unexpected: Registered method getLevel()Lnet/minecraft/world/level/LevelAccessor; in net.minecraft.world.level.StructureManager was not merged
[15Jun2025 17:05:43.577] [Server thread/INFO] [net.minecraft.server.MinecraftServer/]: Preparing start region for dimension minecraft:overworld
[15Jun2025 17:05:44.488] [Server thread/DEBUG] [mixin/]: Mixing MixinChunkSerializer from architectury.mixins.json into net.minecraft.world.level.chunk.storage.ChunkSerializer
[15Jun2025 17:05:44.510] [Server thread/DEBUG] [mixin/]: Mixing ThreadingDetectorMixin from cupboard.mixins.json into net.minecraft.util.ThreadingDetector
[15Jun2025 17:05:44.578] [Server thread/DEBUG] [mixin/]: Mixing accessor.BoundingBoxAccessor from yungsapi.mixins.json into net.minecraft.world.level.levelgen.structure.BoundingBox
[15Jun2025 17:05:44.579] [Server thread/DEBUG] [mixin/]: Mixing BoundingBoxAccessor from bettermineshafts.mixins.json into net.minecraft.world.level.levelgen.structure.BoundingBox
[15Jun2025 17:05:44.579] [Server thread/DEBUG] [mixin/]: Unexpected: Registered method setMaxX(I)V in net.minecraft.world.level.levelgen.structure.BoundingBox was not merged
[15Jun2025 17:05:44.579] [Server thread/DEBUG] [mixin/]: Unexpected: Registered method setMaxZ(I)V in net.minecraft.world.level.levelgen.structure.BoundingBox was not merged
[15Jun2025 17:05:44.580] [Server thread/DEBUG] [mixin/]: Unexpected: Registered method setMaxY(I)V in net.minecraft.world.level.levelgen.structure.BoundingBox was not merged
[15Jun2025 17:05:44.580] [Server thread/DEBUG] [mixin/]: Unexpected: Registered method setMinY(I)V in net.minecraft.world.level.levelgen.structure.BoundingBox was not merged
[15Jun2025 17:05:44.580] [Server thread/DEBUG] [mixin/]: Unexpected: Registered method setMinZ(I)V in net.minecraft.world.level.levelgen.structure.BoundingBox was not merged
[15Jun2025 17:05:44.580] [Server thread/DEBUG] [mixin/]: Unexpected: Registered method setMinX(I)V in net.minecraft.world.level.levelgen.structure.BoundingBox was not merged
[15Jun2025 17:05:44.584] [Server thread/DEBUG] [net.minecraftforge.coremod.transformer.CoreModBaseTransformer/COREMOD]: Transforming net/minecraft/world/level/levelgen/structure/templatesystem/StructureTemplate
[15Jun2025 17:05:44.630] [Server thread/DEBUG] [mixin/]: Mixing StructureTemplateMixin from cataclysm.mixins.json into net.minecraft.world.level.levelgen.structure.templatesystem.StructureTemplate
[15Jun2025 17:05:44.630] [Server thread/DEBUG] [mixin/]: Renaming synthetic method lambda$repurposedstructures_preventAutoWaterlogging$0(Lnet/minecraft/world/level/levelgen/structure/templatesystem/StructureProcessor;)Z to md23ebb4$lambda$repurposedstructures_preventAutoWaterlogging$0$0 in cataclysm.mixins.json:StructureTemplateMixin
[15Jun2025 17:05:44.855] [Server thread/DEBUG] [mixin/]: Mixing BlockInfoMixin from structureessentials.mixins.json into net.minecraft.world.level.levelgen.structure.templatesystem.StructureTemplate$StructureBlockInfo
[15Jun2025 17:05:48.162] [Worker-Main-2/INFO] [net.minecraft.server.level.progress.LoggerChunkProgressListener/]: Preparing spawn area: 0%
[15Jun2025 17:05:49.043] [Worker-Main-1/INFO] [net.minecraft.server.level.progress.LoggerChunkProgressListener/]: Preparing spawn area: 0%
[15Jun2025 17:05:49.054] [Worker-Main-3/INFO] [net.minecraft.server.level.progress.LoggerChunkProgressListener/]: Preparing spawn area: 0%
[15Jun2025 17:05:49.062] [Worker-Main-1/INFO] [net.minecraft.server.level.progress.LoggerChunkProgressListener/]: Preparing spawn area: 0%
[15Jun2025 17:05:49.126] [Worker-Main-2/INFO] [net.minecraft.server.level.progress.LoggerChunkProgressListener/]: Preparing spawn area: 0%
[15Jun2025 17:05:49.139] [Worker-Main-1/INFO] [net.minecraft.server.level.progress.LoggerChunkProgressListener/]: Preparing spawn area: 0%
[15Jun2025 17:05:49.149] [Worker-Main-2/INFO] [net.minecraft.server.level.progress.LoggerChunkProgressListener/]: Preparing spawn area: 0%
[15Jun2025 17:05:49.153] [Worker-Main-3/INFO] [net.minecraft.server.level.progress.LoggerChunkProgressListener/]: Preparing spawn area: 0%
[15Jun2025 17:05:49.155] [Worker-Main-2/INFO] [net.minecraft.server.level.progress.LoggerChunkProgressListener/]: Preparing spawn area: 0%
[15Jun2025 17:05:49.157] [Worker-Main-3/INFO] [net.minecraft.server.level.progress.LoggerChunkProgressListener/]: Preparing spawn area: 0%
[15Jun2025 17:05:49.160] [Worker-Main-1/INFO] [net.minecraft.server.level.progress.LoggerChunkProgressListener/]: Preparing spawn area: 0%
[15Jun2025 17:05:49.165] [Worker-Main-2/INFO] [net.minecraft.server.level.progress.LoggerChunkProgressListener/]: Preparing spawn area: 0%
[15Jun2025 17:05:49.559] [Server thread/DEBUG] [mixin/]: Mixing VibrationListenerMixin from mixins.deeperdarker.json into net.minecraft.world.level.gameevent.vibrations.VibrationSystem$Listener
[15Jun2025 17:05:49.577] [Worker-Main-1/INFO] [net.minecraft.server.level.progress.LoggerChunkProgressListener/]: Preparing spawn area: 9%
[15Jun2025 17:05:49.615] [Server thread/DEBUG] [mixin/]: Mixing LimbAnimatorAccessor from friendsandfoes-common.mixins.json into net.minecraft.world.entity.WalkAnimationState
[15Jun2025 17:05:49.954] [Server thread/DEBUG] [io.netty.buffer.AbstractByteBuf/]: -Dio.netty.buffer.checkAccessible: true
[15Jun2025 17:05:49.955] [Server thread/DEBUG] [io.netty.buffer.AbstractByteBuf/]: -Dio.netty.buffer.checkBounds: true
[15Jun2025 17:05:49.955] [Server thread/DEBUG] [io.netty.util.ResourceLeakDetectorFactory/]: Loaded default ResourceLeakDetector: io.netty.util.ResourceLeakDetector@1f6982eb
[15Jun2025 17:05:50.086] [Worker-Main-1/INFO] [net.minecraft.server.level.progress.LoggerChunkProgressListener/]: Preparing spawn area: 85%
[15Jun2025 17:05:50.202] [Server thread/INFO] [net.minecraft.server.level.progress.LoggerChunkProgressListener/]: Time elapsed: 6625 ms
[15Jun2025 17:05:50.203] [Server thread/INFO] [net.minecraft.server.dedicated.DedicatedServer/]: Done (13.915s)! For help, type "help"
[15Jun2025 17:05:50.212] [Server thread/DEBUG] [net.minecraftforge.network.DualStackUtils/]: Detected IPv6 address: "0:0:0:0:0:0:0:0"
[15Jun2025 17:05:50.234] [Server thread/DEBUG] [net.minecraftforge.common.ForgeI18n/CORE]: Loading I18N data entries: 4177
[15Jun2025 17:05:50.237] [Server thread/INFO] [net.minecraftforge.server.permission.PermissionAPI/]: Successfully initialized permission handler forge:default_handler
[15Jun2025 17:05:50.240] [Server thread/INFO] [net.stardustlabs.incendium.Incendium/]: Thanks for choosing Incendium!
[15Jun2025 17:05:50.372] [Server thread/DEBUG] [net.minecraftforge.coremod.transformer.CoreModBaseTransformer/COREMOD]: Transforming net/minecraft/world/level/NaturalSpawner
[15Jun2025 17:06:12.280] [Netty Epoll Server IO #1/DEBUG] [io.netty.util.Recycler/]: -Dio.netty.recycler.maxCapacityPerThread: 4096
[15Jun2025 17:06:12.281] [Netty Epoll Server IO #1/DEBUG] [io.netty.util.Recycler/]: -Dio.netty.recycler.ratio: 8
[15Jun2025 17:06:12.281] [Netty Epoll Server IO #1/DEBUG] [io.netty.util.Recycler/]: -Dio.netty.recycler.chunkSize: 32
[15Jun2025 17:06:12.281] [Netty Epoll Server IO #1/DEBUG] [io.netty.util.Recycler/]: -Dio.netty.recycler.blocking: false
[15Jun2025 17:06:15.797] [Netty Epoll Server IO #2/DEBUG] [net.minecraftforge.network.HandshakeHandler/FMLHANDSHAKE]: Starting new modded impl connection. Found 28 messages to dispatch.
[15Jun2025 17:06:15.843] [Server thread/DEBUG] [net.minecraftforge.network.HandshakeHandler/FMLHANDSHAKE]: Sending ticking packet info 'net.minecraftforge.network.HandshakeMessages$S2CModData' to 'fml:handshake' sequence 0
[15Jun2025 17:06:15.894] [Server thread/DEBUG] [net.minecraftforge.network.HandshakeHandler/FMLHANDSHAKE]: Sending ticking packet info 'net.minecraftforge.network.HandshakeMessages$S2CModList' to 'fml:handshake' sequence 1
[15Jun2025 17:06:15.943] [Server thread/DEBUG] [net.minecraftforge.network.HandshakeHandler/FMLHANDSHAKE]: Sending ticking packet info 'Registry minecraft:command_argument_type' to 'fml:handshake' sequence 2
[15Jun2025 17:06:15.994] [Server thread/DEBUG] [net.minecraftforge.network.HandshakeHandler/FMLHANDSHAKE]: Sending ticking packet info 'Registry minecraft:recipe_serializer' to 'fml:handshake' sequence 3
[15Jun2025 17:06:16.044] [Server thread/DEBUG] [net.minecraftforge.network.HandshakeHandler/FMLHANDSHAKE]: Sending ticking packet info 'Registry minecraft:sound_event' to 'fml:handshake' sequence 4
[15Jun2025 17:06:16.067] [Netty Epoll Server IO #2/DEBUG] [net.minecraftforge.network.LoginWrapper/FMLHANDSHAKE]: Recieved login wrapper packet event for channel fml:handshake with index 1
[15Jun2025 17:06:16.069] [Netty Epoll Server IO #2/DEBUG] [net.minecraftforge.network.HandshakeHandler/FMLHANDSHAKE]: Received client indexed reply 1 of type net.minecraftforge.network.HandshakeMessages$C2SModListReply
[15Jun2025 17:06:16.070] [Netty Epoll Server IO #2/DEBUG] [net.minecraftforge.network.HandshakeHandler/FMLHANDSHAKE]: Received client connection with modlist [mr_stellarity, weaponmaster_ydm, inventorysorter, skyvillages, fastload, wi_zoom, geckolib, easymagic, naturalist, libraryferret, incendium, sound_physics_remastered, structureessentials, fallingleaves, structory, clumps, xaeroworldmap, modernfix, jei, travelersbackpack, yungsapi, mixinextras, myserveriscompatible, pickupnotifier, terralith, carryon, jeresources, puzzlesaccessapi, dungeons_arise_seven_seas, betterfortresses, forge, sodiumdynamiclights, embeddium, rubidium, chloride, ultris_mr, friendsandfoes, dungeons_arise, minecraft, smoothchunk, farmersdelight, endermanoverhaul, ambientsounds, gml, creativecore, watching, resourcefulconfig, hangglider, lionfishapi, cataclysm, curios, xaerominimap, commongroovylibrary, bocchium, mr_dungeons_andtaverns, entityculling, doespotatotick, bettervillage, resourcefullib, immediatelyfast, eatinganimation, creeperoverhaul, appleskin, deeperdarker, architectury, moremobvariants, ferritecore, cupboard, puzzleslib, badoptimizations, bettermineshafts, betteradvancements]
[15Jun2025 17:06:16.070] [Netty Epoll Server IO #2/DEBUG] [net.minecraftforge.network.NetworkRegistry/NETREGISTRY]: Channel 'inventorysorter:net' : Version test of '1' from client : ACCEPTED
[15Jun2025 17:06:16.070] [Netty Epoll Server IO #2/DEBUG] [net.minecraftforge.network.NetworkRegistry/NETREGISTRY]: Channel 'architectury:network' : Version test of '1' from client : ACCEPTED
[15Jun2025 17:06:16.070] [Netty Epoll Server IO #2/DEBUG] [net.minecraftforge.network.NetworkRegistry/NETREGISTRY]: Channel 'jei:channel' : Version test of '1.0.0' from client : ACCEPTED
[15Jun2025 17:06:16.070] [Netty Epoll Server IO #2/DEBUG] [net.minecraftforge.network.NetworkRegistry/NETREGISTRY]: Channel 'carryon:carryonpackets' : Version test of '1.0' from client : ACCEPTED
[15Jun2025 17:06:16.071] [Netty Epoll Server IO #2/DEBUG] [net.minecraftforge.network.NetworkRegistry/NETREGISTRY]: Channel 'minecraft:unregister' : Version test of 'FML3' from client : ACCEPTED
[15Jun2025 17:06:16.071] [Netty Epoll Server IO #2/DEBUG] [net.minecraftforge.network.NetworkRegistry/NETREGISTRY]: Channel 'endermanoverhaul:main' : Version test of '1' from client : ACCEPTED
[15Jun2025 17:06:16.071] [Netty Epoll Server IO #2/DEBUG] [net.minecraftforge.network.NetworkRegistry/NETREGISTRY]: Channel 'puzzleslib:1' : Version test of '1' from client : ACCEPTED
[15Jun2025 17:06:16.071] [Netty Epoll Server IO #2/DEBUG] [net.minecraftforge.network.NetworkRegistry/NETREGISTRY]: Channel 'easymagic:1' : Version test of '1' from client : ACCEPTED
[15Jun2025 17:06:16.071] [Netty Epoll Server IO #2/DEBUG] [net.minecraftforge.network.NetworkRegistry/NETREGISTRY]: Channel 'friendsandfoes:networking' : Version test of '2.0.17' from client : ACCEPTED
[15Jun2025 17:06:16.071] [Netty Epoll Server IO #2/DEBUG] [net.minecraftforge.network.NetworkRegistry/NETREGISTRY]: Channel 'travelersbackpack:network' : Version test of 'travelersbackpack:1' from client : ACCEPTED
[15Jun2025 17:06:16.071] [Netty Epoll Server IO #2/DEBUG] [net.minecraftforge.network.NetworkRegistry/NETREGISTRY]: Channel 'curios:main' : Version test of '1' from client : ACCEPTED
[15Jun2025 17:06:16.071] [Netty Epoll Server IO #2/DEBUG] [net.minecraftforge.network.NetworkRegistry/NETREGISTRY]: Channel 'cataclysm:main_channel' : Version test of '1' from client : ACCEPTED
[15Jun2025 17:06:16.071] [Netty Epoll Server IO #2/DEBUG] [net.minecraftforge.network.NetworkRegistry/NETREGISTRY]: Channel 'lionfishapi:main_channel' : Version test of '1' from client : ACCEPTED
[15Jun2025 17:06:16.071] [Netty Epoll Server IO #2/DEBUG] [net.minecraftforge.network.NetworkRegistry/NETREGISTRY]: Channel 'weaponmaster_ydm:yearscnetworking' : Version test of '1.0' from client : ACCEPTED
[15Jun2025 17:06:16.071] [Netty Epoll Server IO #2/DEBUG] [net.minecraftforge.network.NetworkRegistry/NETREGISTRY]: Channel 'fml:loginwrapper' : Version test of 'FML3' from client : ACCEPTED
[15Jun2025 17:06:16.071] [Netty Epoll Server IO #2/DEBUG] [net.minecraftforge.network.NetworkRegistry/NETREGISTRY]: Channel 'forge:tier_sorting' : Version test of '1.0' from client : ACCEPTED
[15Jun2025 17:06:16.071] [Netty Epoll Server IO #2/DEBUG] [net.minecraftforge.network.NetworkRegistry/NETREGISTRY]: Channel 'fml:play' : Version test of 'FML3' from client : ACCEPTED
[15Jun2025 17:06:16.071] [Netty Epoll Server IO #2/DEBUG] [net.minecraftforge.network.NetworkRegistry/NETREGISTRY]: Channel 'deeperdarker:deeperdarker_network' : Version test of '1.0' from client : ACCEPTED
[15Jun2025 17:06:16.071] [Netty Epoll Server IO #2/DEBUG] [net.minecraftforge.network.NetworkRegistry/NETREGISTRY]: Channel 'moremobvariants:main' : Version test of '1' from client : ACCEPTED
[15Jun2025 17:06:16.071] [Netty Epoll Server IO #2/DEBUG] [net.minecraftforge.network.NetworkRegistry/NETREGISTRY]: Channel 'creativecore:main' : Version test of '1' from client : ACCEPTED
[15Jun2025 17:06:16.071] [Netty Epoll Server IO #2/DEBUG] [net.minecraftforge.network.NetworkRegistry/NETREGISTRY]: Channel 'pickupnotifier:1' : Version test of '1' from client : ACCEPTED
[15Jun2025 17:06:16.071] [Netty Epoll Server IO #2/DEBUG] [net.minecraftforge.network.NetworkRegistry/NETREGISTRY]: Channel 'fml:handshake' : Version test of 'FML3' from client : ACCEPTED
[15Jun2025 17:06:16.071] [Netty Epoll Server IO #2/DEBUG] [net.minecraftforge.network.NetworkRegistry/NETREGISTRY]: Channel 'minecraft:register' : Version test of 'FML3' from client : ACCEPTED
[15Jun2025 17:06:16.071] [Netty Epoll Server IO #2/DEBUG] [net.minecraftforge.network.NetworkRegistry/NETREGISTRY]: Channel 'forge:split' : Version test of '1.1' from client : ACCEPTED
[15Jun2025 17:06:16.071] [Netty Epoll Server IO #2/DEBUG] [net.minecraftforge.network.NetworkRegistry/NETREGISTRY]: Channel 'geckolib:main' : Version test of '1' from client : ACCEPTED
[15Jun2025 17:06:16.071] [Netty Epoll Server IO #2/DEBUG] [net.minecraftforge.network.NetworkRegistry/NETREGISTRY]: Accepting channel list from client
[15Jun2025 17:06:16.072] [Netty Epoll Server IO #2/DEBUG] [net.minecraftforge.network.HandshakeHandler/FMLHANDSHAKE]: Accepted client connection mod list
[15Jun2025 17:06:16.093] [Server thread/DEBUG] [net.minecraftforge.network.HandshakeHandler/FMLHANDSHAKE]: Sending ticking packet info 'Registry minecraft:particle_type' to 'fml:handshake' sequence 5
[15Jun2025 17:06:16.112] [Netty Epoll Server IO #2/DEBUG] [net.minecraftforge.network.LoginWrapper/FMLHANDSHAKE]: Recieved login wrapper packet event for channel fml:handshake with index 2
[15Jun2025 17:06:16.112] [Netty Epoll Server IO #2/DEBUG] [net.minecraftforge.network.HandshakeHandler/FMLHANDSHAKE]: Received client indexed reply 2 of type net.minecraftforge.network.HandshakeMessages$C2SAcknowledge
[15Jun2025 17:06:16.112] [Netty Epoll Server IO #2/DEBUG] [net.minecraftforge.network.HandshakeHandler/FMLHANDSHAKE]: Received acknowledgement from client
[15Jun2025 17:06:16.143] [Server thread/DEBUG] [net.minecraftforge.network.HandshakeHandler/FMLHANDSHAKE]: Sending ticking packet info 'Registry minecraft:villager_profession' to 'fml:handshake' sequence 6
[15Jun2025 17:06:16.155] [Netty Epoll Server IO #2/DEBUG] [net.minecraftforge.network.LoginWrapper/FMLHANDSHAKE]: Recieved login wrapper packet event for channel fml:handshake with index 3
[15Jun2025 17:06:16.155] [Netty Epoll Server IO #2/DEBUG] [net.minecraftforge.network.HandshakeHandler/FMLHANDSHAKE]: Received client indexed reply 3 of type net.minecraftforge.network.HandshakeMessages$C2SAcknowledge
[15Jun2025 17:06:16.155] [Netty Epoll Server IO #2/DEBUG] [net.minecraftforge.network.HandshakeHandler/FMLHANDSHAKE]: Received acknowledgement from client
[15Jun2025 17:06:16.193] [Server thread/DEBUG] [net.minecraftforge.network.HandshakeHandler/FMLHANDSHAKE]: Sending ticking packet info 'Registry minecraft:item' to 'fml:handshake' sequence 7
[15Jun2025 17:06:16.243] [Server thread/DEBUG] [net.minecraftforge.network.HandshakeHandler/FMLHANDSHAKE]: Sending ticking packet info 'Registry minecraft:potion' to 'fml:handshake' sequence 8
[15Jun2025 17:06:16.293] [Server thread/DEBUG] [net.minecraftforge.network.HandshakeHandler/FMLHANDSHAKE]: Sending ticking packet info 'Registry minecraft:painting_variant' to 'fml:handshake' sequence 9
[15Jun2025 17:06:16.343] [Server thread/DEBUG] [net.minecraftforge.network.HandshakeHandler/FMLHANDSHAKE]: Sending ticking packet info 'Registry forge:fluid_type' to 'fml:handshake' sequence 10
[15Jun2025 17:06:16.394] [Server thread/DEBUG] [net.minecraftforge.network.HandshakeHandler/FMLHANDSHAKE]: Sending ticking packet info 'Registry minecraft:block_entity_type' to 'fml:handshake' sequence 11
[15Jun2025 17:06:16.443] [Server thread/DEBUG] [net.minecraftforge.network.HandshakeHandler/FMLHANDSHAKE]: Sending ticking packet info 'Registry forge:display_contexts' to 'fml:handshake' sequence 12
[15Jun2025 17:06:16.493] [Server thread/DEBUG] [net.minecraftforge.network.HandshakeHandler/FMLHANDSHAKE]: Sending ticking packet info 'Registry minecraft:block' to 'fml:handshake' sequence 13
[15Jun2025 17:06:16.537] [Netty Epoll Server IO #2/DEBUG] [net.minecraftforge.network.LoginWrapper/FMLHANDSHAKE]: Recieved login wrapper packet event for channel fml:handshake with index 4
[15Jun2025 17:06:16.537] [Netty Epoll Server IO #2/DEBUG] [net.minecraftforge.network.HandshakeHandler/FMLHANDSHAKE]: Received client indexed reply 4 of type net.minecraftforge.network.HandshakeMessages$C2SAcknowledge
[15Jun2025 17:06:16.537] [Netty Epoll Server IO #2/DEBUG] [net.minecraftforge.network.HandshakeHandler/FMLHANDSHAKE]: Received acknowledgement from client
[15Jun2025 17:06:16.538] [Netty Epoll Server IO #2/DEBUG] [net.minecraftforge.network.LoginWrapper/FMLHANDSHAKE]: Recieved login wrapper packet event for channel fml:handshake with index 5
[15Jun2025 17:06:16.538] [Netty Epoll Server IO #2/DEBUG] [net.minecraftforge.network.HandshakeHandler/FMLHANDSHAKE]: Received client indexed reply 5 of type net.minecraftforge.network.HandshakeMessages$C2SAcknowledge
[15Jun2025 17:06:16.538] [Netty Epoll Server IO #2/DEBUG] [net.minecraftforge.network.HandshakeHandler/FMLHANDSHAKE]: Received acknowledgement from client
[15Jun2025 17:06:16.539] [Netty Epoll Server IO #2/DEBUG] [net.minecraftforge.network.LoginWrapper/FMLHANDSHAKE]: Recieved login wrapper packet event for channel fml:handshake with index 6
[15Jun2025 17:06:16.539] [Netty Epoll Server IO #2/DEBUG] [net.minecraftforge.network.HandshakeHandler/FMLHANDSHAKE]: Received client indexed reply 6 of type net.minecraftforge.network.HandshakeMessages$C2SAcknowledge
[15Jun2025 17:06:16.539] [Netty Epoll Server IO #2/DEBUG] [net.minecraftforge.network.HandshakeHandler/FMLHANDSHAKE]: Received acknowledgement from client
[15Jun2025 17:06:16.543] [Server thread/DEBUG] [net.minecraftforge.network.HandshakeHandler/FMLHANDSHAKE]: Sending ticking packet info 'Registry forge:entity_data_serializers' to 'fml:handshake' sequence 14
[15Jun2025 17:06:16.589] [Netty Epoll Server IO #2/DEBUG] [net.minecraftforge.network.LoginWrapper/FMLHANDSHAKE]: Recieved login wrapper packet event for channel fml:handshake with index 7
[15Jun2025 17:06:16.589] [Netty Epoll Server IO #2/DEBUG] [net.minecraftforge.network.HandshakeHandler/FMLHANDSHAKE]: Received client indexed reply 7 of type net.minecraftforge.network.HandshakeMessages$C2SAcknowledge
[15Jun2025 17:06:16.589] [Netty Epoll Server IO #2/DEBUG] [net.minecraftforge.network.HandshakeHandler/FMLHANDSHAKE]: Received acknowledgement from client
[15Jun2025 17:06:16.589] [Netty Epoll Server IO #2/DEBUG] [net.minecraftforge.network.LoginWrapper/FMLHANDSHAKE]: Recieved login wrapper packet event for channel fml:handshake with index 8
[15Jun2025 17:06:16.589] [Netty Epoll Server IO #2/DEBUG] [net.minecraftforge.network.HandshakeHandler/FMLHANDSHAKE]: Received client indexed reply 8 of type net.minecraftforge.network.HandshakeMessages$C2SAcknowledge
[15Jun2025 17:06:16.589] [Netty Epoll Server IO #2/DEBUG] [net.minecraftforge.network.HandshakeHandler/FMLHANDSHAKE]: Received acknowledgement from client
[15Jun2025 17:06:16.590] [Netty Epoll Server IO #2/DEBUG] [net.minecraftforge.network.LoginWrapper/FMLHANDSHAKE]: Recieved login wrapper packet event for channel fml:handshake with index 9
[15Jun2025 17:06:16.590] [Netty Epoll Server IO #2/DEBUG] [net.minecraftforge.network.HandshakeHandler/FMLHANDSHAKE]: Received client indexed reply 9 of type net.minecraftforge.network.HandshakeMessages$C2SAcknowledge
[15Jun2025 17:06:16.590] [Netty Epoll Server IO #2/DEBUG] [net.minecraftforge.network.HandshakeHandler/FMLHANDSHAKE]: Received acknowledgement from client
[15Jun2025 17:06:16.590] [Netty Epoll Server IO #2/DEBUG] [net.minecraftforge.network.LoginWrapper/FMLHANDSHAKE]: Recieved login wrapper packet event for channel fml:handshake with index 10
[15Jun2025 17:06:16.590] [Netty Epoll Server IO #2/DEBUG] [net.minecraftforge.network.HandshakeHandler/FMLHANDSHAKE]: Received client indexed reply 10 of type net.minecraftforge.network.HandshakeMessages$C2SAcknowledge
[15Jun2025 17:06:16.590] [Netty Epoll Server IO #2/DEBUG] [net.minecraftforge.network.HandshakeHandler/FMLHANDSHAKE]: Received acknowledgement from client
[15Jun2025 17:06:16.591] [Netty Epoll Server IO #2/DEBUG] [net.minecraftforge.network.LoginWrapper/FMLHANDSHAKE]: Recieved login wrapper packet event for channel fml:handshake with index 11
[15Jun2025 17:06:16.591] [Netty Epoll Server IO #2/DEBUG] [net.minecraftforge.network.HandshakeHandler/FMLHANDSHAKE]: Received client indexed reply 11 of type net.minecraftforge.network.HandshakeMessages$C2SAcknowledge
[15Jun2025 17:06:16.591] [Netty Epoll Server IO #2/DEBUG] [net.minecraftforge.network.HandshakeHandler/FMLHANDSHAKE]: Received acknowledgement from client
[15Jun2025 17:06:16.593] [Server thread/DEBUG] [net.minecraftforge.network.HandshakeHandler/FMLHANDSHAKE]: Sending ticking packet info 'Registry minecraft:mob_effect' to 'fml:handshake' sequence 15
[15Jun2025 17:06:16.606] [Netty Epoll Server IO #2/DEBUG] [net.minecraftforge.network.LoginWrapper/FMLHANDSHAKE]: Recieved login wrapper packet event for channel fml:handshake with index 12
[15Jun2025 17:06:16.606] [Netty Epoll Server IO #2/DEBUG] [net.minecraftforge.network.HandshakeHandler/FMLHANDSHAKE]: Received client indexed reply 12 of type net.minecraftforge.network.HandshakeMessages$C2SAcknowledge
[15Jun2025 17:06:16.607] [Netty Epoll Server IO #2/DEBUG] [net.minecraftforge.network.HandshakeHandler/FMLHANDSHAKE]: Received acknowledgement from client
[15Jun2025 17:06:16.643] [Server thread/DEBUG] [net.minecraftforge.network.HandshakeHandler/FMLHANDSHAKE]: Sending ticking packet info 'Registry minecraft:stat_type' to 'fml:handshake' sequence 16
[15Jun2025 17:06:16.692] [Netty Epoll Server IO #2/DEBUG] [net.minecraftforge.network.LoginWrapper/FMLHANDSHAKE]: Recieved login wrapper packet event for channel fml:handshake with index 13
[15Jun2025 17:06:16.692] [Netty Epoll Server IO #2/DEBUG] [net.minecraftforge.network.HandshakeHandler/FMLHANDSHAKE]: Received client indexed reply 13 of type net.minecraftforge.network.HandshakeMessages$C2SAcknowledge
[15Jun2025 17:06:16.692] [Netty Epoll Server IO #2/DEBUG] [net.minecraftforge.network.HandshakeHandler/FMLHANDSHAKE]: Received acknowledgement from client
[15Jun2025 17:06:16.693] [Server thread/DEBUG] [net.minecraftforge.network.HandshakeHandler/FMLHANDSHAKE]: Sending ticking packet info 'Registry minecraft:menu' to 'fml:handshake' sequence 17
[15Jun2025 17:06:16.723] [Netty Epoll Server IO #2/DEBUG] [net.minecraftforge.network.LoginWrapper/FMLHANDSHAKE]: Recieved login wrapper packet event for channel fml:handshake with index 14
[15Jun2025 17:06:16.723] [Netty Epoll Server IO #2/DEBUG] [net.minecraftforge.network.HandshakeHandler/FMLHANDSHAKE]: Received client indexed reply 14 of type net.minecraftforge.network.HandshakeMessages$C2SAcknowledge
[15Jun2025 17:06:16.723] [Netty Epoll Server IO #2/DEBUG] [net.minecraftforge.network.HandshakeHandler/FMLHANDSHAKE]: Received acknowledgement from client
[15Jun2025 17:06:16.743] [Server thread/DEBUG] [net.minecraftforge.network.HandshakeHandler/FMLHANDSHAKE]: Sending ticking packet info 'Registry minecraft:enchantment' to 'fml:handshake' sequence 18
[15Jun2025 17:06:16.773] [Netty Epoll Server IO #2/DEBUG] [net.minecraftforge.network.LoginWrapper/FMLHANDSHAKE]: Recieved login wrapper packet event for channel fml:handshake with index 15
[15Jun2025 17:06:16.773] [Netty Epoll Server IO #2/DEBUG] [net.minecraftforge.network.HandshakeHandler/FMLHANDSHAKE]: Received client indexed reply 15 of type net.minecraftforge.network.HandshakeMessages$C2SAcknowledge
[15Jun2025 17:06:16.774] [Netty Epoll Server IO #2/DEBUG] [net.minecraftforge.network.HandshakeHandler/FMLHANDSHAKE]: Received acknowledgement from client
[15Jun2025 17:06:16.793] [Server thread/DEBUG] [net.minecraftforge.network.HandshakeHandler/FMLHANDSHAKE]: Sending ticking packet info 'Registry minecraft:fluid' to 'fml:handshake' sequence 19
[15Jun2025 17:06:16.822] [Netty Epoll Server IO #2/DEBUG] [net.minecraftforge.network.LoginWrapper/FMLHANDSHAKE]: Recieved login wrapper packet event for channel fml:handshake with index 16
[15Jun2025 17:06:16.822] [Netty Epoll Server IO #2/DEBUG] [net.minecraftforge.network.HandshakeHandler/FMLHANDSHAKE]: Received client indexed reply 16 of type net.minecraftforge.network.HandshakeMessages$C2SAcknowledge
[15Jun2025 17:06:16.822] [Netty Epoll Server IO #2/DEBUG] [net.minecraftforge.network.HandshakeHandler/FMLHANDSHAKE]: Received acknowledgement from client
[15Jun2025 17:06:16.844] [Server thread/DEBUG] [net.minecraftforge.network.HandshakeHandler/FMLHANDSHAKE]: Sending ticking packet info 'Registry minecraft:entity_type' to 'fml:handshake' sequence 20
[15Jun2025 17:06:16.873] [Netty Epoll Server IO #2/DEBUG] [net.minecraftforge.network.LoginWrapper/FMLHANDSHAKE]: Recieved login wrapper packet event for channel fml:handshake with index 17
[15Jun2025 17:06:16.873] [Netty Epoll Server IO #2/DEBUG] [net.minecraftforge.network.HandshakeHandler/FMLHANDSHAKE]: Received client indexed reply 17 of type net.minecraftforge.network.HandshakeMessages$C2SAcknowledge
[15Jun2025 17:06:16.874] [Netty Epoll Server IO #2/DEBUG] [net.minecraftforge.network.HandshakeHandler/FMLHANDSHAKE]: Received acknowledgement from client
[15Jun2025 17:06:16.893] [Server thread/DEBUG] [net.minecraftforge.network.HandshakeHandler/FMLHANDSHAKE]: Sending ticking packet info 'Config curios-server.toml' to 'fml:handshake' sequence 21
[15Jun2025 17:06:16.923] [Netty Epoll Server IO #2/DEBUG] [net.minecraftforge.network.LoginWrapper/FMLHANDSHAKE]: Recieved login wrapper packet event for channel fml:handshake with index 18
[15Jun2025 17:06:16.923] [Netty Epoll Server IO #2/DEBUG] [net.minecraftforge.network.HandshakeHandler/FMLHANDSHAKE]: Received client indexed reply 18 of type net.minecraftforge.network.HandshakeMessages$C2SAcknowledge
[15Jun2025 17:06:16.923] [Netty Epoll Server IO #2/DEBUG] [net.minecraftforge.network.HandshakeHandler/FMLHANDSHAKE]: Received acknowledgement from client
[15Jun2025 17:06:16.943] [Server thread/DEBUG] [net.minecraftforge.network.HandshakeHandler/FMLHANDSHAKE]: Sending ticking packet info 'Config hangglider-server.toml' to 'fml:handshake' sequence 22
[15Jun2025 17:06:16.971] [Netty Epoll Server IO #2/DEBUG] [net.minecraftforge.network.LoginWrapper/FMLHANDSHAKE]: Recieved login wrapper packet event for channel fml:handshake with index 19
[15Jun2025 17:06:16.971] [Netty Epoll Server IO #2/DEBUG] [net.minecraftforge.network.HandshakeHandler/FMLHANDSHAKE]: Received client indexed reply 19 of type net.minecraftforge.network.HandshakeMessages$C2SAcknowledge
[15Jun2025 17:06:16.971] [Netty Epoll Server IO #2/DEBUG] [net.minecraftforge.network.HandshakeHandler/FMLHANDSHAKE]: Received acknowledgement from client
[15Jun2025 17:06:16.992] [Server thread/DEBUG] [net.minecraftforge.network.HandshakeHandler/FMLHANDSHAKE]: Sending ticking packet info 'Config pickupnotifier/pickupnotifier-server.toml' to 'fml:handshake' sequence 23
[15Jun2025 17:06:17.043] [Server thread/DEBUG] [net.minecraftforge.network.HandshakeHandler/FMLHANDSHAKE]: Sending ticking packet info 'Config inventorysorter-server.toml' to 'fml:handshake' sequence 24
[15Jun2025 17:06:17.093] [Server thread/DEBUG] [net.minecraftforge.network.HandshakeHandler/FMLHANDSHAKE]: Sending ticking packet info 'Config jei-server.toml' to 'fml:handshake' sequence 25
[15Jun2025 17:06:17.143] [Server thread/DEBUG] [net.minecraftforge.network.HandshakeHandler/FMLHANDSHAKE]: Sending ticking packet info 'Config easymagic-server.toml' to 'fml:handshake' sequence 26
[15Jun2025 17:06:17.144] [Netty Epoll Server IO #2/DEBUG] [net.minecraftforge.network.LoginWrapper/FMLHANDSHAKE]: Recieved login wrapper packet event for channel fml:handshake with index 20
[15Jun2025 17:06:17.144] [Netty Epoll Server IO #2/DEBUG] [net.minecraftforge.network.HandshakeHandler/FMLHANDSHAKE]: Received client indexed reply 20 of type net.minecraftforge.network.HandshakeMessages$C2SAcknowledge
[15Jun2025 17:06:17.144] [Netty Epoll Server IO #2/DEBUG] [net.minecraftforge.network.HandshakeHandler/FMLHANDSHAKE]: Received acknowledgement from client
[15Jun2025 17:06:17.146] [Netty Epoll Server IO #2/DEBUG] [net.minecraftforge.network.LoginWrapper/FMLHANDSHAKE]: Recieved login wrapper packet event for channel fml:handshake with index 21
[15Jun2025 17:06:17.146] [Netty Epoll Server IO #2/DEBUG] [net.minecraftforge.network.HandshakeHandler/FMLHANDSHAKE]: Received client indexed reply 21 of type net.minecraftforge.network.HandshakeMessages$C2SAcknowledge
[15Jun2025 17:06:17.146] [Netty Epoll Server IO #2/DEBUG] [net.minecraftforge.network.HandshakeHandler/FMLHANDSHAKE]: Received acknowledgement from client
[15Jun2025 17:06:17.149] [Netty Epoll Server IO #2/DEBUG] [net.minecraftforge.network.LoginWrapper/FMLHANDSHAKE]: Recieved login wrapper packet event for channel fml:handshake with index 22
[15Jun2025 17:06:17.150] [Netty Epoll Server IO #2/DEBUG] [net.minecraftforge.network.HandshakeHandler/FMLHANDSHAKE]: Received client indexed reply 22 of type net.minecraftforge.network.HandshakeMessages$C2SAcknowledge
[15Jun2025 17:06:17.150] [Netty Epoll Server IO #2/DEBUG] [net.minecraftforge.network.HandshakeHandler/FMLHANDSHAKE]: Received acknowledgement from client
[15Jun2025 17:06:17.171] [Netty Epoll Server IO #2/DEBUG] [net.minecraftforge.network.LoginWrapper/FMLHANDSHAKE]: Recieved login wrapper packet event for channel fml:handshake with index 23
[15Jun2025 17:06:17.171] [Netty Epoll Server IO #2/DEBUG] [net.minecraftforge.network.HandshakeHandler/FMLHANDSHAKE]: Received client indexed reply 23 of type net.minecraftforge.network.HandshakeMessages$C2SAcknowledge
[15Jun2025 17:06:17.171] [Netty Epoll Server IO #2/DEBUG] [net.minecraftforge.network.HandshakeHandler/FMLHANDSHAKE]: Received acknowledgement from client
[15Jun2025 17:06:17.193] [Server thread/DEBUG] [net.minecraftforge.network.HandshakeHandler/FMLHANDSHAKE]: Sending ticking packet info 'Config forge-server.toml' to 'fml:handshake' sequence 27
[15Jun2025 17:06:17.222] [Netty Epoll Server IO #2/DEBUG] [net.minecraftforge.network.LoginWrapper/FMLHANDSHAKE]: Recieved login wrapper packet event for channel fml:handshake with index 24
[15Jun2025 17:06:17.222] [Netty Epoll Server IO #2/DEBUG] [net.minecraftforge.network.HandshakeHandler/FMLHANDSHAKE]: Received client indexed reply 24 of type net.minecraftforge.network.HandshakeMessages$C2SAcknowledge
[15Jun2025 17:06:17.222] [Netty Epoll Server IO #2/DEBUG] [net.minecraftforge.network.HandshakeHandler/FMLHANDSHAKE]: Received acknowledgement from client
[15Jun2025 17:06:17.272] [Netty Epoll Server IO #2/DEBUG] [net.minecraftforge.network.LoginWrapper/FMLHANDSHAKE]: Recieved login wrapper packet event for channel fml:handshake with index 25
[15Jun2025 17:06:17.273] [Netty Epoll Server IO #2/DEBUG] [net.minecraftforge.network.HandshakeHandler/FMLHANDSHAKE]: Received client indexed reply 25 of type net.minecraftforge.network.HandshakeMessages$C2SAcknowledge
[15Jun2025 17:06:17.273] [Netty Epoll Server IO #2/DEBUG] [net.minecraftforge.network.HandshakeHandler/FMLHANDSHAKE]: Received acknowledgement from client
[15Jun2025 17:06:17.322] [Netty Epoll Server IO #2/DEBUG] [net.minecraftforge.network.LoginWrapper/FMLHANDSHAKE]: Recieved login wrapper packet event for channel fml:handshake with index 26
[15Jun2025 17:06:17.322] [Netty Epoll Server IO #2/DEBUG] [net.minecraftforge.network.HandshakeHandler/FMLHANDSHAKE]: Received client indexed reply 26 of type net.minecraftforge.network.HandshakeMessages$C2SAcknowledge
[15Jun2025 17:06:17.322] [Netty Epoll Server IO #2/DEBUG] [net.minecraftforge.network.HandshakeHandler/FMLHANDSHAKE]: Received acknowledgement from client
[15Jun2025 17:06:17.373] [Netty Epoll Server IO #2/DEBUG] [net.minecraftforge.network.LoginWrapper/FMLHANDSHAKE]: Recieved login wrapper packet event for channel fml:handshake with index 27
[15Jun2025 17:06:17.373] [Netty Epoll Server IO #2/DEBUG] [net.minecraftforge.network.HandshakeHandler/FMLHANDSHAKE]: Received client indexed reply 27 of type net.minecraftforge.network.HandshakeMessages$C2SAcknowledge
[15Jun2025 17:06:17.373] [Netty Epoll Server IO #2/DEBUG] [net.minecraftforge.network.HandshakeHandler/FMLHANDSHAKE]: Received acknowledgement from client
[15Jun2025 17:06:17.392] [Server thread/DEBUG] [net.minecraftforge.network.HandshakeHandler/FMLHANDSHAKE]: Handshake complete!
[15Jun2025 17:06:17.451] [Server thread/WARN] [net.minecraft.network.syncher.SynchedEntityData/]: defineId called for: class net.minecraft.world.entity.player.Player from class tschipp.carryon.common.carry.CarryOnDataManager
[15Jun2025 17:06:17.560] [Server thread/INFO] [net.minecraft.server.players.PlayerList/]: DodiWo[/100.79.208.54:50497] logged in with entity id 12681 at (1757.9548784279004, 71.0, 806.7664954543568)
[15Jun2025 17:06:17.569] [Server thread/DEBUG] [net.minecraftforge.network.filters.NetworkFilters/]: Injected net.minecraftforge.network.filters.ForgeConnectionNetworkFilter@4113548c into net.minecraft.network.Connection@878d32d
[15Jun2025 17:06:17.657] [Server thread/INFO] [net.minecraft.server.MinecraftServer/]: DodiWo joined the game
[15Jun2025 17:06:25.046] [Server thread/WARN] [net.minecraft.server.MinecraftServer/]: Can't keep up! Is the server overloaded? Running 7505ms or 150 ticks behind
[15Jun2025 17:06:25.176] [Server thread/DEBUG] [mixin/]: Mixing VillagerTaskListProviderMixin from friendsandfoes-common.mixins.json into net.minecraft.world.entity.ai.behavior.VillagerGoalPackages
[15Jun2025 17:10:57.915] [Server thread/DEBUG] [net.minecraftforge.common.ForgeHooks/WP]: Gathering id map for writing to world save world
[15Jun2025 17:10:57.927] [Server thread/DEBUG] [net.minecraftforge.common.ForgeHooks/WP]: ID Map collection complete world
[15Jun2025 17:15:57.911] [Server thread/DEBUG] [net.minecraftforge.common.ForgeHooks/WP]: Gathering id map for writing to world save world
[15Jun2025 17:15:57.920] [Server thread/DEBUG] [net.minecraftforge.common.ForgeHooks/WP]: ID Map collection complete world
[15Jun2025 17:20:57.847] [Server thread/DEBUG] [net.minecraftforge.common.ForgeHooks/WP]: Gathering id map for writing to world save world
[15Jun2025 17:20:57.855] [Server thread/DEBUG] [net.minecraftforge.common.ForgeHooks/WP]: ID Map collection complete world
[15Jun2025 17:25:57.867] [Server thread/DEBUG] [net.minecraftforge.common.ForgeHooks/WP]: Gathering id map for writing to world save world
[15Jun2025 17:25:57.872] [Server thread/DEBUG] [net.minecraftforge.common.ForgeHooks/WP]: ID Map collection complete world
[15Jun2025 17:30:57.844] [Server thread/DEBUG] [net.minecraftforge.common.ForgeHooks/WP]: Gathering id map for writing to world save world
[15Jun2025 17:30:57.850] [Server thread/DEBUG] [net.minecraftforge.common.ForgeHooks/WP]: ID Map collection complete world
[15Jun2025 17:35:57.879] [Server thread/DEBUG] [net.minecraftforge.common.ForgeHooks/WP]: Gathering id map for writing to world save world
[15Jun2025 17:35:57.885] [Server thread/DEBUG] [net.minecraftforge.common.ForgeHooks/WP]: ID Map collection complete world
[15Jun2025 17:40:57.849] [Server thread/DEBUG] [net.minecraftforge.common.ForgeHooks/WP]: Gathering id map for writing to world save world
[15Jun2025 17:40:57.854] [Server thread/DEBUG] [net.minecraftforge.common.ForgeHooks/WP]: ID Map collection complete world
[15Jun2025 17:45:57.859] [Server thread/DEBUG] [net.minecraftforge.common.ForgeHooks/WP]: Gathering id map for writing to world save world
[15Jun2025 17:45:57.864] [Server thread/DEBUG] [net.minecraftforge.common.ForgeHooks/WP]: ID Map collection complete world
[15Jun2025 17:50:57.852] [Server thread/DEBUG] [net.minecraftforge.common.ForgeHooks/WP]: Gathering id map for writing to world save world
[15Jun2025 17:50:57.858] [Server thread/DEBUG] [net.minecraftforge.common.ForgeHooks/WP]: ID Map collection complete world
[15Jun2025 17:53:45.766] [Server thread/INFO] [net.minecraft.world.entity.npc.Villager/]: Villager Villager['Villager'/79957, l='ServerLevel[world]', x=1753.25, y=-256.00, z=818.78] died, message: 'Villager was killed'
[15Jun2025 17:55:57.867] [Server thread/DEBUG] [net.minecraftforge.common.ForgeHooks/WP]: Gathering id map for writing to world save world
[15Jun2025 17:55:57.871] [Server thread/DEBUG] [net.minecraftforge.common.ForgeHooks/WP]: ID Map collection complete world
[15Jun2025 18:00:57.850] [Server thread/DEBUG] [net.minecraftforge.common.ForgeHooks/WP]: Gathering id map for writing to world save world
[15Jun2025 18:00:57.855] [Server thread/DEBUG] [net.minecraftforge.common.ForgeHooks/WP]: ID Map collection complete world
[15Jun2025 18:05:57.856] [Server thread/DEBUG] [net.minecraftforge.common.ForgeHooks/WP]: Gathering id map for writing to world save world
[15Jun2025 18:05:57.861] [Server thread/DEBUG] [net.minecraftforge.common.ForgeHooks/WP]: ID Map collection complete world
[15Jun2025 18:10:57.851] [Server thread/DEBUG] [net.minecraftforge.common.ForgeHooks/WP]: Gathering id map for writing to world save world
[15Jun2025 18:10:57.857] [Server thread/DEBUG] [net.minecraftforge.common.ForgeHooks/WP]: ID Map collection complete world
[15Jun2025 18:12:01.765] [Server thread/INFO] [net.minecraft.world.entity.npc.Villager/]: Villager Villager['Villager'/106291, l='ServerLevel[world]', x=1753.25, y=-256.00, z=818.78] died, message: 'Villager was killed'
[15Jun2025 18:15:57.853] [Server thread/DEBUG] [net.minecraftforge.common.ForgeHooks/WP]: Gathering id map for writing to world save world
[15Jun2025 18:15:57.857] [Server thread/DEBUG] [net.minecraftforge.common.ForgeHooks/WP]: ID Map collection complete world
[15Jun2025 18:20:57.831] [Server thread/DEBUG] [net.minecraftforge.common.ForgeHooks/WP]: Gathering id map for writing to world save world
[15Jun2025 18:20:57.836] [Server thread/DEBUG] [net.minecraftforge.common.ForgeHooks/WP]: ID Map collection complete world
[15Jun2025 18:25:57.869] [Server thread/DEBUG] [net.minecraftforge.common.ForgeHooks/WP]: Gathering id map for writing to world save world
[15Jun2025 18:25:57.875] [Server thread/DEBUG] [net.minecraftforge.common.ForgeHooks/WP]: ID Map collection complete world
[15Jun2025 18:30:57.835] [Server thread/DEBUG] [net.minecraftforge.common.ForgeHooks/WP]: Gathering id map for writing to world save world
[15Jun2025 18:30:57.840] [Server thread/DEBUG] [net.minecraftforge.common.ForgeHooks/WP]: ID Map collection complete world
[15Jun2025 18:35:57.860] [Server thread/DEBUG] [net.minecraftforge.common.ForgeHooks/WP]: Gathering id map for writing to world save world
[15Jun2025 18:35:57.866] [Server thread/DEBUG] [net.minecraftforge.common.ForgeHooks/WP]: ID Map collection complete world
[15Jun2025 18:40:57.840] [Server thread/DEBUG] [net.minecraftforge.common.ForgeHooks/WP]: Gathering id map for writing to world save world
[15Jun2025 18:40:57.847] [Server thread/DEBUG] [net.minecraftforge.common.ForgeHooks/WP]: ID Map collection complete world
[15Jun2025 18:45:57.862] [Server thread/DEBUG] [net.minecraftforge.common.ForgeHooks/WP]: Gathering id map for writing to world save world
[15Jun2025 18:45:57.869] [Server thread/DEBUG] [net.minecraftforge.common.ForgeHooks/WP]: ID Map collection complete world
[15Jun2025 18:50:57.832] [Server thread/DEBUG] [net.minecraftforge.common.ForgeHooks/WP]: Gathering id map for writing to world save world
[15Jun2025 18:50:57.837] [Server thread/DEBUG] [net.minecraftforge.common.ForgeHooks/WP]: ID Map collection complete world
[15Jun2025 18:51:36.768] [Server thread/INFO] [net.minecraft.world.entity.npc.Villager/]: Villager Villager['Villager'/160106, l='ServerLevel[world]', x=1752.88, y=-256.00, z=818.78] died, message: 'Villager was killed'
[15Jun2025 18:55:57.858] [Server thread/DEBUG] [net.minecraftforge.common.ForgeHooks/WP]: Gathering id map for writing to world save world
[15Jun2025 18:55:57.864] [Server thread/DEBUG] [net.minecraftforge.common.ForgeHooks/WP]: ID Map collection complete world
[15Jun2025 19:00:57.834] [Server thread/DEBUG] [net.minecraftforge.common.ForgeHooks/WP]: Gathering id map for writing to world save world
[15Jun2025 19:00:57.839] [Server thread/DEBUG] [net.minecraftforge.common.ForgeHooks/WP]: ID Map collection complete world
[15Jun2025 19:05:57.862] [Server thread/DEBUG] [net.minecraftforge.common.ForgeHooks/WP]: Gathering id map for writing to world save world
[15Jun2025 19:05:57.866] [Server thread/DEBUG] [net.minecraftforge.common.ForgeHooks/WP]: ID Map collection complete world
[15Jun2025 19:10:57.839] [Server thread/DEBUG] [net.minecraftforge.common.ForgeHooks/WP]: Gathering id map for writing to world save world
[15Jun2025 19:10:57.845] [Server thread/DEBUG] [net.minecraftforge.common.ForgeHooks/WP]: ID Map collection complete world
[15Jun2025 19:15:57.858] [Server thread/DEBUG] [net.minecraftforge.common.ForgeHooks/WP]: Gathering id map for writing to world save world
[15Jun2025 19:15:57.864] [Server thread/DEBUG] [net.minecraftforge.common.ForgeHooks/WP]: ID Map collection complete world
[15Jun2025 19:20:57.839] [Server thread/DEBUG] [net.minecraftforge.common.ForgeHooks/WP]: Gathering id map for writing to world save world
[15Jun2025 19:20:57.844] [Server thread/DEBUG] [net.minecraftforge.common.ForgeHooks/WP]: ID Map collection complete world
[15Jun2025 19:25:57.865] [Server thread/DEBUG] [net.minecraftforge.common.ForgeHooks/WP]: Gathering id map for writing to world save world
[15Jun2025 19:25:57.871] [Server thread/DEBUG] [net.minecraftforge.common.ForgeHooks/WP]: ID Map collection complete world
[15Jun2025 19:30:57.838] [Server thread/DEBUG] [net.minecraftforge.common.ForgeHooks/WP]: Gathering id map for writing to world save world
[15Jun2025 19:30:57.843] [Server thread/DEBUG] [net.minecraftforge.common.ForgeHooks/WP]: ID Map collection complete world
[15Jun2025 19:35:57.864] [Server thread/DEBUG] [net.minecraftforge.common.ForgeHooks/WP]: Gathering id map for writing to world save world
[15Jun2025 19:35:57.869] [Server thread/DEBUG] [net.minecraftforge.common.ForgeHooks/WP]: ID Map collection complete world
[15Jun2025 19:40:57.836] [Server thread/DEBUG] [net.minecraftforge.common.ForgeHooks/WP]: Gathering id map for writing to world save world
[15Jun2025 19:40:57.842] [Server thread/DEBUG] [net.minecraftforge.common.ForgeHooks/WP]: ID Map collection complete world
[15Jun2025 19:45:57.881] [Server thread/DEBUG] [net.minecraftforge.common.ForgeHooks/WP]: Gathering id map for writing to world save world
[15Jun2025 19:45:57.886] [Server thread/DEBUG] [net.minecraftforge.common.ForgeHooks/WP]: ID Map collection complete world
[15Jun2025 19:47:13.770] [Server thread/INFO] [net.minecraft.world.entity.npc.Villager/]: Villager Villager['Villager'/229095, l='ServerLevel[world]', x=1752.88, y=-256.00, z=818.78] died, message: 'Villager was killed'
[15Jun2025 19:50:57.841] [Server thread/DEBUG] [net.minecraftforge.common.ForgeHooks/WP]: Gathering id map for writing to world save world
[15Jun2025 19:50:57.847] [Server thread/DEBUG] [net.minecraftforge.common.ForgeHooks/WP]: ID Map collection complete world
[15Jun2025 19:53:19.764] [Server thread/INFO] [net.minecraft.world.entity.npc.Villager/]: Villager Villager['Villager'/243026, l='ServerLevel[world]', x=1752.88, y=-256.00, z=818.78] died, message: 'Villager was killed'
[15Jun2025 19:55:57.864] [Server thread/DEBUG] [net.minecraftforge.common.ForgeHooks/WP]: Gathering id map for writing to world save world
[15Jun2025 19:55:57.868] [Server thread/DEBUG] [net.minecraftforge.common.ForgeHooks/WP]: ID Map collection complete world
[15Jun2025 20:00:57.840] [Server thread/DEBUG] [net.minecraftforge.common.ForgeHooks/WP]: Gathering id map for writing to world save world
[15Jun2025 20:00:57.844] [Server thread/DEBUG] [net.minecraftforge.common.ForgeHooks/WP]: ID Map collection complete world
[15Jun2025 20:05:57.854] [Server thread/DEBUG] [net.minecraftforge.common.ForgeHooks/WP]: Gathering id map for writing to world save world
[15Jun2025 20:05:57.858] [Server thread/DEBUG] [net.minecraftforge.common.ForgeHooks/WP]: ID Map collection complete world
[15Jun2025 20:10:57.836] [Server thread/DEBUG] [net.minecraftforge.common.ForgeHooks/WP]: Gathering id map for writing to world save world
[15Jun2025 20:10:57.841] [Server thread/DEBUG] [net.minecraftforge.common.ForgeHooks/WP]: ID Map collection complete world
[15Jun2025 20:15:57.876] [Server thread/DEBUG] [net.minecraftforge.common.ForgeHooks/WP]: Gathering id map for writing to world save world
[15Jun2025 20:15:57.881] [Server thread/DEBUG] [net.minecraftforge.common.ForgeHooks/WP]: ID Map collection complete world
[15Jun2025 20:20:57.836] [Server thread/DEBUG] [net.minecraftforge.common.ForgeHooks/WP]: Gathering id map for writing to world save world
[15Jun2025 20:20:57.841] [Server thread/DEBUG] [net.minecraftforge.common.ForgeHooks/WP]: ID Map collection complete world
[15Jun2025 20:25:57.869] [Server thread/DEBUG] [net.minecraftforge.common.ForgeHooks/WP]: Gathering id map for writing to world save world
[15Jun2025 20:25:57.873] [Server thread/DEBUG] [net.minecraftforge.common.ForgeHooks/WP]: ID Map collection complete world
[15Jun2025 20:30:57.846] [Server thread/DEBUG] [net.minecraftforge.common.ForgeHooks/WP]: Gathering id map for writing to world save world
[15Jun2025 20:30:57.852] [Server thread/DEBUG] [net.minecraftforge.common.ForgeHooks/WP]: ID Map collection complete world
[15Jun2025 20:35:57.858] [Server thread/DEBUG] [net.minecraftforge.common.ForgeHooks/WP]: Gathering id map for writing to world save world
[15Jun2025 20:35:57.862] [Server thread/DEBUG] [net.minecraftforge.common.ForgeHooks/WP]: ID Map collection complete world
[15Jun2025 20:40:57.827] [Server thread/DEBUG] [net.minecraftforge.common.ForgeHooks/WP]: Gathering id map for writing to world save world
[15Jun2025 20:40:57.832] [Server thread/DEBUG] [net.minecraftforge.common.ForgeHooks/WP]: ID Map collection complete world
[15Jun2025 20:45:57.861] [Server thread/DEBUG] [net.minecraftforge.common.ForgeHooks/WP]: Gathering id map for writing to world save world
[15Jun2025 20:45:57.866] [Server thread/DEBUG] [net.minecraftforge.common.ForgeHooks/WP]: ID Map collection complete world
[15Jun2025 20:50:57.829] [Server thread/DEBUG] [net.minecraftforge.common.ForgeHooks/WP]: Gathering id map for writing to world save world
[15Jun2025 20:50:57.834] [Server thread/DEBUG] [net.minecraftforge.common.ForgeHooks/WP]: ID Map collection complete world
[15Jun2025 20:51:45.772] [Server thread/INFO] [net.minecraft.world.entity.npc.Villager/]: Villager Villager['Villager'/328925, l='ServerLevel[world]', x=1752.88, y=-256.00, z=818.78] died, message: 'Villager was killed'
[15Jun2025 20:55:57.857] [Server thread/DEBUG] [net.minecraftforge.common.ForgeHooks/WP]: Gathering id map for writing to world save world
[15Jun2025 20:55:57.861] [Server thread/DEBUG] [net.minecraftforge.common.ForgeHooks/WP]: ID Map collection complete world
[15Jun2025 21:00:57.847] [Server thread/DEBUG] [net.minecraftforge.common.ForgeHooks/WP]: Gathering id map for writing to world save world
[15Jun2025 21:00:57.852] [Server thread/DEBUG] [net.minecraftforge.common.ForgeHooks/WP]: ID Map collection complete world
[15Jun2025 21:05:57.873] [Server thread/DEBUG] [net.minecraftforge.common.ForgeHooks/WP]: Gathering id map for writing to world save world
[15Jun2025 21:05:57.877] [Server thread/DEBUG] [net.minecraftforge.common.ForgeHooks/WP]: ID Map collection complete world
[15Jun2025 21:09:45.763] [Server thread/INFO] [net.minecraft.world.entity.npc.Villager/]: Villager Villager['Villager'/343674, l='ServerLevel[world]', x=1752.88, y=-256.00, z=818.78] died, message: 'Villager was killed'
[15Jun2025 21:10:57.839] [Server thread/DEBUG] [net.minecraftforge.common.ForgeHooks/WP]: Gathering id map for writing to world save world
[15Jun2025 21:10:57.845] [Server thread/DEBUG] [net.minecraftforge.common.ForgeHooks/WP]: ID Map collection complete world
[15Jun2025 21:15:57.891] [Server thread/DEBUG] [net.minecraftforge.common.ForgeHooks/WP]: Gathering id map for writing to world save world
[15Jun2025 21:15:57.897] [Server thread/DEBUG] [net.minecraftforge.common.ForgeHooks/WP]: ID Map collection complete world
[15Jun2025 21:20:57.835] [Server thread/DEBUG] [net.minecraftforge.common.ForgeHooks/WP]: Gathering id map for writing to world save world
[15Jun2025 21:20:57.839] [Server thread/DEBUG] [net.minecraftforge.common.ForgeHooks/WP]: ID Map collection complete world
[15Jun2025 21:25:57.878] [Server thread/DEBUG] [net.minecraftforge.common.ForgeHooks/WP]: Gathering id map for writing to world save world
[15Jun2025 21:25:57.883] [Server thread/DEBUG] [net.minecraftforge.common.ForgeHooks/WP]: ID Map collection complete world
[15Jun2025 21:30:57.842] [Server thread/DEBUG] [net.minecraftforge.common.ForgeHooks/WP]: Gathering id map for writing to world save world
[15Jun2025 21:30:57.848] [Server thread/DEBUG] [net.minecraftforge.common.ForgeHooks/WP]: ID Map collection complete world
[15Jun2025 21:32:32.021] [Netty Epoll Server IO #4/DEBUG] [net.minecraftforge.network.HandshakeHandler/FMLHANDSHAKE]: Starting new modded impl connection. Found 28 messages to dispatch.
[15Jun2025 21:32:32.030] [Server thread/DEBUG] [net.minecraftforge.network.HandshakeHandler/FMLHANDSHAKE]: Sending ticking packet info 'net.minecraftforge.network.HandshakeMessages$S2CModData' to 'fml:handshake' sequence 0
[15Jun2025 21:32:32.074] [Server thread/DEBUG] [net.minecraftforge.network.HandshakeHandler/FMLHANDSHAKE]: Sending ticking packet info 'net.minecraftforge.network.HandshakeMessages$S2CModList' to 'fml:handshake' sequence 1
[15Jun2025 21:32:32.118] [Server thread/DEBUG] [net.minecraftforge.network.HandshakeHandler/FMLHANDSHAKE]: Sending ticking packet info 'Registry minecraft:command_argument_type' to 'fml:handshake' sequence 2
[15Jun2025 21:32:32.171] [Server thread/DEBUG] [net.minecraftforge.network.HandshakeHandler/FMLHANDSHAKE]: Sending ticking packet info 'Registry minecraft:recipe_serializer' to 'fml:handshake' sequence 3
[15Jun2025 21:32:32.223] [Server thread/DEBUG] [net.minecraftforge.network.HandshakeHandler/FMLHANDSHAKE]: Sending ticking packet info 'Registry minecraft:sound_event' to 'fml:handshake' sequence 4
[15Jun2025 21:32:32.235] [Netty Epoll Server IO #4/DEBUG] [net.minecraftforge.network.LoginWrapper/FMLHANDSHAKE]: Recieved login wrapper packet event for channel fml:handshake with index 1
[15Jun2025 21:32:32.236] [Netty Epoll Server IO #4/DEBUG] [net.minecraftforge.network.HandshakeHandler/FMLHANDSHAKE]: Received client indexed reply 1 of type net.minecraftforge.network.HandshakeMessages$C2SModListReply
[15Jun2025 21:32:32.236] [Netty Epoll Server IO #4/DEBUG] [net.minecraftforge.network.HandshakeHandler/FMLHANDSHAKE]: Received client connection with modlist [mr_stellarity, weaponmaster_ydm, inventorysorter, skyvillages, fastload, wi_zoom, geckolib, easymagic, naturalist, libraryferret, incendium, sound_physics_remastered, structureessentials, fallingleaves, structory, clumps, xaeroworldmap, modernfix, jei, travelersbackpack, yungsapi, mixinextras, myserveriscompatible, pickupnotifier, terralith, carryon, jeresources, puzzlesaccessapi, dungeons_arise_seven_seas, betterfortresses, forge, sodiumdynamiclights, embeddium, rubidium, chloride, ultris_mr, friendsandfoes, dungeons_arise, clearfluidglass, minecraft, smoothchunk, farmersdelight, entity_texture_features, endermanoverhaul, ambientsounds, gml, creativecore, chunky, watching, resourcefulconfig, hangglider, lionfishapi, cataclysm, curios, xaerominimap, commongroovylibrary, bocchium, mr_dungeons_andtaverns, entityculling, doespotatotick, bettervillage, resourcefullib, immediatelyfast, eatinganimation, creeperoverhaul, appleskin, deeperdarker, architectury, moremobvariants, ferritecore, cupboard, puzzleslib, badoptimizations, bettermineshafts, betteradvancements]
[15Jun2025 21:32:32.236] [Netty Epoll Server IO #4/DEBUG] [net.minecraftforge.network.NetworkRegistry/NETREGISTRY]: Channel 'inventorysorter:net' : Version test of '1' from client : ACCEPTED
[15Jun2025 21:32:32.236] [Netty Epoll Server IO #4/DEBUG] [net.minecraftforge.network.NetworkRegistry/NETREGISTRY]: Channel 'architectury:network' : Version test of '1' from client : ACCEPTED
[15Jun2025 21:32:32.236] [Netty Epoll Server IO #4/DEBUG] [net.minecraftforge.network.NetworkRegistry/NETREGISTRY]: Channel 'jei:channel' : Version test of '1.0.0' from client : ACCEPTED
[15Jun2025 21:32:32.236] [Netty Epoll Server IO #4/DEBUG] [net.minecraftforge.network.NetworkRegistry/NETREGISTRY]: Channel 'carryon:carryonpackets' : Version test of '1.0' from client : ACCEPTED
[15Jun2025 21:32:32.236] [Netty Epoll Server IO #4/DEBUG] [net.minecraftforge.network.NetworkRegistry/NETREGISTRY]: Channel 'minecraft:unregister' : Version test of 'FML3' from client : ACCEPTED
[15Jun2025 21:32:32.236] [Netty Epoll Server IO #4/DEBUG] [net.minecraftforge.network.NetworkRegistry/NETREGISTRY]: Channel 'endermanoverhaul:main' : Version test of '1' from client : ACCEPTED
[15Jun2025 21:32:32.236] [Netty Epoll Server IO #4/DEBUG] [net.minecraftforge.network.NetworkRegistry/NETREGISTRY]: Channel 'puzzleslib:1' : Version test of '1' from client : ACCEPTED
[15Jun2025 21:32:32.236] [Netty Epoll Server IO #4/DEBUG] [net.minecraftforge.network.NetworkRegistry/NETREGISTRY]: Channel 'easymagic:1' : Version test of '1' from client : ACCEPTED
[15Jun2025 21:32:32.236] [Netty Epoll Server IO #4/DEBUG] [net.minecraftforge.network.NetworkRegistry/NETREGISTRY]: Channel 'friendsandfoes:networking' : Version test of '2.0.17' from client : ACCEPTED
[15Jun2025 21:32:32.236] [Netty Epoll Server IO #4/DEBUG] [net.minecraftforge.network.NetworkRegistry/NETREGISTRY]: Channel 'travelersbackpack:network' : Version test of 'travelersbackpack:1' from client : ACCEPTED
[15Jun2025 21:32:32.236] [Netty Epoll Server IO #4/DEBUG] [net.minecraftforge.network.NetworkRegistry/NETREGISTRY]: Channel 'curios:main' : Version test of '1' from client : ACCEPTED
[15Jun2025 21:32:32.236] [Netty Epoll Server IO #4/DEBUG] [net.minecraftforge.network.NetworkRegistry/NETREGISTRY]: Channel 'cataclysm:main_channel' : Version test of '1' from client : ACCEPTED
[15Jun2025 21:32:32.236] [Netty Epoll Server IO #4/DEBUG] [net.minecraftforge.network.NetworkRegistry/NETREGISTRY]: Channel 'lionfishapi:main_channel' : Version test of '1' from client : ACCEPTED
[15Jun2025 21:32:32.236] [Netty Epoll Server IO #4/DEBUG] [net.minecraftforge.network.NetworkRegistry/NETREGISTRY]: Channel 'weaponmaster_ydm:yearscnetworking' : Version test of '1.0' from client : ACCEPTED
[15Jun2025 21:32:32.236] [Netty Epoll Server IO #4/DEBUG] [net.minecraftforge.network.NetworkRegistry/NETREGISTRY]: Channel 'fml:loginwrapper' : Version test of 'FML3' from client : ACCEPTED
[15Jun2025 21:32:32.236] [Netty Epoll Server IO #4/DEBUG] [net.minecraftforge.network.NetworkRegistry/NETREGISTRY]: Channel 'forge:tier_sorting' : Version test of '1.0' from client : ACCEPTED
[15Jun2025 21:32:32.236] [Netty Epoll Server IO #4/DEBUG] [net.minecraftforge.network.NetworkRegistry/NETREGISTRY]: Channel 'fml:play' : Version test of 'FML3' from client : ACCEPTED
[15Jun2025 21:32:32.236] [Netty Epoll Server IO #4/DEBUG] [net.minecraftforge.network.NetworkRegistry/NETREGISTRY]: Channel 'deeperdarker:deeperdarker_network' : Version test of '1.0' from client : ACCEPTED
[15Jun2025 21:32:32.236] [Netty Epoll Server IO #4/DEBUG] [net.minecraftforge.network.NetworkRegistry/NETREGISTRY]: Channel 'moremobvariants:main' : Version test of '1' from client : ACCEPTED
[15Jun2025 21:32:32.236] [Netty Epoll Server IO #4/DEBUG] [net.minecraftforge.network.NetworkRegistry/NETREGISTRY]: Channel 'creativecore:main' : Version test of '1' from client : ACCEPTED
[15Jun2025 21:32:32.236] [Netty Epoll Server IO #4/DEBUG] [net.minecraftforge.network.NetworkRegistry/NETREGISTRY]: Channel 'pickupnotifier:1' : Version test of '1' from client : ACCEPTED
[15Jun2025 21:32:32.236] [Netty Epoll Server IO #4/DEBUG] [net.minecraftforge.network.NetworkRegistry/NETREGISTRY]: Channel 'fml:handshake' : Version test of 'FML3' from client : ACCEPTED
[15Jun2025 21:32:32.236] [Netty Epoll Server IO #4/DEBUG] [net.minecraftforge.network.NetworkRegistry/NETREGISTRY]: Channel 'minecraft:register' : Version test of 'FML3' from client : ACCEPTED
[15Jun2025 21:32:32.236] [Netty Epoll Server IO #4/DEBUG] [net.minecraftforge.network.NetworkRegistry/NETREGISTRY]: Channel 'forge:split' : Version test of '1.1' from client : ACCEPTED
[15Jun2025 21:32:32.237] [Netty Epoll Server IO #4/DEBUG] [net.minecraftforge.network.NetworkRegistry/NETREGISTRY]: Channel 'geckolib:main' : Version test of '1' from client : ACCEPTED
[15Jun2025 21:32:32.237] [Netty Epoll Server IO #4/DEBUG] [net.minecraftforge.network.NetworkRegistry/NETREGISTRY]: Accepting channel list from client
[15Jun2025 21:32:32.237] [Netty Epoll Server IO #4/DEBUG] [net.minecraftforge.network.HandshakeHandler/FMLHANDSHAKE]: Accepted client connection mod list
[15Jun2025 21:32:32.274] [Server thread/DEBUG] [net.minecraftforge.network.HandshakeHandler/FMLHANDSHAKE]: Sending ticking packet info 'Registry minecraft:particle_type' to 'fml:handshake' sequence 5
[15Jun2025 21:32:32.280] [Netty Epoll Server IO #4/DEBUG] [net.minecraftforge.network.LoginWrapper/FMLHANDSHAKE]: Recieved login wrapper packet event for channel fml:handshake with index 2
[15Jun2025 21:32:32.280] [Netty Epoll Server IO #4/DEBUG] [net.minecraftforge.network.HandshakeHandler/FMLHANDSHAKE]: Received client indexed reply 2 of type net.minecraftforge.network.HandshakeMessages$C2SAcknowledge
[15Jun2025 21:32:32.280] [Netty Epoll Server IO #4/DEBUG] [net.minecraftforge.network.HandshakeHandler/FMLHANDSHAKE]: Received acknowledgement from client
[15Jun2025 21:32:32.322] [Server thread/DEBUG] [net.minecraftforge.network.HandshakeHandler/FMLHANDSHAKE]: Sending ticking packet info 'Registry minecraft:villager_profession' to 'fml:handshake' sequence 6
[15Jun2025 21:32:32.324] [Netty Epoll Server IO #4/DEBUG] [net.minecraftforge.network.LoginWrapper/FMLHANDSHAKE]: Recieved login wrapper packet event for channel fml:handshake with index 3
[15Jun2025 21:32:32.324] [Netty Epoll Server IO #4/DEBUG] [net.minecraftforge.network.HandshakeHandler/FMLHANDSHAKE]: Received client indexed reply 3 of type net.minecraftforge.network.HandshakeMessages$C2SAcknowledge
[15Jun2025 21:32:32.324] [Netty Epoll Server IO #4/DEBUG] [net.minecraftforge.network.HandshakeHandler/FMLHANDSHAKE]: Received acknowledgement from client
[15Jun2025 21:32:32.369] [Server thread/DEBUG] [net.minecraftforge.network.HandshakeHandler/FMLHANDSHAKE]: Sending ticking packet info 'Registry minecraft:item' to 'fml:handshake' sequence 7
[15Jun2025 21:32:32.422] [Server thread/DEBUG] [net.minecraftforge.network.HandshakeHandler/FMLHANDSHAKE]: Sending ticking packet info 'Registry minecraft:potion' to 'fml:handshake' sequence 8
[15Jun2025 21:32:32.468] [Server thread/DEBUG] [net.minecraftforge.network.HandshakeHandler/FMLHANDSHAKE]: Sending ticking packet info 'Registry minecraft:painting_variant' to 'fml:handshake' sequence 9
[15Jun2025 21:32:32.523] [Server thread/DEBUG] [net.minecraftforge.network.HandshakeHandler/FMLHANDSHAKE]: Sending ticking packet info 'Registry forge:fluid_type' to 'fml:handshake' sequence 10
[15Jun2025 21:32:32.570] [Server thread/DEBUG] [net.minecraftforge.network.HandshakeHandler/FMLHANDSHAKE]: Sending ticking packet info 'Registry minecraft:block_entity_type' to 'fml:handshake' sequence 11
[15Jun2025 21:32:32.617] [Server thread/DEBUG] [net.minecraftforge.network.HandshakeHandler/FMLHANDSHAKE]: Sending ticking packet info 'Registry forge:display_contexts' to 'fml:handshake' sequence 12
[15Jun2025 21:32:32.667] [Server thread/DEBUG] [net.minecraftforge.network.HandshakeHandler/FMLHANDSHAKE]: Sending ticking packet info 'Registry minecraft:block' to 'fml:handshake' sequence 13
[15Jun2025 21:32:32.689] [Netty Epoll Server IO #4/DEBUG] [net.minecraftforge.network.LoginWrapper/FMLHANDSHAKE]: Recieved login wrapper packet event for channel fml:handshake with index 4
[15Jun2025 21:32:32.689] [Netty Epoll Server IO #4/DEBUG] [net.minecraftforge.network.HandshakeHandler/FMLHANDSHAKE]: Received client indexed reply 4 of type net.minecraftforge.network.HandshakeMessages$C2SAcknowledge
[15Jun2025 21:32:32.689] [Netty Epoll Server IO #4/DEBUG] [net.minecraftforge.network.HandshakeHandler/FMLHANDSHAKE]: Received acknowledgement from client
[15Jun2025 21:32:32.689] [Netty Epoll Server IO #4/DEBUG] [net.minecraftforge.network.LoginWrapper/FMLHANDSHAKE]: Recieved login wrapper packet event for channel fml:handshake with index 5
[15Jun2025 21:32:32.689] [Netty Epoll Server IO #4/DEBUG] [net.minecraftforge.network.HandshakeHandler/FMLHANDSHAKE]: Received client indexed reply 5 of type net.minecraftforge.network.HandshakeMessages$C2SAcknowledge
[15Jun2025 21:32:32.689] [Netty Epoll Server IO #4/DEBUG] [net.minecraftforge.network.HandshakeHandler/FMLHANDSHAKE]: Received acknowledgement from client
[15Jun2025 21:32:32.689] [Netty Epoll Server IO #4/DEBUG] [net.minecraftforge.network.LoginWrapper/FMLHANDSHAKE]: Recieved login wrapper packet event for channel fml:handshake with index 6
[15Jun2025 21:32:32.689] [Netty Epoll Server IO #4/DEBUG] [net.minecraftforge.network.HandshakeHandler/FMLHANDSHAKE]: Received client indexed reply 6 of type net.minecraftforge.network.HandshakeMessages$C2SAcknowledge
[15Jun2025 21:32:32.689] [Netty Epoll Server IO #4/DEBUG] [net.minecraftforge.network.HandshakeHandler/FMLHANDSHAKE]: Received acknowledgement from client
[15Jun2025 21:32:32.721] [Server thread/DEBUG] [net.minecraftforge.network.HandshakeHandler/FMLHANDSHAKE]: Sending ticking packet info 'Registry forge:entity_data_serializers' to 'fml:handshake' sequence 14
[15Jun2025 21:32:32.727] [Netty Epoll Server IO #4/DEBUG] [net.minecraftforge.network.LoginWrapper/FMLHANDSHAKE]: Recieved login wrapper packet event for channel fml:handshake with index 7
[15Jun2025 21:32:32.727] [Netty Epoll Server IO #4/DEBUG] [net.minecraftforge.network.HandshakeHandler/FMLHANDSHAKE]: Received client indexed reply 7 of type net.minecraftforge.network.HandshakeMessages$C2SAcknowledge
[15Jun2025 21:32:32.727] [Netty Epoll Server IO #4/DEBUG] [net.minecraftforge.network.HandshakeHandler/FMLHANDSHAKE]: Received acknowledgement from client
[15Jun2025 21:32:32.727] [Netty Epoll Server IO #4/DEBUG] [net.minecraftforge.network.LoginWrapper/FMLHANDSHAKE]: Recieved login wrapper packet event for channel fml:handshake with index 8
[15Jun2025 21:32:32.727] [Netty Epoll Server IO #4/DEBUG] [net.minecraftforge.network.HandshakeHandler/FMLHANDSHAKE]: Received client indexed reply 8 of type net.minecraftforge.network.HandshakeMessages$C2SAcknowledge
[15Jun2025 21:32:32.727] [Netty Epoll Server IO #4/DEBUG] [net.minecraftforge.network.HandshakeHandler/FMLHANDSHAKE]: Received acknowledgement from client
[15Jun2025 21:32:32.730] [Netty Epoll Server IO #4/DEBUG] [net.minecraftforge.network.LoginWrapper/FMLHANDSHAKE]: Recieved login wrapper packet event for channel fml:handshake with index 9
[15Jun2025 21:32:32.730] [Netty Epoll Server IO #4/DEBUG] [net.minecraftforge.network.HandshakeHandler/FMLHANDSHAKE]: Received client indexed reply 9 of type net.minecraftforge.network.HandshakeMessages$C2SAcknowledge
[15Jun2025 21:32:32.730] [Netty Epoll Server IO #4/DEBUG] [net.minecraftforge.network.HandshakeHandler/FMLHANDSHAKE]: Received acknowledgement from client
[15Jun2025 21:32:32.730] [Netty Epoll Server IO #4/DEBUG] [net.minecraftforge.network.LoginWrapper/FMLHANDSHAKE]: Recieved login wrapper packet event for channel fml:handshake with index 10
[15Jun2025 21:32:32.730] [Netty Epoll Server IO #4/DEBUG] [net.minecraftforge.network.HandshakeHandler/FMLHANDSHAKE]: Received client indexed reply 10 of type net.minecraftforge.network.HandshakeMessages$C2SAcknowledge
[15Jun2025 21:32:32.730] [Netty Epoll Server IO #4/DEBUG] [net.minecraftforge.network.HandshakeHandler/FMLHANDSHAKE]: Received acknowledgement from client
[15Jun2025 21:32:32.731] [Netty Epoll Server IO #4/DEBUG] [net.minecraftforge.network.LoginWrapper/FMLHANDSHAKE]: Recieved login wrapper packet event for channel fml:handshake with index 11
[15Jun2025 21:32:32.731] [Netty Epoll Server IO #4/DEBUG] [net.minecraftforge.network.HandshakeHandler/FMLHANDSHAKE]: Received client indexed reply 11 of type net.minecraftforge.network.HandshakeMessages$C2SAcknowledge
[15Jun2025 21:32:32.731] [Netty Epoll Server IO #4/DEBUG] [net.minecraftforge.network.HandshakeHandler/FMLHANDSHAKE]: Received acknowledgement from client
[15Jun2025 21:32:32.769] [Server thread/DEBUG] [net.minecraftforge.network.HandshakeHandler/FMLHANDSHAKE]: Sending ticking packet info 'Registry minecraft:mob_effect' to 'fml:handshake' sequence 15
[15Jun2025 21:32:32.770] [Netty Epoll Server IO #4/DEBUG] [net.minecraftforge.network.LoginWrapper/FMLHANDSHAKE]: Recieved login wrapper packet event for channel fml:handshake with index 12
[15Jun2025 21:32:32.770] [Netty Epoll Server IO #4/DEBUG] [net.minecraftforge.network.HandshakeHandler/FMLHANDSHAKE]: Received client indexed reply 12 of type net.minecraftforge.network.HandshakeMessages$C2SAcknowledge
[15Jun2025 21:32:32.770] [Netty Epoll Server IO #4/DEBUG] [net.minecraftforge.network.HandshakeHandler/FMLHANDSHAKE]: Received acknowledgement from client
[15Jun2025 21:32:32.816] [Server thread/DEBUG] [net.minecraftforge.network.HandshakeHandler/FMLHANDSHAKE]: Sending ticking packet info 'Registry minecraft:stat_type' to 'fml:handshake' sequence 16
[15Jun2025 21:32:32.837] [Netty Epoll Server IO #4/DEBUG] [net.minecraftforge.network.LoginWrapper/FMLHANDSHAKE]: Recieved login wrapper packet event for channel fml:handshake with index 13
[15Jun2025 21:32:32.837] [Netty Epoll Server IO #4/DEBUG] [net.minecraftforge.network.HandshakeHandler/FMLHANDSHAKE]: Received client indexed reply 13 of type net.minecraftforge.network.HandshakeMessages$C2SAcknowledge
[15Jun2025 21:32:32.837] [Netty Epoll Server IO #4/DEBUG] [net.minecraftforge.network.HandshakeHandler/FMLHANDSHAKE]: Received acknowledgement from client
[15Jun2025 21:32:32.870] [Server thread/DEBUG] [net.minecraftforge.network.HandshakeHandler/FMLHANDSHAKE]: Sending ticking packet info 'Registry minecraft:menu' to 'fml:handshake' sequence 17
[15Jun2025 21:32:32.874] [Netty Epoll Server IO #4/DEBUG] [net.minecraftforge.network.LoginWrapper/FMLHANDSHAKE]: Recieved login wrapper packet event for channel fml:handshake with index 14
[15Jun2025 21:32:32.874] [Netty Epoll Server IO #4/DEBUG] [net.minecraftforge.network.HandshakeHandler/FMLHANDSHAKE]: Received client indexed reply 14 of type net.minecraftforge.network.HandshakeMessages$C2SAcknowledge
[15Jun2025 21:32:32.874] [Netty Epoll Server IO #4/DEBUG] [net.minecraftforge.network.HandshakeHandler/FMLHANDSHAKE]: Received acknowledgement from client
[15Jun2025 21:32:32.917] [Server thread/DEBUG] [net.minecraftforge.network.HandshakeHandler/FMLHANDSHAKE]: Sending ticking packet info 'Registry minecraft:enchantment' to 'fml:handshake' sequence 18
[15Jun2025 21:32:32.920] [Netty Epoll Server IO #4/DEBUG] [net.minecraftforge.network.LoginWrapper/FMLHANDSHAKE]: Recieved login wrapper packet event for channel fml:handshake with index 15
[15Jun2025 21:32:32.920] [Netty Epoll Server IO #4/DEBUG] [net.minecraftforge.network.HandshakeHandler/FMLHANDSHAKE]: Received client indexed reply 15 of type net.minecraftforge.network.HandshakeMessages$C2SAcknowledge
[15Jun2025 21:32:32.920] [Netty Epoll Server IO #4/DEBUG] [net.minecraftforge.network.HandshakeHandler/FMLHANDSHAKE]: Received acknowledgement from client
[15Jun2025 21:32:32.969] [Netty Epoll Server IO #4/DEBUG] [net.minecraftforge.network.LoginWrapper/FMLHANDSHAKE]: Recieved login wrapper packet event for channel fml:handshake with index 16
[15Jun2025 21:32:32.969] [Netty Epoll Server IO #4/DEBUG] [net.minecraftforge.network.HandshakeHandler/FMLHANDSHAKE]: Received client indexed reply 16 of type net.minecraftforge.network.HandshakeMessages$C2SAcknowledge
[15Jun2025 21:32:32.969] [Netty Epoll Server IO #4/DEBUG] [net.minecraftforge.network.HandshakeHandler/FMLHANDSHAKE]: Received acknowledgement from client
[15Jun2025 21:32:32.972] [Server thread/DEBUG] [net.minecraftforge.network.HandshakeHandler/FMLHANDSHAKE]: Sending ticking packet info 'Registry minecraft:fluid' to 'fml:handshake' sequence 19
[15Jun2025 21:32:33.019] [Server thread/DEBUG] [net.minecraftforge.network.HandshakeHandler/FMLHANDSHAKE]: Sending ticking packet info 'Registry minecraft:entity_type' to 'fml:handshake' sequence 20
[15Jun2025 21:32:33.023] [Netty Epoll Server IO #4/DEBUG] [net.minecraftforge.network.LoginWrapper/FMLHANDSHAKE]: Recieved login wrapper packet event for channel fml:handshake with index 17
[15Jun2025 21:32:33.023] [Netty Epoll Server IO #4/DEBUG] [net.minecraftforge.network.HandshakeHandler/FMLHANDSHAKE]: Received client indexed reply 17 of type net.minecraftforge.network.HandshakeMessages$C2SAcknowledge
[15Jun2025 21:32:33.023] [Netty Epoll Server IO #4/DEBUG] [net.minecraftforge.network.HandshakeHandler/FMLHANDSHAKE]: Received acknowledgement from client
[15Jun2025 21:32:33.070] [Netty Epoll Server IO #4/DEBUG] [net.minecraftforge.network.LoginWrapper/FMLHANDSHAKE]: Recieved login wrapper packet event for channel fml:handshake with index 18
[15Jun2025 21:32:33.070] [Netty Epoll Server IO #4/DEBUG] [net.minecraftforge.network.HandshakeHandler/FMLHANDSHAKE]: Received client indexed reply 18 of type net.minecraftforge.network.HandshakeMessages$C2SAcknowledge
[15Jun2025 21:32:33.070] [Netty Epoll Server IO #4/DEBUG] [net.minecraftforge.network.HandshakeHandler/FMLHANDSHAKE]: Received acknowledgement from client
[15Jun2025 21:32:33.074] [Server thread/DEBUG] [net.minecraftforge.network.HandshakeHandler/FMLHANDSHAKE]: Sending ticking packet info 'Config curios-server.toml' to 'fml:handshake' sequence 21
[15Jun2025 21:32:33.117] [Server thread/DEBUG] [net.minecraftforge.network.HandshakeHandler/FMLHANDSHAKE]: Sending ticking packet info 'Config hangglider-server.toml' to 'fml:handshake' sequence 22
[15Jun2025 21:32:33.126] [Netty Epoll Server IO #4/DEBUG] [net.minecraftforge.network.LoginWrapper/FMLHANDSHAKE]: Recieved login wrapper packet event for channel fml:handshake with index 19
[15Jun2025 21:32:33.126] [Netty Epoll Server IO #4/DEBUG] [net.minecraftforge.network.HandshakeHandler/FMLHANDSHAKE]: Received client indexed reply 19 of type net.minecraftforge.network.HandshakeMessages$C2SAcknowledge
[15Jun2025 21:32:33.126] [Netty Epoll Server IO #4/DEBUG] [net.minecraftforge.network.HandshakeHandler/FMLHANDSHAKE]: Received acknowledgement from client
[15Jun2025 21:32:33.168] [Server thread/DEBUG] [net.minecraftforge.network.HandshakeHandler/FMLHANDSHAKE]: Sending ticking packet info 'Config pickupnotifier/pickupnotifier-server.toml' to 'fml:handshake' sequence 23
[15Jun2025 21:32:33.215] [Server thread/DEBUG] [net.minecraftforge.network.HandshakeHandler/FMLHANDSHAKE]: Sending ticking packet info 'Config inventorysorter-server.toml' to 'fml:handshake' sequence 24
[15Jun2025 21:32:33.269] [Server thread/DEBUG] [net.minecraftforge.network.HandshakeHandler/FMLHANDSHAKE]: Sending ticking packet info 'Config jei-server.toml' to 'fml:handshake' sequence 25
[15Jun2025 21:32:33.285] [Netty Epoll Server IO #4/DEBUG] [net.minecraftforge.network.LoginWrapper/FMLHANDSHAKE]: Recieved login wrapper packet event for channel fml:handshake with index 20
[15Jun2025 21:32:33.285] [Netty Epoll Server IO #4/DEBUG] [net.minecraftforge.network.HandshakeHandler/FMLHANDSHAKE]: Received client indexed reply 20 of type net.minecraftforge.network.HandshakeMessages$C2SAcknowledge
[15Jun2025 21:32:33.285] [Netty Epoll Server IO #4/DEBUG] [net.minecraftforge.network.HandshakeHandler/FMLHANDSHAKE]: Received acknowledgement from client
[15Jun2025 21:32:33.285] [Netty Epoll Server IO #4/DEBUG] [net.minecraftforge.network.LoginWrapper/FMLHANDSHAKE]: Recieved login wrapper packet event for channel fml:handshake with index 21
[15Jun2025 21:32:33.286] [Netty Epoll Server IO #4/DEBUG] [net.minecraftforge.network.HandshakeHandler/FMLHANDSHAKE]: Received client indexed reply 21 of type net.minecraftforge.network.HandshakeMessages$C2SAcknowledge
[15Jun2025 21:32:33.286] [Netty Epoll Server IO #4/DEBUG] [net.minecraftforge.network.HandshakeHandler/FMLHANDSHAKE]: Received acknowledgement from client
[15Jun2025 21:32:33.286] [Netty Epoll Server IO #4/DEBUG] [net.minecraftforge.network.LoginWrapper/FMLHANDSHAKE]: Recieved login wrapper packet event for channel fml:handshake with index 22
[15Jun2025 21:32:33.286] [Netty Epoll Server IO #4/DEBUG] [net.minecraftforge.network.HandshakeHandler/FMLHANDSHAKE]: Received client indexed reply 22 of type net.minecraftforge.network.HandshakeMessages$C2SAcknowledge
[15Jun2025 21:32:33.286] [Netty Epoll Server IO #4/DEBUG] [net.minecraftforge.network.HandshakeHandler/FMLHANDSHAKE]: Received acknowledgement from client
[15Jun2025 21:32:33.321] [Netty Epoll Server IO #4/DEBUG] [net.minecraftforge.network.LoginWrapper/FMLHANDSHAKE]: Recieved login wrapper packet event for channel fml:handshake with index 23
[15Jun2025 21:32:33.321] [Netty Epoll Server IO #4/DEBUG] [net.minecraftforge.network.HandshakeHandler/FMLHANDSHAKE]: Received client indexed reply 23 of type net.minecraftforge.network.HandshakeMessages$C2SAcknowledge
[15Jun2025 21:32:33.321] [Netty Epoll Server IO #4/DEBUG] [net.minecraftforge.network.HandshakeHandler/FMLHANDSHAKE]: Received acknowledgement from client
[15Jun2025 21:32:33.327] [Server thread/DEBUG] [net.minecraftforge.network.HandshakeHandler/FMLHANDSHAKE]: Sending ticking packet info 'Config easymagic-server.toml' to 'fml:handshake' sequence 26
[15Jun2025 21:32:33.367] [Netty Epoll Server IO #4/DEBUG] [net.minecraftforge.network.LoginWrapper/FMLHANDSHAKE]: Recieved login wrapper packet event for channel fml:handshake with index 24
[15Jun2025 21:32:33.367] [Netty Epoll Server IO #4/DEBUG] [net.minecraftforge.network.HandshakeHandler/FMLHANDSHAKE]: Received client indexed reply 24 of type net.minecraftforge.network.HandshakeMessages$C2SAcknowledge
[15Jun2025 21:32:33.367] [Netty Epoll Server IO #4/DEBUG] [net.minecraftforge.network.HandshakeHandler/FMLHANDSHAKE]: Received acknowledgement from client
[15Jun2025 21:32:33.373] [Server thread/DEBUG] [net.minecraftforge.network.HandshakeHandler/FMLHANDSHAKE]: Sending ticking packet info 'Config forge-server.toml' to 'fml:handshake' sequence 27
[15Jun2025 21:32:33.422] [Netty Epoll Server IO #4/DEBUG] [net.minecraftforge.network.LoginWrapper/FMLHANDSHAKE]: Recieved login wrapper packet event for channel fml:handshake with index 25
[15Jun2025 21:32:33.422] [Netty Epoll Server IO #4/DEBUG] [net.minecraftforge.network.HandshakeHandler/FMLHANDSHAKE]: Received client indexed reply 25 of type net.minecraftforge.network.HandshakeMessages$C2SAcknowledge
[15Jun2025 21:32:33.422] [Netty Epoll Server IO #4/DEBUG] [net.minecraftforge.network.HandshakeHandler/FMLHANDSHAKE]: Received acknowledgement from client
[15Jun2025 21:32:33.478] [Netty Epoll Server IO #4/DEBUG] [net.minecraftforge.network.LoginWrapper/FMLHANDSHAKE]: Recieved login wrapper packet event for channel fml:handshake with index 26
[15Jun2025 21:32:33.478] [Netty Epoll Server IO #4/DEBUG] [net.minecraftforge.network.HandshakeHandler/FMLHANDSHAKE]: Received client indexed reply 26 of type net.minecraftforge.network.HandshakeMessages$C2SAcknowledge
[15Jun2025 21:32:33.478] [Netty Epoll Server IO #4/DEBUG] [net.minecraftforge.network.HandshakeHandler/FMLHANDSHAKE]: Received acknowledgement from client
[15Jun2025 21:32:33.581] [Netty Epoll Server IO #4/DEBUG] [net.minecraftforge.network.LoginWrapper/FMLHANDSHAKE]: Recieved login wrapper packet event for channel fml:handshake with index 27
[15Jun2025 21:32:33.581] [Netty Epoll Server IO #4/DEBUG] [net.minecraftforge.network.HandshakeHandler/FMLHANDSHAKE]: Received client indexed reply 27 of type net.minecraftforge.network.HandshakeMessages$C2SAcknowledge
[15Jun2025 21:32:33.581] [Netty Epoll Server IO #4/DEBUG] [net.minecraftforge.network.HandshakeHandler/FMLHANDSHAKE]: Received acknowledgement from client
[15Jun2025 21:32:33.617] [Server thread/DEBUG] [net.minecraftforge.network.HandshakeHandler/FMLHANDSHAKE]: Handshake complete!
[15Jun2025 21:32:33.700] [Server thread/INFO] [net.minecraft.server.players.PlayerList/]: amaroxplay[/100.113.133.4:62205] logged in with entity id 388218 at (1791.4274216368924, 67.875, 908.1553268798194)
[15Jun2025 21:32:33.701] [Server thread/DEBUG] [net.minecraftforge.network.filters.NetworkFilters/]: Injected net.minecraftforge.network.filters.ForgeConnectionNetworkFilter@5784101a into net.minecraft.network.Connection@11f712c1
[15Jun2025 21:32:33.708] [Server thread/INFO] [net.minecraft.server.MinecraftServer/]: amaroxplay joined the game
[15Jun2025 21:32:59.846] [Server thread/DEBUG] [mixin/]: Mixing MixinPiglinAi from curios.mixins.json into net.minecraft.world.entity.monster.piglin.PiglinAi
[15Jun2025 21:33:36.772] [Server thread/INFO] [net.minecraft.world.entity.npc.Villager/]: Villager Villager['Villager'/388432, l='ServerLevel[world]', x=1753.25, y=-256.00, z=818.78] died, message: 'Villager was killed'
[15Jun2025 21:35:51.050] [Server thread/WARN] [net.minecraft.server.MinecraftServer/]: Can't keep up! Is the server overloaded? Running 2009ms or 40 ticks behind
[15Jun2025 21:35:52.901] [Server thread/INFO] [net.minecraft.world.entity.LivingEntity/]: Named entity Slime['Toxic Slime'/390799, l='ServerLevel[world]', x=148.54, y=33.00, z=112.74] died: Toxic Slime fell from a high place
[15Jun2025 21:36:03.518] [Server thread/DEBUG] [net.minecraftforge.common.ForgeHooks/WP]: Gathering id map for writing to world save world
[15Jun2025 21:36:03.523] [Server thread/DEBUG] [net.minecraftforge.common.ForgeHooks/WP]: ID Map collection complete world
[15Jun2025 21:36:13.979] [Server thread/WARN] [net.minecraft.server.MinecraftServer/]: Can't keep up! Is the server overloaded? Running 7938ms or 158 ticks behind
[15Jun2025 21:36:41.585] [Server thread/INFO] [net.minecraft.world.entity.LivingEntity/]: Named entity Slime['Toxic Slime'/390798, l='ServerLevel[world]', x=148.64, y=30.00, z=103.30] died: Toxic Slime fell from a high place
[15Jun2025 21:36:44.393] [Server thread/WARN] [net.minecraft.server.MinecraftServer/]: Can't keep up! Is the server overloaded? Running 15452ms or 309 ticks behind
[15Jun2025 21:37:03.364] [Server thread/INFO] [net.minecraft.world.entity.LivingEntity/]: Named entity Slime['Toxic Slime'/394368, l='ServerLevel[world]', x=54.41, y=75.00, z=43.94] died: Toxic Slime fell from a high place
[15Jun2025 21:37:11.391] [Server thread/INFO] [net.minecraft.world.entity.LivingEntity/]: Named entity Slime['Toxic Slime'/394369, l='ServerLevel[world]', x=36.74, y=72.00, z=60.09] died: Toxic Slime fell from a high place
[15Jun2025 21:37:13.308] [Server thread/INFO] [net.minecraft.world.entity.LivingEntity/]: Named entity Slime['Toxic Slime'/394367, l='ServerLevel[world]', x=54.81, y=92.00, z=93.32] died: Toxic Slime fell from a high place
[15Jun2025 21:37:18.181] [Server thread/INFO] [net.minecraft.world.entity.LivingEntity/]: Named entity Slime['Toxic Slime'/394366, l='ServerLevel[world]', x=34.89, y=86.00, z=87.55] died: Toxic Slime fell from a high place
[15Jun2025 21:37:19.320] [Server thread/WARN] [net.minecraft.server.MinecraftServer/]: Can't keep up! Is the server overloaded? Running 19929ms or 398 ticks behind
[15Jun2025 21:37:57.950] [Server thread/WARN] [net.minecraft.server.MinecraftServer/]: Can't keep up! Is the server overloaded? Running 23659ms or 473 ticks behind
[15Jun2025 21:38:40.124] [Server thread/WARN] [net.minecraft.server.MinecraftServer/]: Can't keep up! Is the server overloaded? Running 27183ms or 543 ticks behind
[15Jun2025 21:39:24.532] [Server thread/WARN] [net.minecraft.server.MinecraftServer/]: Can't keep up! Is the server overloaded? Running 29441ms or 588 ticks behind
[15Jun2025 21:40:13.892] [Server thread/WARN] [net.minecraft.server.MinecraftServer/]: Can't keep up! Is the server overloaded? Running 34401ms or 688 ticks behind
[15Jun2025 21:41:07.209] [Server thread/WARN] [net.minecraft.server.MinecraftServer/]: Can't keep up! Is the server overloaded? Running 38318ms or 766 ticks behind
[15Jun2025 21:42:05.936] [Server thread/INFO] [net.minecraft.server.MinecraftServer/]: [Not Secure] * DodiWo p0ene
[15Jun2025 21:42:06.499] [Server thread/WARN] [net.minecraft.server.MinecraftServer/]: Can't keep up! Is the server overloaded? Running 44309ms or 886 ticks behind
[15Jun2025 21:42:06.715] [Server thread/DEBUG] [clumps/]: Loaded com.blamejared.clumps.platform.ForgeEventHandler@53c1a50a for service interface com.blamejared.clumps.platform.IEventHelper
[15Jun2025 21:42:06.716] [Server thread/DEBUG] [clumps/]: Loaded com.blamejared.clumps.platform.ForgePlatformHelper@73769213 for service interface com.blamejared.clumps.platform.IPlatformHelper
[15Jun2025 21:42:37.546] [Server thread/INFO] [net.minecraft.world.entity.LivingEntity/]: Named entity Slime['Toxic Slime'/398159, l='ServerLevel[world]', x=72.79, y=81.00, z=19.29] died: Toxic Slime fell from a high place
[15Jun2025 21:42:59.057] [Server thread/WARN] [net.minecraft.server.MinecraftServer/]: Can't keep up! Is the server overloaded? Running 37566ms or 751 ticks behind
[15Jun2025 21:43:18.034] [Server thread/WARN] [net.minecraft.server.MinecraftServer/]: Can't keep up! Is the server overloaded? Running 3993ms or 79 ticks behind
[15Jun2025 21:45:41.801] [Server thread/DEBUG] [net.minecraftforge.common.ForgeHooks/WP]: Gathering id map for writing to world save world
[15Jun2025 21:45:41.806] [Server thread/DEBUG] [net.minecraftforge.common.ForgeHooks/WP]: ID Map collection complete world
[15Jun2025 21:47:27.774] [Netty Epoll Server IO #6/DEBUG] [net.minecraftforge.network.HandshakeHandler/FMLHANDSHAKE]: Starting new modded impl connection. Found 28 messages to dispatch.
[15Jun2025 21:47:27.794] [Server thread/DEBUG] [net.minecraftforge.network.HandshakeHandler/FMLHANDSHAKE]: Sending ticking packet info 'net.minecraftforge.network.HandshakeMessages$S2CModData' to 'fml:handshake' sequence 0
[15Jun2025 21:47:27.832] [Server thread/DEBUG] [net.minecraftforge.network.HandshakeHandler/FMLHANDSHAKE]: Sending ticking packet info 'net.minecraftforge.network.HandshakeMessages$S2CModList' to 'fml:handshake' sequence 1
[15Jun2025 21:47:27.875] [Server thread/DEBUG] [net.minecraftforge.network.HandshakeHandler/FMLHANDSHAKE]: Sending ticking packet info 'Registry minecraft:command_argument_type' to 'fml:handshake' sequence 2
[15Jun2025 21:47:27.927] [Server thread/DEBUG] [net.minecraftforge.network.HandshakeHandler/FMLHANDSHAKE]: Sending ticking packet info 'Registry minecraft:recipe_serializer' to 'fml:handshake' sequence 3
[15Jun2025 21:47:27.984] [Server thread/DEBUG] [net.minecraftforge.network.HandshakeHandler/FMLHANDSHAKE]: Sending ticking packet info 'Registry minecraft:sound_event' to 'fml:handshake' sequence 4
[15Jun2025 21:47:28.015] [Netty Epoll Server IO #6/DEBUG] [net.minecraftforge.network.LoginWrapper/FMLHANDSHAKE]: Recieved login wrapper packet event for channel fml:handshake with index 1
[15Jun2025 21:47:28.015] [Netty Epoll Server IO #6/DEBUG] [net.minecraftforge.network.HandshakeHandler/FMLHANDSHAKE]: Received client indexed reply 1 of type net.minecraftforge.network.HandshakeMessages$C2SModListReply
[15Jun2025 21:47:28.015] [Netty Epoll Server IO #6/DEBUG] [net.minecraftforge.network.HandshakeHandler/FMLHANDSHAKE]: Received client connection with modlist [mr_stellarity, weaponmaster_ydm, inventorysorter, skyvillages, fastload, wi_zoom, geckolib, easymagic, naturalist, libraryferret, incendium, sound_physics_remastered, structureessentials, fallingleaves, structory, clumps, xaeroworldmap, modernfix, jei, travelersbackpack, yungsapi, mixinextras, myserveriscompatible, pickupnotifier, terralith, carryon, jeresources, puzzlesaccessapi, dungeons_arise_seven_seas, betterfortresses, forge, sodiumdynamiclights, embeddium, rubidium, chloride, ultris_mr, friendsandfoes, dungeons_arise, minecraft, smoothchunk, farmersdelight, endermanoverhaul, ambientsounds, gml, creativecore, watching, resourcefulconfig, hangglider, lionfishapi, cataclysm, curios, xaerominimap, commongroovylibrary, bocchium, mr_dungeons_andtaverns, entityculling, doespotatotick, bettervillage, resourcefullib, immediatelyfast, eatinganimation, creeperoverhaul, appleskin, deeperdarker, architectury, moremobvariants, ferritecore, cupboard, puzzleslib, badoptimizations, bettermineshafts, betteradvancements]
[15Jun2025 21:47:28.015] [Netty Epoll Server IO #6/DEBUG] [net.minecraftforge.network.NetworkRegistry/NETREGISTRY]: Channel 'inventorysorter:net' : Version test of '1' from client : ACCEPTED
[15Jun2025 21:47:28.016] [Netty Epoll Server IO #6/DEBUG] [net.minecraftforge.network.NetworkRegistry/NETREGISTRY]: Channel 'architectury:network' : Version test of '1' from client : ACCEPTED
[15Jun2025 21:47:28.016] [Netty Epoll Server IO #6/DEBUG] [net.minecraftforge.network.NetworkRegistry/NETREGISTRY]: Channel 'jei:channel' : Version test of '1.0.0' from client : ACCEPTED
[15Jun2025 21:47:28.016] [Netty Epoll Server IO #6/DEBUG] [net.minecraftforge.network.NetworkRegistry/NETREGISTRY]: Channel 'carryon:carryonpackets' : Version test of '1.0' from client : ACCEPTED
[15Jun2025 21:47:28.016] [Netty Epoll Server IO #6/DEBUG] [net.minecraftforge.network.NetworkRegistry/NETREGISTRY]: Channel 'minecraft:unregister' : Version test of 'FML3' from client : ACCEPTED
[15Jun2025 21:47:28.016] [Netty Epoll Server IO #6/DEBUG] [net.minecraftforge.network.NetworkRegistry/NETREGISTRY]: Channel 'endermanoverhaul:main' : Version test of '1' from client : ACCEPTED
[15Jun2025 21:47:28.016] [Netty Epoll Server IO #6/DEBUG] [net.minecraftforge.network.NetworkRegistry/NETREGISTRY]: Channel 'puzzleslib:1' : Version test of '1' from client : ACCEPTED
[15Jun2025 21:47:28.016] [Netty Epoll Server IO #6/DEBUG] [net.minecraftforge.network.NetworkRegistry/NETREGISTRY]: Channel 'easymagic:1' : Version test of '1' from client : ACCEPTED
[15Jun2025 21:47:28.016] [Netty Epoll Server IO #6/DEBUG] [net.minecraftforge.network.NetworkRegistry/NETREGISTRY]: Channel 'friendsandfoes:networking' : Version test of '2.0.17' from client : ACCEPTED
[15Jun2025 21:47:28.016] [Netty Epoll Server IO #6/DEBUG] [net.minecraftforge.network.NetworkRegistry/NETREGISTRY]: Channel 'travelersbackpack:network' : Version test of 'travelersbackpack:1' from client : ACCEPTED
[15Jun2025 21:47:28.016] [Netty Epoll Server IO #6/DEBUG] [net.minecraftforge.network.NetworkRegistry/NETREGISTRY]: Channel 'curios:main' : Version test of '1' from client : ACCEPTED
[15Jun2025 21:47:28.016] [Netty Epoll Server IO #6/DEBUG] [net.minecraftforge.network.NetworkRegistry/NETREGISTRY]: Channel 'cataclysm:main_channel' : Version test of '1' from client : ACCEPTED
[15Jun2025 21:47:28.016] [Netty Epoll Server IO #6/DEBUG] [net.minecraftforge.network.NetworkRegistry/NETREGISTRY]: Channel 'lionfishapi:main_channel' : Version test of '1' from client : ACCEPTED
[15Jun2025 21:47:28.016] [Netty Epoll Server IO #6/DEBUG] [net.minecraftforge.network.NetworkRegistry/NETREGISTRY]: Channel 'weaponmaster_ydm:yearscnetworking' : Version test of '1.0' from client : ACCEPTED
[15Jun2025 21:47:28.016] [Netty Epoll Server IO #6/DEBUG] [net.minecraftforge.network.NetworkRegistry/NETREGISTRY]: Channel 'fml:loginwrapper' : Version test of 'FML3' from client : ACCEPTED
[15Jun2025 21:47:28.016] [Netty Epoll Server IO #6/DEBUG] [net.minecraftforge.network.NetworkRegistry/NETREGISTRY]: Channel 'forge:tier_sorting' : Version test of '1.0' from client : ACCEPTED
[15Jun2025 21:47:28.016] [Netty Epoll Server IO #6/DEBUG] [net.minecraftforge.network.NetworkRegistry/NETREGISTRY]: Channel 'fml:play' : Version test of 'FML3' from client : ACCEPTED
[15Jun2025 21:47:28.016] [Netty Epoll Server IO #6/DEBUG] [net.minecraftforge.network.NetworkRegistry/NETREGISTRY]: Channel 'deeperdarker:deeperdarker_network' : Version test of '1.0' from client : ACCEPTED
[15Jun2025 21:47:28.016] [Netty Epoll Server IO #6/DEBUG] [net.minecraftforge.network.NetworkRegistry/NETREGISTRY]: Channel 'moremobvariants:main' : Version test of '1' from client : ACCEPTED
[15Jun2025 21:47:28.016] [Netty Epoll Server IO #6/DEBUG] [net.minecraftforge.network.NetworkRegistry/NETREGISTRY]: Channel 'creativecore:main' : Version test of '1' from client : ACCEPTED
[15Jun2025 21:47:28.016] [Netty Epoll Server IO #6/DEBUG] [net.minecraftforge.network.NetworkRegistry/NETREGISTRY]: Channel 'pickupnotifier:1' : Version test of '1' from client : ACCEPTED
[15Jun2025 21:47:28.016] [Netty Epoll Server IO #6/DEBUG] [net.minecraftforge.network.NetworkRegistry/NETREGISTRY]: Channel 'fml:handshake' : Version test of 'FML3' from client : ACCEPTED
[15Jun2025 21:47:28.016] [Netty Epoll Server IO #6/DEBUG] [net.minecraftforge.network.NetworkRegistry/NETREGISTRY]: Channel 'minecraft:register' : Version test of 'FML3' from client : ACCEPTED
[15Jun2025 21:47:28.016] [Netty Epoll Server IO #6/DEBUG] [net.minecraftforge.network.NetworkRegistry/NETREGISTRY]: Channel 'forge:split' : Version test of '1.1' from client : ACCEPTED
[15Jun2025 21:47:28.016] [Netty Epoll Server IO #6/DEBUG] [net.minecraftforge.network.NetworkRegistry/NETREGISTRY]: Channel 'geckolib:main' : Version test of '1' from client : ACCEPTED
[15Jun2025 21:47:28.016] [Netty Epoll Server IO #6/DEBUG] [net.minecraftforge.network.NetworkRegistry/NETREGISTRY]: Accepting channel list from client
[15Jun2025 21:47:28.016] [Netty Epoll Server IO #6/DEBUG] [net.minecraftforge.network.HandshakeHandler/FMLHANDSHAKE]: Accepted client connection mod list
[15Jun2025 21:47:28.032] [Server thread/DEBUG] [net.minecraftforge.network.HandshakeHandler/FMLHANDSHAKE]: Sending ticking packet info 'Registry minecraft:particle_type' to 'fml:handshake' sequence 5
[15Jun2025 21:47:28.067] [Netty Epoll Server IO #6/DEBUG] [net.minecraftforge.network.LoginWrapper/FMLHANDSHAKE]: Recieved login wrapper packet event for channel fml:handshake with index 2
[15Jun2025 21:47:28.067] [Netty Epoll Server IO #6/DEBUG] [net.minecraftforge.network.HandshakeHandler/FMLHANDSHAKE]: Received client indexed reply 2 of type net.minecraftforge.network.HandshakeMessages$C2SAcknowledge
[15Jun2025 21:47:28.067] [Netty Epoll Server IO #6/DEBUG] [net.minecraftforge.network.HandshakeHandler/FMLHANDSHAKE]: Received acknowledgement from client
[15Jun2025 21:47:28.075] [Server thread/DEBUG] [net.minecraftforge.network.HandshakeHandler/FMLHANDSHAKE]: Sending ticking packet info 'Registry minecraft:villager_profession' to 'fml:handshake' sequence 6
[15Jun2025 21:47:28.097] [Netty Epoll Server IO #6/DEBUG] [net.minecraftforge.network.LoginWrapper/FMLHANDSHAKE]: Recieved login wrapper packet event for channel fml:handshake with index 3
[15Jun2025 21:47:28.097] [Netty Epoll Server IO #6/DEBUG] [net.minecraftforge.network.HandshakeHandler/FMLHANDSHAKE]: Received client indexed reply 3 of type net.minecraftforge.network.HandshakeMessages$C2SAcknowledge
[15Jun2025 21:47:28.097] [Netty Epoll Server IO #6/DEBUG] [net.minecraftforge.network.HandshakeHandler/FMLHANDSHAKE]: Received acknowledgement from client
[15Jun2025 21:47:28.126] [Server thread/DEBUG] [net.minecraftforge.network.HandshakeHandler/FMLHANDSHAKE]: Sending ticking packet info 'Registry minecraft:item' to 'fml:handshake' sequence 7
[15Jun2025 21:47:28.177] [Server thread/DEBUG] [net.minecraftforge.network.HandshakeHandler/FMLHANDSHAKE]: Sending ticking packet info 'Registry minecraft:potion' to 'fml:handshake' sequence 8
[15Jun2025 21:47:28.232] [Server thread/DEBUG] [net.minecraftforge.network.HandshakeHandler/FMLHANDSHAKE]: Sending ticking packet info 'Registry minecraft:painting_variant' to 'fml:handshake' sequence 9
[15Jun2025 21:47:28.282] [Server thread/DEBUG] [net.minecraftforge.network.HandshakeHandler/FMLHANDSHAKE]: Sending ticking packet info 'Registry forge:fluid_type' to 'fml:handshake' sequence 10
[15Jun2025 21:47:28.331] [Server thread/DEBUG] [net.minecraftforge.network.HandshakeHandler/FMLHANDSHAKE]: Sending ticking packet info 'Registry minecraft:block_entity_type' to 'fml:handshake' sequence 11
[15Jun2025 21:47:28.378] [Server thread/DEBUG] [net.minecraftforge.network.HandshakeHandler/FMLHANDSHAKE]: Sending ticking packet info 'Registry forge:display_contexts' to 'fml:handshake' sequence 12
[15Jun2025 21:47:28.428] [Server thread/DEBUG] [net.minecraftforge.network.HandshakeHandler/FMLHANDSHAKE]: Sending ticking packet info 'Registry minecraft:block' to 'fml:handshake' sequence 13
[15Jun2025 21:47:28.477] [Server thread/DEBUG] [net.minecraftforge.network.HandshakeHandler/FMLHANDSHAKE]: Sending ticking packet info 'Registry forge:entity_data_serializers' to 'fml:handshake' sequence 14
[15Jun2025 21:47:28.482] [Netty Epoll Server IO #6/DEBUG] [net.minecraftforge.network.LoginWrapper/FMLHANDSHAKE]: Recieved login wrapper packet event for channel fml:handshake with index 4
[15Jun2025 21:47:28.483] [Netty Epoll Server IO #6/DEBUG] [net.minecraftforge.network.HandshakeHandler/FMLHANDSHAKE]: Received client indexed reply 4 of type net.minecraftforge.network.HandshakeMessages$C2SAcknowledge
[15Jun2025 21:47:28.483] [Netty Epoll Server IO #6/DEBUG] [net.minecraftforge.network.HandshakeHandler/FMLHANDSHAKE]: Received acknowledgement from client
[15Jun2025 21:47:28.486] [Netty Epoll Server IO #6/DEBUG] [net.minecraftforge.network.LoginWrapper/FMLHANDSHAKE]: Recieved login wrapper packet event for channel fml:handshake with index 5
[15Jun2025 21:47:28.486] [Netty Epoll Server IO #6/DEBUG] [net.minecraftforge.network.HandshakeHandler/FMLHANDSHAKE]: Received client indexed reply 5 of type net.minecraftforge.network.HandshakeMessages$C2SAcknowledge
[15Jun2025 21:47:28.486] [Netty Epoll Server IO #6/DEBUG] [net.minecraftforge.network.HandshakeHandler/FMLHANDSHAKE]: Received acknowledgement from client
[15Jun2025 21:47:28.488] [Netty Epoll Server IO #6/DEBUG] [net.minecraftforge.network.LoginWrapper/FMLHANDSHAKE]: Recieved login wrapper packet event for channel fml:handshake with index 6
[15Jun2025 21:47:28.488] [Netty Epoll Server IO #6/DEBUG] [net.minecraftforge.network.HandshakeHandler/FMLHANDSHAKE]: Received client indexed reply 6 of type net.minecraftforge.network.HandshakeMessages$C2SAcknowledge
[15Jun2025 21:47:28.488] [Netty Epoll Server IO #6/DEBUG] [net.minecraftforge.network.HandshakeHandler/FMLHANDSHAKE]: Received acknowledgement from client
[15Jun2025 21:47:28.531] [Server thread/DEBUG] [net.minecraftforge.network.HandshakeHandler/FMLHANDSHAKE]: Sending ticking packet info 'Registry minecraft:mob_effect' to 'fml:handshake' sequence 15
[15Jun2025 21:47:28.575] [Server thread/DEBUG] [net.minecraftforge.network.HandshakeHandler/FMLHANDSHAKE]: Sending ticking packet info 'Registry minecraft:stat_type' to 'fml:handshake' sequence 16
[15Jun2025 21:47:28.582] [Netty Epoll Server IO #6/DEBUG] [net.minecraftforge.network.LoginWrapper/FMLHANDSHAKE]: Recieved login wrapper packet event for channel fml:handshake with index 7
[15Jun2025 21:47:28.583] [Netty Epoll Server IO #6/DEBUG] [net.minecraftforge.network.HandshakeHandler/FMLHANDSHAKE]: Received client indexed reply 7 of type net.minecraftforge.network.HandshakeMessages$C2SAcknowledge
[15Jun2025 21:47:28.583] [Netty Epoll Server IO #6/DEBUG] [net.minecraftforge.network.HandshakeHandler/FMLHANDSHAKE]: Received acknowledgement from client
[15Jun2025 21:47:28.584] [Netty Epoll Server IO #6/DEBUG] [net.minecraftforge.network.LoginWrapper/FMLHANDSHAKE]: Recieved login wrapper packet event for channel fml:handshake with index 8
[15Jun2025 21:47:28.584] [Netty Epoll Server IO #6/DEBUG] [net.minecraftforge.network.HandshakeHandler/FMLHANDSHAKE]: Received client indexed reply 8 of type net.minecraftforge.network.HandshakeMessages$C2SAcknowledge
[15Jun2025 21:47:28.584] [Netty Epoll Server IO #6/DEBUG] [net.minecraftforge.network.HandshakeHandler/FMLHANDSHAKE]: Received acknowledgement from client
[15Jun2025 21:47:28.587] [Netty Epoll Server IO #6/DEBUG] [net.minecraftforge.network.LoginWrapper/FMLHANDSHAKE]: Recieved login wrapper packet event for channel fml:handshake with index 9
[15Jun2025 21:47:28.587] [Netty Epoll Server IO #6/DEBUG] [net.minecraftforge.network.HandshakeHandler/FMLHANDSHAKE]: Received client indexed reply 9 of type net.minecraftforge.network.HandshakeMessages$C2SAcknowledge
[15Jun2025 21:47:28.587] [Netty Epoll Server IO #6/DEBUG] [net.minecraftforge.network.HandshakeHandler/FMLHANDSHAKE]: Received acknowledgement from client
[15Jun2025 21:47:28.588] [Netty Epoll Server IO #6/DEBUG] [net.minecraftforge.network.LoginWrapper/FMLHANDSHAKE]: Recieved login wrapper packet event for channel fml:handshake with index 10
[15Jun2025 21:47:28.588] [Netty Epoll Server IO #6/DEBUG] [net.minecraftforge.network.HandshakeHandler/FMLHANDSHAKE]: Received client indexed reply 10 of type net.minecraftforge.network.HandshakeMessages$C2SAcknowledge
[15Jun2025 21:47:28.588] [Netty Epoll Server IO #6/DEBUG] [net.minecraftforge.network.HandshakeHandler/FMLHANDSHAKE]: Received acknowledgement from client
[15Jun2025 21:47:28.591] [Netty Epoll Server IO #6/DEBUG] [net.minecraftforge.network.LoginWrapper/FMLHANDSHAKE]: Recieved login wrapper packet event for channel fml:handshake with index 11
[15Jun2025 21:47:28.591] [Netty Epoll Server IO #6/DEBUG] [net.minecraftforge.network.HandshakeHandler/FMLHANDSHAKE]: Received client indexed reply 11 of type net.minecraftforge.network.HandshakeMessages$C2SAcknowledge
[15Jun2025 21:47:28.592] [Netty Epoll Server IO #6/DEBUG] [net.minecraftforge.network.HandshakeHandler/FMLHANDSHAKE]: Received acknowledgement from client
[15Jun2025 21:47:28.593] [Netty Epoll Server IO #6/DEBUG] [net.minecraftforge.network.LoginWrapper/FMLHANDSHAKE]: Recieved login wrapper packet event for channel fml:handshake with index 12
[15Jun2025 21:47:28.593] [Netty Epoll Server IO #6/DEBUG] [net.minecraftforge.network.HandshakeHandler/FMLHANDSHAKE]: Received client indexed reply 12 of type net.minecraftforge.network.HandshakeMessages$C2SAcknowledge
[15Jun2025 21:47:28.593] [Netty Epoll Server IO #6/DEBUG] [net.minecraftforge.network.HandshakeHandler/FMLHANDSHAKE]: Received acknowledgement from client
[15Jun2025 21:47:28.625] [Server thread/DEBUG] [net.minecraftforge.network.HandshakeHandler/FMLHANDSHAKE]: Sending ticking packet info 'Registry minecraft:menu' to 'fml:handshake' sequence 17
[15Jun2025 21:47:28.630] [Netty Epoll Server IO #6/DEBUG] [net.minecraftforge.network.LoginWrapper/FMLHANDSHAKE]: Recieved login wrapper packet event for channel fml:handshake with index 13
[15Jun2025 21:47:28.630] [Netty Epoll Server IO #6/DEBUG] [net.minecraftforge.network.HandshakeHandler/FMLHANDSHAKE]: Received client indexed reply 13 of type net.minecraftforge.network.HandshakeMessages$C2SAcknowledge
[15Jun2025 21:47:28.630] [Netty Epoll Server IO #6/DEBUG] [net.minecraftforge.network.HandshakeHandler/FMLHANDSHAKE]: Received acknowledgement from client
[15Jun2025 21:47:28.636] [Netty Epoll Server IO #6/DEBUG] [net.minecraftforge.network.LoginWrapper/FMLHANDSHAKE]: Recieved login wrapper packet event for channel fml:handshake with index 14
[15Jun2025 21:47:28.636] [Netty Epoll Server IO #6/DEBUG] [net.minecraftforge.network.HandshakeHandler/FMLHANDSHAKE]: Received client indexed reply 14 of type net.minecraftforge.network.HandshakeMessages$C2SAcknowledge
[15Jun2025 21:47:28.636] [Netty Epoll Server IO #6/DEBUG] [net.minecraftforge.network.HandshakeHandler/FMLHANDSHAKE]: Received acknowledgement from client
[15Jun2025 21:47:28.676] [Server thread/DEBUG] [net.minecraftforge.network.HandshakeHandler/FMLHANDSHAKE]: Sending ticking packet info 'Registry minecraft:enchantment' to 'fml:handshake' sequence 18
[15Jun2025 21:47:28.690] [Netty Epoll Server IO #6/DEBUG] [net.minecraftforge.network.LoginWrapper/FMLHANDSHAKE]: Recieved login wrapper packet event for channel fml:handshake with index 15
[15Jun2025 21:47:28.690] [Netty Epoll Server IO #6/DEBUG] [net.minecraftforge.network.HandshakeHandler/FMLHANDSHAKE]: Received client indexed reply 15 of type net.minecraftforge.network.HandshakeMessages$C2SAcknowledge
[15Jun2025 21:47:28.690] [Netty Epoll Server IO #6/DEBUG] [net.minecraftforge.network.HandshakeHandler/FMLHANDSHAKE]: Received acknowledgement from client
[15Jun2025 21:47:28.724] [Server thread/DEBUG] [net.minecraftforge.network.HandshakeHandler/FMLHANDSHAKE]: Sending ticking packet info 'Registry minecraft:fluid' to 'fml:handshake' sequence 19
[15Jun2025 21:47:28.733] [Netty Epoll Server IO #6/DEBUG] [net.minecraftforge.network.LoginWrapper/FMLHANDSHAKE]: Recieved login wrapper packet event for channel fml:handshake with index 16
[15Jun2025 21:47:28.733] [Netty Epoll Server IO #6/DEBUG] [net.minecraftforge.network.HandshakeHandler/FMLHANDSHAKE]: Received client indexed reply 16 of type net.minecraftforge.network.HandshakeMessages$C2SAcknowledge
[15Jun2025 21:47:28.733] [Netty Epoll Server IO #6/DEBUG] [net.minecraftforge.network.HandshakeHandler/FMLHANDSHAKE]: Received acknowledgement from client
[15Jun2025 21:47:28.773] [Server thread/DEBUG] [net.minecraftforge.network.HandshakeHandler/FMLHANDSHAKE]: Sending ticking packet info 'Registry minecraft:entity_type' to 'fml:handshake' sequence 20
[15Jun2025 21:47:28.784] [Netty Epoll Server IO #6/DEBUG] [net.minecraftforge.network.LoginWrapper/FMLHANDSHAKE]: Recieved login wrapper packet event for channel fml:handshake with index 17
[15Jun2025 21:47:28.784] [Netty Epoll Server IO #6/DEBUG] [net.minecraftforge.network.HandshakeHandler/FMLHANDSHAKE]: Received client indexed reply 17 of type net.minecraftforge.network.HandshakeMessages$C2SAcknowledge
[15Jun2025 21:47:28.784] [Netty Epoll Server IO #6/DEBUG] [net.minecraftforge.network.HandshakeHandler/FMLHANDSHAKE]: Received acknowledgement from client
[15Jun2025 21:47:28.826] [Server thread/DEBUG] [net.minecraftforge.network.HandshakeHandler/FMLHANDSHAKE]: Sending ticking packet info 'Config curios-server.toml' to 'fml:handshake' sequence 21
[15Jun2025 21:47:28.835] [Netty Epoll Server IO #6/DEBUG] [net.minecraftforge.network.LoginWrapper/FMLHANDSHAKE]: Recieved login wrapper packet event for channel fml:handshake with index 18
[15Jun2025 21:47:28.835] [Netty Epoll Server IO #6/DEBUG] [net.minecraftforge.network.HandshakeHandler/FMLHANDSHAKE]: Received client indexed reply 18 of type net.minecraftforge.network.HandshakeMessages$C2SAcknowledge
[15Jun2025 21:47:28.835] [Netty Epoll Server IO #6/DEBUG] [net.minecraftforge.network.HandshakeHandler/FMLHANDSHAKE]: Received acknowledgement from client
[15Jun2025 21:47:28.871] [Server thread/DEBUG] [net.minecraftforge.network.HandshakeHandler/FMLHANDSHAKE]: Sending ticking packet info 'Config hangglider-server.toml' to 'fml:handshake' sequence 22
[15Jun2025 21:47:28.889] [Netty Epoll Server IO #6/DEBUG] [net.minecraftforge.network.LoginWrapper/FMLHANDSHAKE]: Recieved login wrapper packet event for channel fml:handshake with index 19
[15Jun2025 21:47:28.889] [Netty Epoll Server IO #6/DEBUG] [net.minecraftforge.network.HandshakeHandler/FMLHANDSHAKE]: Received client indexed reply 19 of type net.minecraftforge.network.HandshakeMessages$C2SAcknowledge
[15Jun2025 21:47:28.889] [Netty Epoll Server IO #6/DEBUG] [net.minecraftforge.network.HandshakeHandler/FMLHANDSHAKE]: Received acknowledgement from client
[15Jun2025 21:47:28.924] [Server thread/DEBUG] [net.minecraftforge.network.HandshakeHandler/FMLHANDSHAKE]: Sending ticking packet info 'Config pickupnotifier/pickupnotifier-server.toml' to 'fml:handshake' sequence 23
[15Jun2025 21:47:28.979] [Server thread/DEBUG] [net.minecraftforge.network.HandshakeHandler/FMLHANDSHAKE]: Sending ticking packet info 'Config inventorysorter-server.toml' to 'fml:handshake' sequence 24
[15Jun2025 21:47:29.026] [Server thread/DEBUG] [net.minecraftforge.network.HandshakeHandler/FMLHANDSHAKE]: Sending ticking packet info 'Config jei-server.toml' to 'fml:handshake' sequence 25
[15Jun2025 21:47:29.080] [Server thread/DEBUG] [net.minecraftforge.network.HandshakeHandler/FMLHANDSHAKE]: Sending ticking packet info 'Config easymagic-server.toml' to 'fml:handshake' sequence 26
[15Jun2025 21:47:29.124] [Server thread/DEBUG] [net.minecraftforge.network.HandshakeHandler/FMLHANDSHAKE]: Sending ticking packet info 'Config forge-server.toml' to 'fml:handshake' sequence 27
[15Jun2025 21:47:29.125] [Netty Epoll Server IO #6/DEBUG] [net.minecraftforge.network.LoginWrapper/FMLHANDSHAKE]: Recieved login wrapper packet event for channel fml:handshake with index 20
[15Jun2025 21:47:29.125] [Netty Epoll Server IO #6/DEBUG] [net.minecraftforge.network.HandshakeHandler/FMLHANDSHAKE]: Received client indexed reply 20 of type net.minecraftforge.network.HandshakeMessages$C2SAcknowledge
[15Jun2025 21:47:29.125] [Netty Epoll Server IO #6/DEBUG] [net.minecraftforge.network.HandshakeHandler/FMLHANDSHAKE]: Received acknowledgement from client
[15Jun2025 21:47:29.127] [Netty Epoll Server IO #6/DEBUG] [net.minecraftforge.network.LoginWrapper/FMLHANDSHAKE]: Recieved login wrapper packet event for channel fml:handshake with index 21
[15Jun2025 21:47:29.127] [Netty Epoll Server IO #6/DEBUG] [net.minecraftforge.network.HandshakeHandler/FMLHANDSHAKE]: Received client indexed reply 21 of type net.minecraftforge.network.HandshakeMessages$C2SAcknowledge
[15Jun2025 21:47:29.127] [Netty Epoll Server IO #6/DEBUG] [net.minecraftforge.network.HandshakeHandler/FMLHANDSHAKE]: Received acknowledgement from client
[15Jun2025 21:47:29.132] [Netty Epoll Server IO #6/DEBUG] [net.minecraftforge.network.LoginWrapper/FMLHANDSHAKE]: Recieved login wrapper packet event for channel fml:handshake with index 22
[15Jun2025 21:47:29.132] [Netty Epoll Server IO #6/DEBUG] [net.minecraftforge.network.HandshakeHandler/FMLHANDSHAKE]: Received client indexed reply 22 of type net.minecraftforge.network.HandshakeMessages$C2SAcknowledge
[15Jun2025 21:47:29.132] [Netty Epoll Server IO #6/DEBUG] [net.minecraftforge.network.HandshakeHandler/FMLHANDSHAKE]: Received acknowledgement from client
[15Jun2025 21:47:29.133] [Netty Epoll Server IO #6/DEBUG] [net.minecraftforge.network.LoginWrapper/FMLHANDSHAKE]: Recieved login wrapper packet event for channel fml:handshake with index 23
[15Jun2025 21:47:29.133] [Netty Epoll Server IO #6/DEBUG] [net.minecraftforge.network.HandshakeHandler/FMLHANDSHAKE]: Received client indexed reply 23 of type net.minecraftforge.network.HandshakeMessages$C2SAcknowledge
[15Jun2025 21:47:29.133] [Netty Epoll Server IO #6/DEBUG] [net.minecraftforge.network.HandshakeHandler/FMLHANDSHAKE]: Received acknowledgement from client
[15Jun2025 21:47:29.142] [Netty Epoll Server IO #6/DEBUG] [net.minecraftforge.network.LoginWrapper/FMLHANDSHAKE]: Recieved login wrapper packet event for channel fml:handshake with index 24
[15Jun2025 21:47:29.143] [Netty Epoll Server IO #6/DEBUG] [net.minecraftforge.network.HandshakeHandler/FMLHANDSHAKE]: Received client indexed reply 24 of type net.minecraftforge.network.HandshakeMessages$C2SAcknowledge
[15Jun2025 21:47:29.143] [Netty Epoll Server IO #6/DEBUG] [net.minecraftforge.network.HandshakeHandler/FMLHANDSHAKE]: Received acknowledgement from client
[15Jun2025 21:47:29.186] [Netty Epoll Server IO #6/DEBUG] [net.minecraftforge.network.LoginWrapper/FMLHANDSHAKE]: Recieved login wrapper packet event for channel fml:handshake with index 25
[15Jun2025 21:47:29.186] [Netty Epoll Server IO #6/DEBUG] [net.minecraftforge.network.HandshakeHandler/FMLHANDSHAKE]: Received client indexed reply 25 of type net.minecraftforge.network.HandshakeMessages$C2SAcknowledge
[15Jun2025 21:47:29.186] [Netty Epoll Server IO #6/DEBUG] [net.minecraftforge.network.HandshakeHandler/FMLHANDSHAKE]: Received acknowledgement from client
[15Jun2025 21:47:29.244] [Netty Epoll Server IO #6/DEBUG] [net.minecraftforge.network.LoginWrapper/FMLHANDSHAKE]: Recieved login wrapper packet event for channel fml:handshake with index 26
[15Jun2025 21:47:29.244] [Netty Epoll Server IO #6/DEBUG] [net.minecraftforge.network.HandshakeHandler/FMLHANDSHAKE]: Received client indexed reply 26 of type net.minecraftforge.network.HandshakeMessages$C2SAcknowledge
[15Jun2025 21:47:29.244] [Netty Epoll Server IO #6/DEBUG] [net.minecraftforge.network.HandshakeHandler/FMLHANDSHAKE]: Received acknowledgement from client
[15Jun2025 21:47:29.286] [Netty Epoll Server IO #6/DEBUG] [net.minecraftforge.network.LoginWrapper/FMLHANDSHAKE]: Recieved login wrapper packet event for channel fml:handshake with index 27
[15Jun2025 21:47:29.287] [Netty Epoll Server IO #6/DEBUG] [net.minecraftforge.network.HandshakeHandler/FMLHANDSHAKE]: Received client indexed reply 27 of type net.minecraftforge.network.HandshakeMessages$C2SAcknowledge
[15Jun2025 21:47:29.287] [Netty Epoll Server IO #6/DEBUG] [net.minecraftforge.network.HandshakeHandler/FMLHANDSHAKE]: Received acknowledgement from client
[15Jun2025 21:47:29.329] [Server thread/DEBUG] [net.minecraftforge.network.HandshakeHandler/FMLHANDSHAKE]: Handshake complete!
[15Jun2025 21:47:29.378] [Server thread/INFO] [net.minecraft.server.players.PlayerList/]: lucas_ull0a[/100.79.246.48:53262] logged in with entity id 424926 at (-70.5, 96.0, -281.5)
[15Jun2025 21:47:29.378] [Server thread/DEBUG] [net.minecraftforge.network.filters.NetworkFilters/]: Injected net.minecraftforge.network.filters.ForgeConnectionNetworkFilter@48caa8e2 into net.minecraft.network.Connection@59f95af9
[15Jun2025 21:47:29.384] [Server thread/INFO] [net.minecraft.server.MinecraftServer/]: lucas_ull0a joined the game
[15Jun2025 21:48:28.955] [Server thread/INFO] [net.minecraft.server.MinecraftServer/]: [DodiWo: Teleported lucas_ull0a to DodiWo]
[15Jun2025 21:49:22.488] [Server thread/DEBUG] [cpw.mods.inventorysorter.InventorySorter/]: Got action ONEITEMIN slot 9
[15Jun2025 21:49:22.496] [Server thread/DEBUG] [cpw.mods.inventorysorter.InventorySorter/]: Slot mapping {[]=InventoryMapping{i=[], c=net.minecraft.world.inventory.InventoryMenu@1519befa, b=36, e=44}, []=InventoryMapping{i=[], c=net.minecraft.world.inventory.InventoryMenu@1519befa, b=9, e=35}, []=InventoryMapping{i=[], c=net.minecraft.world.inventory.InventoryMenu@1519befa, b=45, e=45}, net.minecraft.world.inventory.ResultContainer@3430475e=InventoryMapping{i=net.minecraft.world.inventory.ResultContainer@3430475e, c=net.minecraft.world.inventory.InventoryMenu@1519befa, b=0, e=0}, net.minecraft.world.inventory.TransientCraftingContainer@3a73f15c=InventoryMapping{i=net.minecraft.world.inventory.TransientCraftingContainer@3a73f15c, c=net.minecraft.world.inventory.InventoryMenu@1519befa, b=1, e=4}}
[15Jun2025 21:49:22.496] [Server thread/DEBUG] [cpw.mods.inventorysorter.InventorySorter/]: Action slot InventoryMapping{i=[], c=net.minecraft.world.inventory.InventoryMenu@1519befa, b=9, e=35}
[15Jun2025 21:49:34.086] [Server thread/INFO] [net.minecraft.server.MinecraftServer/]: lucas_ull0a was slain by DodiWo
[15Jun2025 21:49:39.929] [Server thread/INFO] [net.minecraft.server.MinecraftServer/]: lucas_ull0a was slain by amaroxplay
[15Jun2025 21:49:52.845] [Server thread/INFO] [net.minecraft.server.MinecraftServer/]: lucas_ull0a has completed the challenge [Cover Me with Sculk]
[15Jun2025 21:50:36.753] [Server thread/INFO] [net.minecraft.world.entity.npc.Villager/]: Villager Villager['Villager'/426692, l='ServerLevel[world]', x=1753.25, y=-256.00, z=818.78] died, message: 'Villager was killed'
[15Jun2025 21:50:38.066] [Server thread/INFO] [net.minecraft.server.MinecraftServer/]: lucas_ull0a has made the advancement [Acquire Hardware]
[15Jun2025 21:50:41.866] [Server thread/DEBUG] [net.minecraftforge.common.ForgeHooks/WP]: Gathering id map for writing to world save world
[15Jun2025 21:50:41.872] [Server thread/DEBUG] [net.minecraftforge.common.ForgeHooks/WP]: ID Map collection complete world
[15Jun2025 21:50:47.562] [Server thread/INFO] [net.minecraft.server.MinecraftServer/]: lucas_ull0a has made the advancement [Suit Up]
[15Jun2025 21:51:05.637] [Server thread/INFO] [net.minecraft.server.MinecraftServer/]: lucas_ull0a has made the advancement [Isn't It Iron Pick]
[15Jun2025 21:52:21.018] [Server thread/WARN] [net.minecraft.server.MinecraftServer/]: Can't keep up! Is the server overloaded? Running 2028ms or 40 ticks behind
[15Jun2025 21:52:53.343] [Server thread/WARN] [net.minecraft.server.MinecraftServer/]: Can't keep up! Is the server overloaded? Running 2002ms or 40 ticks behind
[15Jun2025 21:53:01.158] [Server thread/INFO] [net.minecraft.server.MinecraftServer/]: lucas_ull0a has made the advancement [Monster Hunter]
[15Jun2025 21:54:15.759] [Server thread/WARN] [net.minecraft.server.MinecraftServer/]: Can't keep up! Is the server overloaded? Running 2018ms or 40 ticks behind
[15Jun2025 21:55:14.658] [Server thread/INFO] [net.minecraft.server.MinecraftServer/]: lucas_ull0a has made the advancement [Not Today, Thank You]
[15Jun2025 21:55:33.428] [Server thread/INFO] [net.minecraft.server.MinecraftServer/]: lucas_ull0a was shot by Skeleton
[15Jun2025 21:55:47.828] [Server thread/DEBUG] [net.minecraftforge.common.ForgeHooks/WP]: Gathering id map for writing to world save world
[15Jun2025 21:55:47.834] [Server thread/DEBUG] [net.minecraftforge.common.ForgeHooks/WP]: ID Map collection complete world
[15Jun2025 21:56:09.242] [Server thread/WARN] [net.minecraft.server.MinecraftServer/]: Can't keep up! Is the server overloaded? Running 2001ms or 40 ticks behind
[15Jun2025 21:56:26.718] [Server thread/WARN] [net.minecraft.server.MinecraftServer/]: Can't keep up! Is the server overloaded? Running 2477ms or 49 ticks behind
[15Jun2025 21:56:51.645] [Server thread/WARN] [net.minecraft.server.MinecraftServer/]: Can't keep up! Is the server overloaded? Running 2004ms or 40 ticks behind
[15Jun2025 21:57:08.718] [Server thread/WARN] [net.minecraft.server.MinecraftServer/]: Can't keep up! Is the server overloaded? Running 2077ms or 41 ticks behind
[15Jun2025 21:57:16.627] [Server thread/INFO] [net.minecraft.server.MinecraftServer/]: lucas_ull0a has made the advancement [Sweet Dreams]
[15Jun2025 21:57:26.919] [Server thread/WARN] [net.minecraft.server.MinecraftServer/]: Can't keep up! Is the server overloaded? Running 3229ms or 64 ticks behind
[15Jun2025 21:57:45.674] [Server thread/WARN] [net.minecraft.server.MinecraftServer/]: Can't keep up! Is the server overloaded? Running 3783ms or 75 ticks behind
[15Jun2025 21:57:49.577] [Server thread/INFO] [net.minecraft.world.entity.npc.Villager/]: Villager Villager['Villager'/446922, l='ServerLevel[world]', x=1752.88, y=-256.00, z=818.78] died, message: 'Villager was killed'
[15Jun2025 21:58:02.954] [Server thread/WARN] [net.minecraft.server.MinecraftServer/]: Can't keep up! Is the server overloaded? Running 2013ms or 40 ticks behind
[15Jun2025 21:58:23.009] [Server thread/WARN] [net.minecraft.server.MinecraftServer/]: Can't keep up! Is the server overloaded? Running 5068ms or 101 ticks behind
[15Jun2025 21:58:40.351] [Server thread/WARN] [net.minecraft.server.MinecraftServer/]: Can't keep up! Is the server overloaded? Running 2360ms or 47 ticks behind
[15Jun2025 21:58:57.560] [Server thread/WARN] [net.minecraft.server.MinecraftServer/]: Can't keep up! Is the server overloaded? Running 2219ms or 44 ticks behind
[15Jun2025 21:59:16.614] [Server thread/WARN] [net.minecraft.server.MinecraftServer/]: Can't keep up! Is the server overloaded? Running 4073ms or 81 ticks behind
[15Jun2025 21:59:35.040] [Server thread/WARN] [net.minecraft.server.MinecraftServer/]: Can't keep up! Is the server overloaded? Running 3449ms or 68 ticks behind
[15Jun2025 21:59:55.806] [Server thread/WARN] [net.minecraft.server.MinecraftServer/]: Can't keep up! Is the server overloaded? Running 5815ms or 116 ticks behind
[15Jun2025 22:00:14.502] [Server thread/WARN] [net.minecraft.server.MinecraftServer/]: Can't keep up! Is the server overloaded? Running 3711ms or 74 ticks behind
[15Jun2025 22:00:33.717] [Server thread/WARN] [net.minecraft.server.MinecraftServer/]: Can't keep up! Is the server overloaded? Running 4226ms or 84 ticks behind
[15Jun2025 22:00:51.752] [Server thread/WARN] [net.minecraft.server.MinecraftServer/]: Can't keep up! Is the server overloaded? Running 3061ms or 61 ticks behind
[15Jun2025 22:01:11.255] [Server thread/WARN] [net.minecraft.server.MinecraftServer/]: Can't keep up! Is the server overloaded? Running 4514ms or 90 ticks behind
[15Jun2025 22:01:28.973] [Server thread/WARN] [net.minecraft.server.MinecraftServer/]: Can't keep up! Is the server overloaded? Running 2732ms or 54 ticks behind
[15Jun2025 22:01:46.836] [Server thread/WARN] [net.minecraft.server.MinecraftServer/]: Can't keep up! Is the server overloaded? Running 2895ms or 57 ticks behind
[15Jun2025 22:01:50.362] [Server thread/DEBUG] [net.minecraftforge.common.ForgeHooks/WP]: Gathering id map for writing to world save world
[15Jun2025 22:01:50.368] [Server thread/DEBUG] [net.minecraftforge.common.ForgeHooks/WP]: ID Map collection complete world
[15Jun2025 22:01:54.802] [Server thread/INFO] [net.minecraft.server.MinecraftServer/]: lucas_ull0a has made the advancement [Crops of the Wild]
[15Jun2025 22:02:06.709] [Server thread/WARN] [net.minecraft.server.MinecraftServer/]: Can't keep up! Is the server overloaded? Running 4918ms or 98 ticks behind
[15Jun2025 22:02:26.547] [Server thread/WARN] [net.minecraft.server.MinecraftServer/]: Can't keep up! Is the server overloaded? Running 4856ms or 97 ticks behind
[15Jun2025 22:02:46.320] [Server thread/WARN] [net.minecraft.server.MinecraftServer/]: Can't keep up! Is the server overloaded? Running 4779ms or 95 ticks behind
[15Jun2025 22:03:16.143] [Server thread/WARN] [net.minecraft.server.MinecraftServer/]: Can't keep up! Is the server overloaded? Running 2002ms or 40 ticks behind
[15Jun2025 22:04:06.142] [Server thread/WARN] [net.minecraft.server.MinecraftServer/]: Can't keep up! Is the server overloaded? Running 2001ms or 40 ticks behind
[15Jun2025 22:04:28.862] [Server thread/WARN] [net.minecraft.server.MinecraftServer/]: Can't keep up! Is the server overloaded? Running 7721ms or 154 ticks behind
[15Jun2025 22:04:46.425] [Server thread/WARN] [net.minecraft.server.MinecraftServer/]: Can't keep up! Is the server overloaded? Running 2584ms or 51 ticks behind
[15Jun2025 22:05:04.745] [Server thread/WARN] [net.minecraft.server.MinecraftServer/]: Can't keep up! Is the server overloaded? Running 3355ms or 67 ticks behind
[15Jun2025 22:05:22.601] [Server thread/WARN] [net.minecraft.server.MinecraftServer/]: Can't keep up! Is the server overloaded? Running 2860ms or 57 ticks behind
[15Jun2025 22:05:41.200] [Server thread/WARN] [net.minecraft.server.MinecraftServer/]: Can't keep up! Is the server overloaded? Running 3609ms or 72 ticks behind
[15Jun2025 22:05:59.934] [Server thread/WARN] [net.minecraft.server.MinecraftServer/]: Can't keep up! Is the server overloaded? Running 3743ms or 74 ticks behind
[15Jun2025 22:06:18.746] [Server thread/WARN] [net.minecraft.server.MinecraftServer/]: Can't keep up! Is the server overloaded? Running 3855ms or 77 ticks behind
[15Jun2025 22:06:37.758] [Server thread/WARN] [net.minecraft.server.MinecraftServer/]: Can't keep up! Is the server overloaded? Running 4017ms or 80 ticks behind
[15Jun2025 22:06:56.657] [Server thread/WARN] [net.minecraft.server.MinecraftServer/]: Can't keep up! Is the server overloaded? Running 3916ms or 78 ticks behind
[15Jun2025 22:07:15.223] [Server thread/WARN] [net.minecraft.server.MinecraftServer/]: Can't keep up! Is the server overloaded? Running 3582ms or 71 ticks behind
[15Jun2025 22:07:33.722] [Server thread/WARN] [net.minecraft.server.MinecraftServer/]: Can't keep up! Is the server overloaded? Running 3531ms or 70 ticks behind
[15Jun2025 22:07:53.892] [Server thread/WARN] [net.minecraft.server.MinecraftServer/]: Can't keep up! Is the server overloaded? Running 5201ms or 104 ticks behind
[15Jun2025 22:07:57.255] [Server thread/DEBUG] [net.minecraftforge.common.ForgeHooks/WP]: Gathering id map for writing to world save world
[15Jun2025 22:07:57.262] [Server thread/DEBUG] [net.minecraftforge.common.ForgeHooks/WP]: ID Map collection complete world
[15Jun2025 22:08:15.679] [Server thread/WARN] [net.minecraft.server.MinecraftServer/]: Can't keep up! Is the server overloaded? Running 6788ms or 135 ticks behind
[15Jun2025 22:08:34.718] [Server thread/WARN] [net.minecraft.server.MinecraftServer/]: Can't keep up! Is the server overloaded? Running 4077ms or 81 ticks behind
[15Jun2025 22:08:54.172] [Server thread/WARN] [net.minecraft.server.MinecraftServer/]: Can't keep up! Is the server overloaded? Running 4481ms or 89 ticks behind
[15Jun2025 22:09:13.706] [Server thread/WARN] [net.minecraft.server.MinecraftServer/]: Can't keep up! Is the server overloaded? Running 4565ms or 91 ticks behind
[15Jun2025 22:09:32.443] [Server thread/WARN] [net.minecraft.server.MinecraftServer/]: Can't keep up! Is the server overloaded? Running 3752ms or 75 ticks behind
[15Jun2025 22:09:50.887] [Server thread/WARN] [net.minecraft.server.MinecraftServer/]: Can't keep up! Is the server overloaded? Running 3446ms or 68 ticks behind
[15Jun2025 22:10:08.971] [Server thread/WARN] [net.minecraft.server.MinecraftServer/]: Can't keep up! Is the server overloaded? Running 3131ms or 62 ticks behind
[15Jun2025 22:10:26.679] [Server thread/WARN] [net.minecraft.server.MinecraftServer/]: Can't keep up! Is the server overloaded? Running 2739ms or 54 ticks behind
[15Jun2025 22:10:45.235] [Server thread/WARN] [net.minecraft.server.MinecraftServer/]: Can't keep up! Is the server overloaded? Running 3594ms or 71 ticks behind
[15Jun2025 22:11:04.388] [Server thread/WARN] [net.minecraft.server.MinecraftServer/]: Can't keep up! Is the server overloaded? Running 4197ms or 83 ticks behind
[15Jun2025 22:11:24.499] [Server thread/WARN] [net.minecraft.server.MinecraftServer/]: Can't keep up! Is the server overloaded? Running 5159ms or 103 ticks behind
[15Jun2025 22:11:43.323] [Server thread/WARN] [net.minecraft.server.MinecraftServer/]: Can't keep up! Is the server overloaded? Running 3833ms or 76 ticks behind
[15Jun2025 22:12:01.309] [Server thread/WARN] [net.minecraft.server.MinecraftServer/]: Can't keep up! Is the server overloaded? Running 3018ms or 60 ticks behind
[15Jun2025 22:12:18.726] [Server thread/WARN] [net.minecraft.server.MinecraftServer/]: Can't keep up! Is the server overloaded? Running 2435ms or 48 ticks behind
[15Jun2025 22:12:37.460] [Server thread/WARN] [net.minecraft.server.MinecraftServer/]: Can't keep up! Is the server overloaded? Running 3769ms or 75 ticks behind
[15Jun2025 22:12:56.892] [Server thread/WARN] [net.minecraft.server.MinecraftServer/]: Can't keep up! Is the server overloaded? Running 4451ms or 89 ticks behind
[15Jun2025 22:13:14.281] [Server thread/WARN] [net.minecraft.server.MinecraftServer/]: Can't keep up! Is the server overloaded? Running 2390ms or 47 ticks behind
[15Jun2025 22:13:31.460] [Server thread/WARN] [net.minecraft.server.MinecraftServer/]: Can't keep up! Is the server overloaded? Running 2019ms or 40 ticks behind
[15Jun2025 22:13:48.597] [Server thread/WARN] [net.minecraft.server.MinecraftServer/]: Can't keep up! Is the server overloaded? Running 2006ms or 40 ticks behind
[15Jun2025 22:14:06.069] [Server thread/WARN] [net.minecraft.server.MinecraftServer/]: Can't keep up! Is the server overloaded? Running 2479ms or 49 ticks behind
[15Jun2025 22:14:07.471] [Server thread/DEBUG] [net.minecraftforge.common.ForgeHooks/WP]: Gathering id map for writing to world save world
[15Jun2025 22:14:07.476] [Server thread/DEBUG] [net.minecraftforge.common.ForgeHooks/WP]: ID Map collection complete world
[15Jun2025 22:14:24.855] [Server thread/WARN] [net.minecraft.server.MinecraftServer/]: Can't keep up! Is the server overloaded? Running 3814ms or 76 ticks behind
[15Jun2025 22:14:44.841] [Server thread/WARN] [net.minecraft.server.MinecraftServer/]: Can't keep up! Is the server overloaded? Running 5000ms or 100 ticks behind
[15Jun2025 22:15:05.462] [Server thread/WARN] [net.minecraft.server.MinecraftServer/]: Can't keep up! Is the server overloaded? Running 5622ms or 112 ticks behind
[15Jun2025 22:15:23.373] [Server thread/WARN] [net.minecraft.server.MinecraftServer/]: Can't keep up! Is the server overloaded? Running 2932ms or 58 ticks behind
[15Jun2025 22:15:41.709] [Server thread/WARN] [net.minecraft.server.MinecraftServer/]: Can't keep up! Is the server overloaded? Running 3368ms or 67 ticks behind
[15Jun2025 22:16:01.115] [Server thread/WARN] [net.minecraft.server.MinecraftServer/]: Can't keep up! Is the server overloaded? Running 4424ms or 88 ticks behind
[15Jun2025 22:16:20.312] [Server thread/WARN] [net.minecraft.server.MinecraftServer/]: Can't keep up! Is the server overloaded? Running 4221ms or 84 ticks behind
[15Jun2025 22:16:39.507] [Server thread/WARN] [net.minecraft.server.MinecraftServer/]: Can't keep up! Is the server overloaded? Running 4216ms or 84 ticks behind
[15Jun2025 22:16:58.311] [Server thread/WARN] [net.minecraft.server.MinecraftServer/]: Can't keep up! Is the server overloaded? Running 3820ms or 76 ticks behind
[15Jun2025 22:17:16.738] [Server thread/WARN] [net.minecraft.server.MinecraftServer/]: Can't keep up! Is the server overloaded? Running 3447ms or 68 ticks behind
[15Jun2025 22:17:35.105] [Server thread/WARN] [net.minecraft.server.MinecraftServer/]: Can't keep up! Is the server overloaded? Running 3414ms or 68 ticks behind
[15Jun2025 22:17:53.002] [Server thread/WARN] [net.minecraft.server.MinecraftServer/]: Can't keep up! Is the server overloaded? Running 2912ms or 58 ticks behind
[15Jun2025 22:18:03.507] [Server thread/INFO] [net.minecraft.server.network.ServerGamePacketListenerImpl/]: lucas_ull0a lost connection: Disconnected
[15Jun2025 22:18:03.507] [Server thread/INFO] [net.minecraft.server.MinecraftServer/]: lucas_ull0a left the game
